path	category	subcategory	duration_s	sample_rate	split
musan/music/fma/music-fma-0001.wav	music	fma	218.0441	16000	train
musan/music/fma/music-fma-0002.wav	music	fma	249.5478	16000	train
musan/music/fma/music-fma-0005.wav	music	fma	302.4979	16000	train
musan/music/fma/music-fma-0006.wav	music	fma	284.6560	16000	train
musan/music/fma/music-fma-0007.wav	music	fma	283.4020	16000	train
musan/music/fma/music-fma-0008.wav	music	fma	182.3080	16000	train
musan/music/fma/music-fma-0009.wav	music	fma	360.0710	16000	train
musan/music/fma/music-fma-0010.wav	music	fma	145.6849	16000	train
musan/music/fma/music-fma-0012.wav	music	fma	170.0310	16000	train
musan/music/fma/music-fma-0014.wav	music	fma	318.3021	16000	train
musan/music/fma/music-fma-0015.wav	music	fma	304.1176	16000	train
musan/music/fma/music-fma-0016.wav	music	fma	308.7935	16000	train
musan/music/fma/music-fma-0018.wav	music	fma	224.5747	16000	train
musan/music/fma/music-fma-0019.wav	music	fma	238.3935	16000	train
musan/music/fma/music-fma-0021.wav	music	fma	252.3680	16000	train
musan/music/fma/music-fma-0022.wav	music	fma	207.6730	16000	train
musan/music/fma/music-fma-0023.wav	music	fma	227.8660	16000	train
musan/music/fma/music-fma-0024.wav	music	fma	238.3410	16000	train
musan/music/fma/music-fma-0026.wav	music	fma	330.5013	16000	train
musan/music/fma/music-fma-0030.wav	music	fma	176.0392	16000	train
musan/music/fma/music-fma-0032.wav	music	fma	159.2947	16000	train
musan/music/fma/music-fma-0033.wav	music	fma	148.8457	16000	train
musan/music/fma/music-fma-0034.wav	music	fma	302.3930	16000	train
musan/music/fma/music-fma-0036.wav	music	fma	284.3680	16000	train
musan/music/fma/music-fma-0037.wav	music	fma	293.9030	16000	train
musan/music/fma/music-fma-0038.wav	music	fma	327.2880	16000	train
musan/music/fma/music-fma-0039.wav	music	fma	268.9040	16000	train
musan/music/fma/music-fma-0040.wav	music	fma	100.0480	16000	train
musan/music/fma/music-fma-0041.wav	music	fma	164.2050	16000	train
musan/music/fma/music-fma-0042.wav	music	fma	286.9551	16000	train
musan/music/fma/music-fma-0043.wav	music	fma	232.0718	16000	train
musan/music/fma/music-fma-0044.wav	music	fma	248.7379	16000	train
musan/music/fma/music-fma-0045.wav	music	fma	207.1771	16000	train
musan/music/fma/music-fma-0046.wav	music	fma	252.1861	16000	train
musan/music/fma/music-fma-0047.wav	music	fma	166.8702	16000	train
musan/music/fma/music-fma-0048.wav	music	fma	180.5580	16000	train
musan/music/fma/music-fma-0049.wav	music	fma	232.4890	16000	train
musan/music/fma/music-fma-0050.wav	music	fma	187.3502	16000	train
musan/music/fma/music-fma-0051.wav	music	fma	256.1567	16000	train
musan/music/fma/music-fma-0052.wav	music	fma	139.4150	16000	train
musan/music/fma/music-fma-0055.wav	music	fma	266.7620	16000	train
musan/music/fma/music-fma-0056.wav	music	fma	338.5730	16000	train
musan/music/fma/music-fma-0058.wav	music	fma	153.3910	16000	train
musan/music/fma/music-fma-0059.wav	music	fma	152.9208	16000	train
musan/music/fma/music-fma-0060.wav	music	fma	133.4335	16000	train
musan/music/fma/music-fma-0061.wav	music	fma	155.5592	16000	train
musan/music/fma/music-fma-0062.wav	music	fma	161.2800	16000	train
musan/music/fma/music-fma-0063.wav	music	fma	241.6060	16000	train
musan/music/fma/music-fma-0065.wav	music	fma	235.5720	16000	train
musan/music/fma/music-fma-0066.wav	music	fma	164.4400	16000	train
musan/music/fma/music-fma-0067.wav	music	fma	277.0020	16000	train
musan/music/fma/music-fma-0068.wav	music	fma	251.1670	16000	train
musan/music/fma/music-fma-0070.wav	music	fma	236.0163	16000	train
musan/music/fma/music-fma-0072.wav	music	fma	130.6906	16000	train
musan/music/fma/music-fma-0073.wav	music	fma	229.2240	16000	train
musan/music/fma/music-fma-0074.wav	music	fma	346.9061	16000	train
musan/music/fma/music-fma-0076.wav	music	fma	235.9379	16000	train
musan/music/fma/music-fma-0078.wav	music	fma	299.3894	16000	train
musan/music/fma/music-fma-0079.wav	music	fma	222.5110	16000	train
musan/music/fma/music-fma-0080.wav	music	fma	216.0326	16000	train
musan/music/fma/music-fma-0081.wav	music	fma	282.0440	16000	train
musan/music/fma/music-fma-0082.wav	music	fma	74.0830	16000	train
musan/music/fma/music-fma-0084.wav	music	fma	260.0480	16000	train
musan/music/fma/music-fma-0085.wav	music	fma	78.5760	16000	train
musan/music/fma/music-fma-0087.wav	music	fma	160.4170	16000	train
musan/music/fma/music-fma-0088.wav	music	fma	167.8106	16000	train
musan/music/fma/music-fma-0090.wav	music	fma	229.6947	16000	train
musan/music/fma/music-fma-0092.wav	music	fma	257.3845	16000	train
musan/music/fma/music-fma-0093.wav	music	fma	218.4098	16000	train
musan/music/fma/music-fma-0095.wav	music	fma	202.1094	16000	train
musan/music/fma/music-fma-0096.wav	music	fma	204.2253	16000	train
musan/music/fma/music-fma-0097.wav	music	fma	242.2850	16000	train
musan/music/fma/music-fma-0098.wav	music	fma	201.5860	16000	train
musan/music/fma/music-fma-0100.wav	music	fma	48.0650	16000	train
musan/music/fma/music-fma-0101.wav	music	fma	262.5045	16000	train
musan/music/fma/music-fma-0102.wav	music	fma	212.0098	16000	train
musan/music/fma/music-fma-0103.wav	music	fma	160.9926	16000	train
musan/music/fma/music-fma-0104.wav	music	fma	198.0343	16000	train
musan/music/fma/music-fma-0105.wav	music	fma	203.7812	16000	train
musan/music/fma/music-fma-0106.wav	music	fma	199.3404	16000	train
musan/music/fma/music-fma-0107.wav	music	fma	185.6523	16000	train
musan/music/fma/music-fma-0108.wav	music	fma	176.5094	16000	train
musan/music/fma/music-fma-0109.wav	music	fma	232.8294	16000	train
musan/music/fma/music-fma-0111.wav	music	fma	238.6024	16000	train
musan/music/fma/music-fma-0112.wav	music	fma	229.6686	16000	train
musan/music/fma/music-fma-0117.wav	music	fma	121.8874	16000	train
musan/music/fma/music-fma-0118.wav	music	fma	170.1350	16000	train
musan/music/fma/music-fma-0119.wav	music	fma	702.5370	16000	train
musan/music/fma/music-fma-0121.wav	music	fma	655.1240	16000	train
musan/music/fma/music-fma-0123.wav	music	fma	521.9260	16000	train
musan/music/jamendo/music-jamendo-0001.wav	music	jamendo	307.1730	16000	train
musan/music/jamendo/music-jamendo-0003.wav	music	jamendo	165.1720	16000	train
musan/music/jamendo/music-jamendo-0005.wav	music	jamendo	294.6080	16000	train
musan/music/jamendo/music-jamendo-0006.wav	music	jamendo	422.3730	16000	train
musan/music/jamendo/music-jamendo-0007.wav	music	jamendo	371.6960	16000	train
musan/music/jamendo/music-jamendo-0008.wav	music	jamendo	409.5730	16000	train
musan/music/jamendo/music-jamendo-0009.wav	music	jamendo	178.4940	16000	train
musan/music/jamendo/music-jamendo-0010.wav	music	jamendo	176.7960	16000	train
musan/music/jamendo/music-jamendo-0011.wav	music	jamendo	191.6080	16000	train
musan/music/jamendo/music-jamendo-0013.wav	music	jamendo	204.6950	16000	train
musan/music/jamendo/music-jamendo-0015.wav	music	jamendo	174.6540	16000	train
musan/music/jamendo/music-jamendo-0017.wav	music	jamendo	168.9070	16000	train
musan/music/jamendo/music-jamendo-0018.wav	music	jamendo	339.5910	16000	train
musan/music/jamendo/music-jamendo-0019.wav	music	jamendo	460.1730	16000	train
musan/music/jamendo/music-jamendo-0021.wav	music	jamendo	248.5020	16000	train
musan/music/jamendo/music-jamendo-0022.wav	music	jamendo	350.0930	16000	train
musan/music/jamendo/music-jamendo-0024.wav	music	jamendo	48.0390	16000	train
musan/music/jamendo/music-jamendo-0025.wav	music	jamendo	230.7390	16000	train
musan/music/jamendo/music-jamendo-0026.wav	music	jamendo	204.6950	16000	train
musan/music/jamendo/music-jamendo-0030.wav	music	jamendo	150.6480	16000	train
musan/music/jamendo/music-jamendo-0031.wav	music	jamendo	286.7980	16000	train
musan/music/jamendo/music-jamendo-0032.wav	music	jamendo	191.2940	16000	train
musan/music/jamendo/music-jamendo-0033.wav	music	jamendo	248.0060	16000	train
musan/music/jamendo/music-jamendo-0034.wav	music	jamendo	264.6720	16000	train
musan/music/jamendo/music-jamendo-0036.wav	music	jamendo	228.8320	16000	train
musan/music/jamendo/music-jamendo-0037.wav	music	jamendo	206.0010	16000	train
musan/music/jamendo/music-jamendo-0038.wav	music	jamendo	173.8440	16000	train
musan/music/jamendo/music-jamendo-0042.wav	music	jamendo	306.5460	16000	train
musan/music/jamendo/music-jamendo-0043.wav	music	jamendo	304.6920	16000	train
musan/music/jamendo/music-jamendo-0044.wav	music	jamendo	238.0270	16000	train
musan/music/jamendo/music-jamendo-0046.wav	music	jamendo	288.8090	16000	train
musan/music/jamendo/music-jamendo-0047.wav	music	jamendo	284.4730	16000	train
musan/music/jamendo/music-jamendo-0048.wav	music	jamendo	312.9200	16000	train
musan/music/jamendo/music-jamendo-0049.wav	music	jamendo	312.9200	16000	train
musan/music/jamendo/music-jamendo-0051.wav	music	jamendo	256.0260	16000	train
musan/music/jamendo/music-jamendo-0052.wav	music	jamendo	227.6040	16000	train
musan/music/jamendo/music-jamendo-0053.wav	music	jamendo	270.2620	16000	train
musan/music/jamendo/music-jamendo-0054.wav	music	jamendo	341.3680	16000	train
musan/music/jamendo/music-jamendo-0055.wav	music	jamendo	312.9200	16000	train
musan/music/jamendo/music-jamendo-0056.wav	music	jamendo	411.0880	16000	train
musan/music/jamendo/music-jamendo-0057.wav	music	jamendo	239.4120	16000	train
musan/music/jamendo/music-jamendo-0058.wav	music	jamendo	200.6460	16000	train
musan/music/jamendo/music-jamendo-0059.wav	music	jamendo	236.6430	16000	train
musan/music/jamendo/music-jamendo-0060.wav	music	jamendo	367.9600	16000	train
musan/music/jamendo/music-jamendo-0062.wav	music	jamendo	147.9830	16000	train
musan/music/jamendo/music-jamendo-0063.wav	music	jamendo	81.8670	16000	train
musan/music/jamendo/music-jamendo-0065.wav	music	jamendo	217.6520	16000	train
musan/music/jamendo/music-jamendo-0066.wav	music	jamendo	209.2930	16000	train
musan/music/jamendo/music-jamendo-0069.wav	music	jamendo	274.2330	16000	train
musan/music/jamendo/music-jamendo-0070.wav	music	jamendo	318.6930	16000	train
musan/music/jamendo/music-jamendo-0071.wav	music	jamendo	213.3150	16000	train
musan/music/jamendo/music-jamendo-0072.wav	music	jamendo	256.5480	16000	train
musan/music/jamendo/music-jamendo-0073.wav	music	jamendo	195.1600	16000	train
musan/music/jamendo/music-jamendo-0074.wav	music	jamendo	204.0420	16000	train
musan/music/jamendo/music-jamendo-0077.wav	music	jamendo	231.4440	16000	train
musan/music/jamendo/music-jamendo-0079.wav	music	jamendo	181.4200	16000	train
musan/music/jamendo/music-jamendo-0080.wav	music	jamendo	209.6320	16000	train
musan/music/jamendo/music-jamendo-0081.wav	music	jamendo	218.8010	16000	train
musan/music/jamendo/music-jamendo-0083.wav	music	jamendo	209.5280	16000	train
musan/music/jamendo/music-jamendo-0084.wav	music	jamendo	115.2520	16000	train
musan/music/jamendo/music-jamendo-0085.wav	music	jamendo	184.2150	16000	train
musan/music/jamendo/music-jamendo-0086.wav	music	jamendo	87.5880	16000	train
musan/music/jamendo/music-jamendo-0088.wav	music	jamendo	200.0190	16000	train
musan/music/jamendo/music-jamendo-0089.wav	music	jamendo	260.0480	16000	train
musan/music/jamendo/music-jamendo-0090.wav	music	jamendo	309.8900	16000	train
musan/music/jamendo/music-jamendo-0091.wav	music	jamendo	334.1840	16000	train
musan/music/jamendo/music-jamendo-0093.wav	music	jamendo	300.0420	16000	train
musan/music/jamendo/music-jamendo-0094.wav	music	jamendo	300.0420	16000	train
musan/music/jamendo/music-jamendo-0096.wav	music	jamendo	222.3280	16000	train
musan/music/jamendo/music-jamendo-0099.wav	music	jamendo	114.0760	16000	train
musan/music/jamendo/music-jamendo-0100.wav	music	jamendo	259.8660	16000	train
musan/music/jamendo/music-jamendo-0101.wav	music	jamendo	64.8350	16000	train
musan/music/jamendo/music-jamendo-0102.wav	music	jamendo	214.0990	16000	train
musan/music/jamendo/music-jamendo-0103.wav	music	jamendo	169.2730	16000	train
musan/music/jamendo/music-jamendo-0104.wav	music	jamendo	191.8950	16000	train
musan/music/jamendo/music-jamendo-0105.wav	music	jamendo	122.3830	16000	train
musan/music/jamendo/music-jamendo-0106.wav	music	jamendo	230.5820	16000	train
musan/music/jamendo/music-jamendo-0107.wav	music	jamendo	364.8780	16000	train
musan/music/jamendo/music-jamendo-0109.wav	music	jamendo	363.0230	16000	train
musan/music/jamendo/music-jamendo-0110.wav	music	jamendo	309.3940	16000	train
musan/music/jamendo/music-jamendo-0112.wav	music	jamendo	140.8780	16000	train
musan/music/jamendo/music-jamendo-0113.wav	music	jamendo	252.2120	16000	train
musan/music/jamendo/music-jamendo-0114.wav	music	jamendo	173.5310	16000	train
musan/music/jamendo/music-jamendo-0115.wav	music	jamendo	213.4720	16000	train
musan/music/jamendo/music-jamendo-0117.wav	music	jamendo	267.9110	16000	train
musan/music/jamendo/music-jamendo-0118.wav	music	jamendo	126.2490	16000	train
musan/music/jamendo/music-jamendo-0120.wav	music	jamendo	284.7080	16000	train
musan/music/jamendo/music-jamendo-0121.wav	music	jamendo	295.4180	16000	train
musan/music/jamendo/music-jamendo-0122.wav	music	jamendo	219.9770	16000	train
musan/music/jamendo/music-jamendo-0123.wav	music	jamendo	208.0130	16000	train
musan/music/jamendo/music-jamendo-0124.wav	music	jamendo	220.6040	16000	train
musan/music/jamendo/music-jamendo-0127.wav	music	jamendo	204.9820	16000	train
musan/music/jamendo/music-jamendo-0131.wav	music	jamendo	208.0650	16000	train
musan/music/jamendo/music-jamendo-0132.wav	music	jamendo	132.0480	16000	train
musan/music/jamendo/music-jamendo-0133.wav	music	jamendo	244.0880	16000	train
musan/music/jamendo/music-jamendo-0134.wav	music	jamendo	317.9620	16000	train
musan/music/jamendo/music-jamendo-0136.wav	music	jamendo	229.9820	16000	train
musan/music/jamendo/music-jamendo-0139.wav	music	jamendo	232.4630	16000	train
musan/music/jamendo/music-jamendo-0140.wav	music	jamendo	243.4610	16000	train
musan/music/jamendo/music-jamendo-0142.wav	music	jamendo	170.5010	16000	train
musan/music/jamendo/music-jamendo-0143.wav	music	jamendo	248.3980	16000	train
musan/music/jamendo/music-jamendo-0144.wav	music	jamendo	174.1320	16000	train
musan/music/jamendo/music-jamendo-0146.wav	music	jamendo	168.6720	16000	train
musan/music/jamendo/music-jamendo-0147.wav	music	jamendo	74.5790	16000	train
musan/music/jamendo/music-jamendo-0148.wav	music	jamendo	124.0290	16000	train
musan/music/jamendo/music-jamendo-0149.wav	music	jamendo	80.9790	16000	train
musan/music/jamendo/music-jamendo-0150.wav	music	jamendo	202.0310	16000	train
musan/music/jamendo/music-jamendo-0151.wav	music	jamendo	41.0120	16000	train
musan/music/jamendo/music-jamendo-0154.wav	music	jamendo	232.0710	16000	train
musan/music/jamendo/music-jamendo-0156.wav	music	jamendo	364.8780	16000	train
musan/music/jamendo/music-jamendo-0157.wav	music	jamendo	275.5390	16000	train
musan/music/jamendo/music-jamendo-0158.wav	music	jamendo	293.7200	16000	train
musan/music/jamendo/music-jamendo-0159.wav	music	jamendo	316.6300	16000	train
musan/music/jamendo/music-jamendo-0161.wav	music	jamendo	215.0660	16000	train
musan/music/jamendo/music-jamendo-0162.wav	music	jamendo	228.8320	16000	train
musan/music/jamendo/music-jamendo-0165.wav	music	jamendo	222.7460	16000	train
musan/music/jamendo/music-jamendo-0166.wav	music	jamendo	249.6520	16000	train
musan/music/jamendo/music-jamendo-0167.wav	music	jamendo	267.4930	16000	train
musan/music/jamendo/music-jamendo-0168.wav	music	jamendo	244.4530	16000	train
musan/music/jamendo/music-jamendo-0169.wav	music	jamendo	266.9450	16000	train
musan/music/jamendo/music-jamendo-0171.wav	music	jamendo	231.7840	16000	train
musan/music/jamendo/music-jamendo-0172.wav	music	jamendo	258.2200	16000	train
musan/music/jamendo/music-jamendo-0173.wav	music	jamendo	224.5220	16000	train
musan/music/jamendo/music-jamendo-0175.wav	music	jamendo	256.4960	16000	train
musan/music/jamendo/music-jamendo-0177.wav	music	jamendo	206.3670	16000	train
musan/music/jamendo/music-jamendo-0178.wav	music	jamendo	202.9970	16000	train
musan/music/jamendo/music-jamendo-0179.wav	music	jamendo	240.0650	16000	train
musan/music/jamendo/music-jamendo-0181.wav	music	jamendo	251.8720	16000	train
musan/music/jamendo/music-jamendo-0182.wav	music	jamendo	271.1240	16000	train
musan/music/jamendo/music-jamendo-0183.wav	music	jamendo	249.7820	16000	train
musan/music/jamendo/music-jamendo-0186.wav	music	jamendo	255.9730	16000	train
musan/music/jamendo/music-jamendo-0187.wav	music	jamendo	341.5510	16000	train
musan/music/jamendo/music-jamendo-0188.wav	music	jamendo	319.7120	16000	train
musan/music/jamendo/music-jamendo-0189.wav	music	jamendo	347.8460	16000	train
musan/music/jamendo/music-jamendo-0190.wav	music	jamendo	320.0000	16000	train
musan/music/jamendo/music-jamendo-0191.wav	music	jamendo	155.1930	16000	train
musan/music/jamendo/music-jamendo-0192.wav	music	jamendo	633.9910	16000	train
musan/music/jamendo/music-jamendo-0194.wav	music	jamendo	240.1690	16000	train
musan/music/jamendo/music-jamendo-0195.wav	music	jamendo	183.9020	16000	train
musan/music/jamendo/music-jamendo-0196.wav	music	jamendo	240.1170	16000	train
musan/music/jamendo/music-jamendo-0198.wav	music	jamendo	225.3580	16000	train
musan/music/jamendo/music-jamendo-0199.wav	music	jamendo	188.0550	16000	train
musan/music/jamendo/music-jamendo-0200.wav	music	jamendo	208.4040	16000	train
musan/music/jamendo/music-jamendo-0201.wav	music	jamendo	273.1100	16000	train
musan/music/jamendo/music-jamendo-0204.wav	music	jamendo	315.9510	16000	train
musan/music/jamendo/music-jamendo-0206.wav	music	jamendo	148.0620	16000	train
musan/music/jamendo/music-jamendo-0211.wav	music	jamendo	302.0270	16000	train
musan/music/jamendo/music-jamendo-0213.wav	music	jamendo	201.6390	16000	train
musan/music/jamendo/music-jamendo-0214.wav	music	jamendo	185.8080	16000	train
musan/music/jamendo/music-jamendo-0215.wav	music	jamendo	121.0510	16000	train
musan/music/jamendo/music-jamendo-0216.wav	music	jamendo	145.2930	16000	train
musan/music/rfm/music-rfm-0000.wav	music	rfm	171.9840	16000	train
musan/music/rfm/music-rfm-0003.wav	music	rfm	46.3151	16000	train
musan/music/rfm/music-rfm-0004.wav	music	rfm	216.8160	16000	train
musan/music/rfm/music-rfm-0005.wav	music	rfm	255.2686	16000	train
musan/music/rfm/music-rfm-0006.wav	music	rfm	228.3886	16000	train
musan/music/rfm/music-rfm-0007.wav	music	rfm	106.1355	16000	train
musan/music/rfm/music-rfm-0008.wav	music	rfm	169.0906	16000	train
musan/music/rfm/music-rfm-0009.wav	music	rfm	161.5200	16000	train
musan/music/rfm/music-rfm-0010.wav	music	rfm	52.3200	16000	train
musan/music/rfm/music-rfm-0011.wav	music	rfm	156.0555	16000	train
musan/music/rfm/music-rfm-0012.wav	music	rfm	230.9224	16000	train
musan/music/rfm/music-rfm-0015.wav	music	rfm	204.0424	16000	train
musan/music/rfm/music-rfm-0016.wav	music	rfm	218.2269	16000	train
musan/music/rfm/music-rfm-0019.wav	music	rfm	231.2359	16000	train
musan/music/rfm/music-rfm-0021.wav	music	rfm	288.2840	16000	train
musan/music/rfm/music-rfm-0022.wav	music	rfm	76.5910	16000	train
musan/music/rfm/music-rfm-0023.wav	music	rfm	136.5943	16000	train
musan/music/rfm/music-rfm-0024.wav	music	rfm	218.3576	16000	train
musan/music/rfm/music-rfm-0026.wav	music	rfm	194.1682	16000	train
musan/music/rfm/music-rfm-0027.wav	music	rfm	222.3282	16000	train
musan/music/rfm/music-rfm-0028.wav	music	rfm	214.8049	16000	train
musan/music/rfm/music-rfm-0029.wav	music	rfm	220.3951	16000	train
musan/music/rfm/music-rfm-0030.wav	music	rfm	200.0718	16000	train
musan/music/rfm/music-rfm-0031.wav	music	rfm	146.8082	16000	train
musan/music/rfm/music-rfm-0032.wav	music	rfm	221.2833	16000	train
musan/music/rfm/music-rfm-0034.wav	music	rfm	177.4320	16000	train
musan/music/rfm/music-rfm-0035.wav	music	rfm	120.0326	16000	train
musan/music/rfm/music-rfm-0037.wav	music	rfm	234.8931	16000	train
musan/music/rfm/music-rfm-0039.wav	music	rfm	170.9453	16000	train
musan/music/rfm/music-rfm-0040.wav	music	rfm	166.0343	16000	train
musan/music/rfm/music-rfm-0041.wav	music	rfm	187.1935	16000	train
musan/music/rfm/music-rfm-0042.wav	music	rfm	245.5249	16000	train
musan/music/rfm/music-rfm-0043.wav	music	rfm	145.4498	16000	train
musan/music/rfm/music-rfm-0044.wav	music	rfm	210.0506	16000	train
musan/music/rfm/music-rfm-0045.wav	music	rfm	181.8123	16000	train
musan/music/rfm/music-rfm-0046.wav	music	rfm	225.3845	16000	train
musan/music/rfm/music-rfm-0048.wav	music	rfm	139.4400	16000	train
musan/music/rfm/music-rfm-0049.wav	music	rfm	268.2776	16000	train
musan/music/rfm/music-rfm-0050.wav	music	rfm	212.8979	16000	train
musan/music/rfm/music-rfm-0051.wav	music	rfm	205.7404	16000	train
musan/music/rfm/music-rfm-0052.wav	music	rfm	142.4400	16000	train
musan/music/rfm/music-rfm-0053.wav	music	rfm	301.9755	16000	train
musan/music/rfm/music-rfm-0055.wav	music	rfm	175.9347	16000	train
musan/music/rfm/music-rfm-0057.wav	music	rfm	190.0408	16000	train
musan/music/rfm/music-rfm-0058.wav	music	rfm	120.5290	16000	train
musan/music/rfm/music-rfm-0059.wav	music	rfm	283.4547	16000	train
musan/music/rfm/music-rfm-0060.wav	music	rfm	142.3200	16000	train
musan/music/rfm/music-rfm-0063.wav	music	rfm	55.0400	16000	train
musan/music/rfm/music-rfm-0064.wav	music	rfm	193.8000	16000	train
musan/music/rfm/music-rfm-0065.wav	music	rfm	118.3869	16000	train
musan/music/rfm/music-rfm-0066.wav	music	rfm	62.6416	16000	train
musan/music/rfm/music-rfm-0068.wav	music	rfm	241.8939	16000	train
musan/music/rfm/music-rfm-0071.wav	music	rfm	200.6987	16000	train
musan/music/rfm/music-rfm-0072.wav	music	rfm	218.9845	16000	train
musan/music/rfm/music-rfm-0073.wav	music	rfm	379.8204	16000	train
musan/music/rfm/music-rfm-0074.wav	music	rfm	165.1984	16000	train
musan/music/rfm/music-rfm-0075.wav	music	rfm	254.6939	16000	train
musan/music/rfm/music-rfm-0077.wav	music	rfm	166.0604	16000	train
musan/music/rfm/music-rfm-0079.wav	music	rfm	53.3682	16000	train
musan/music/rfm/music-rfm-0081.wav	music	rfm	410.5404	16000	train
musan/music/rfm/music-rfm-0082.wav	music	rfm	237.3747	16000	train
musan/music/rfm/music-rfm-0086.wav	music	rfm	167.2080	16000	train
musan/music/rfm/music-rfm-0087.wav	music	rfm	145.7632	16000	train
musan/music/rfm/music-rfm-0088.wav	music	rfm	169.0800	16000	train
musan/music/rfm/music-rfm-0091.wav	music	rfm	161.7241	16000	train
musan/music/rfm/music-rfm-0092.wav	music	rfm	159.0857	16000	train
musan/music/rfm/music-rfm-0093.wav	music	rfm	161.5935	16000	train
musan/music/rfm/music-rfm-0094.wav	music	rfm	161.5412	16000	train
musan/music/rfm/music-rfm-0096.wav	music	rfm	65.0449	16000	train
musan/music/rfm/music-rfm-0097.wav	music	rfm	155.6114	16000	train
musan/music/rfm/music-rfm-0098.wav	music	rfm	235.9118	16000	train
musan/music/rfm/music-rfm-0099.wav	music	rfm	115.5918	16000	train
musan/music/rfm/music-rfm-0100.wav	music	rfm	255.6343	16000	train
musan/music/rfm/music-rfm-0102.wav	music	rfm	200.8555	16000	train
musan/music/rfm/music-rfm-0105.wav	music	rfm	219.4547	16000	train
musan/music/rfm/music-rfm-0107.wav	music	rfm	203.8596	16000	train
musan/music/rfm/music-rfm-0109.wav	music	rfm	146.9387	16000	train
musan/music/rfm/music-rfm-0110.wav	music	rfm	99.3437	16000	train
musan/music/rfm/music-rfm-0111.wav	music	rfm	139.4416	16000	train
musan/music/rfm/music-rfm-0112.wav	music	rfm	130.7429	16000	train
musan/music/rfm/music-rfm-0113.wav	music	rfm	204.6955	16000	train
musan/music/rfm/music-rfm-0114.wav	music	rfm	177.6326	16000	train
musan/music/rfm/music-rfm-0115.wav	music	rfm	411.9249	16000	train
musan/music/rfm/music-rfm-0116.wav	music	rfm	222.6416	16000	train
musan/music/rfm/music-rfm-0118.wav	music	rfm	157.5706	16000	train
musan/music/rfm/music-rfm-0120.wav	music	rfm	228.7543	16000	train
musan/music/rfm/music-rfm-0121.wav	music	rfm	166.4784	16000	train
musan/music/rfm/music-rfm-0122.wav	music	rfm	101.0939	16000	train
musan/music/rfm/music-rfm-0123.wav	music	rfm	654.0277	16000	train
musan/music/rfm/music-rfm-0124.wav	music	rfm	208.0914	16000	train
musan/music/rfm/music-rfm-0125.wav	music	rfm	344.4767	16000	train
musan/music/rfm/music-rfm-0126.wav	music	rfm	134.3477	16000	train
musan/music/rfm/music-rfm-0127.wav	music	rfm	200.0457	16000	train
musan/music/rfm/music-rfm-0132.wav	music	rfm	172.5387	16000	train
musan/music/rfm/music-rfm-0133.wav	music	rfm	284.5518	16000	train
musan/music/rfm/music-rfm-0134.wav	music	rfm	987.0367	16000	train
musan/music/rfm/music-rfm-0135.wav	music	rfm	260.1796	16000	train
musan/music/rfm/music-rfm-0136.wav	music	rfm	187.1674	16000	train
musan/music/rfm/music-rfm-0137.wav	music	rfm	316.8392	16000	train
musan/music/rfm/music-rfm-0139.wav	music	rfm	51.8880	16000	train
musan/music/rfm/music-rfm-0141.wav	music	rfm	213.3600	16000	train
musan/music/rfm/music-rfm-0143.wav	music	rfm	282.6960	16000	train
musan/music/rfm/music-rfm-0145.wav	music	rfm	142.0277	16000	train
musan/noise/free-sound/noise-free-sound-0002.wav	noise	free-sound	71.2175	16000	train
musan/noise/free-sound/noise-free-sound-0003.wav	noise	free-sound	14.2358	16000	train
musan/noise/free-sound/noise-free-sound-0004.wav	noise	free-sound	2.9865	16000	train
musan/noise/free-sound/noise-free-sound-0007.wav	noise	free-sound	16.6139	16000	train
musan/noise/free-sound/noise-free-sound-0008.wav	noise	free-sound	20.8051	16000	train
musan/noise/free-sound/noise-free-sound-0009.wav	noise	free-sound	8.3867	16000	train
musan/noise/free-sound/noise-free-sound-0010.wav	noise	free-sound	8.2416	16000	train
musan/noise/free-sound/noise-free-sound-0011.wav	noise	free-sound	34.8502	16000	train
musan/noise/free-sound/noise-free-sound-0012.wav	noise	free-sound	32.1562	16000	train
musan/noise/free-sound/noise-free-sound-0013.wav	noise	free-sound	1.5445	16000	train
musan/noise/free-sound/noise-free-sound-0014.wav	noise	free-sound	3.4159	16000	train
musan/noise/free-sound/noise-free-sound-0015.wav	noise	free-sound	91.2449	16000	train
musan/noise/free-sound/noise-free-sound-0016.wav	noise	free-sound	4.0000	16000	train
musan/noise/free-sound/noise-free-sound-0017.wav	noise	free-sound	7.8773	16000	train
musan/noise/free-sound/noise-free-sound-0018.wav	noise	free-sound	14.5763	16000	train
musan/noise/free-sound/noise-free-sound-0021.wav	noise	free-sound	18.0453	16000	train
musan/noise/free-sound/noise-free-sound-0022.wav	noise	free-sound	24.8320	16000	train
musan/noise/free-sound/noise-free-sound-0023.wav	noise	free-sound	11.2400	16000	train
musan/noise/free-sound/noise-free-sound-0024.wav	noise	free-sound	19.7791	16000	train
musan/noise/free-sound/noise-free-sound-0026.wav	noise	free-sound	3.7973	16000	train
musan/noise/free-sound/noise-free-sound-0028.wav	noise	free-sound	19.6179	16000	train
musan/noise/free-sound/noise-free-sound-0030.wav	noise	free-sound	73.0122	16000	train
musan/noise/free-sound/noise-free-sound-0032.wav	noise	free-sound	61.4200	16000	train
musan/noise/free-sound/noise-free-sound-0033.wav	noise	free-sound	5.5263	16000	train
musan/noise/free-sound/noise-free-sound-0034.wav	noise	free-sound	20.6890	16000	train
musan/noise/free-sound/noise-free-sound-0035.wav	noise	free-sound	31.9333	16000	train
musan/noise/free-sound/noise-free-sound-0036.wav	noise	free-sound	4.5700	16000	train
musan/noise/free-sound/noise-free-sound-0037.wav	noise	free-sound	0.9400	16000	train
musan/noise/free-sound/noise-free-sound-0038.wav	noise	free-sound	0.9133	16000	train
musan/noise/free-sound/noise-free-sound-0040.wav	noise	free-sound	16.7300	16000	train
musan/noise/free-sound/noise-free-sound-0042.wav	noise	free-sound	319.5559	16000	train
musan/noise/free-sound/noise-free-sound-0043.wav	noise	free-sound	1.5325	16000	train
musan/noise/free-sound/noise-free-sound-0044.wav	noise	free-sound	4.5976	16000	train
musan/noise/free-sound/noise-free-sound-0046.wav	noise	free-sound	4.6208	16000	train
musan/noise/free-sound/noise-free-sound-0048.wav	noise	free-sound	494.6599	16000	train
musan/noise/free-sound/noise-free-sound-0049.wav	noise	free-sound	3.4667	16000	train
musan/noise/free-sound/noise-free-sound-0050.wav	noise	free-sound	4.1331	16000	train
musan/noise/free-sound/noise-free-sound-0052.wav	noise	free-sound	5.6642	16000	train
musan/noise/free-sound/noise-free-sound-0054.wav	noise	free-sound	10.0534	16000	train
musan/noise/free-sound/noise-free-sound-0055.wav	noise	free-sound	40.0977	16000	train
musan/noise/free-sound/noise-free-sound-0056.wav	noise	free-sound	9.7427	16000	train
musan/noise/free-sound/noise-free-sound-0057.wav	noise	free-sound	8.1304	16000	train
musan/noise/free-sound/noise-free-sound-0058.wav	noise	free-sound	2.0000	16000	train
musan/noise/free-sound/noise-free-sound-0059.wav	noise	free-sound	30.4428	16000	train
musan/noise/free-sound/noise-free-sound-0060.wav	noise	free-sound	1.0449	16000	train
musan/noise/free-sound/noise-free-sound-0061.wav	noise	free-sound	11.0498	16000	train
musan/noise/free-sound/noise-free-sound-0062.wav	noise	free-sound	6.0667	16000	train
musan/noise/free-sound/noise-free-sound-0064.wav	noise	free-sound	100.1333	16000	train
musan/noise/free-sound/noise-free-sound-0066.wav	noise	free-sound	60.9437	16000	train
musan/noise/free-sound/noise-free-sound-0067.wav	noise	free-sound	39.8890	16000	train
musan/noise/free-sound/noise-free-sound-0068.wav	noise	free-sound	20.0750	16000	train
musan/noise/free-sound/noise-free-sound-0069.wav	noise	free-sound	2.5714	16000	train
musan/noise/free-sound/noise-free-sound-0072.wav	noise	free-sound	26.6226	16000	train
musan/noise/free-sound/noise-free-sound-0073.wav	noise	free-sound	124.5686	16000	train
musan/noise/free-sound/noise-free-sound-0075.wav	noise	free-sound	20.3113	16000	train
musan/noise/free-sound/noise-free-sound-0076.wav	noise	free-sound	80.0000	16000	train
musan/noise/free-sound/noise-free-sound-0077.wav	noise	free-sound	11.7233	16000	train
musan/noise/free-sound/noise-free-sound-0078.wav	noise	free-sound	10.3706	16000	train
musan/noise/free-sound/noise-free-sound-0080.wav	noise	free-sound	30.3746	16000	train
musan/noise/free-sound/noise-free-sound-0081.wav	noise	free-sound	21.5824	16000	train
musan/noise/free-sound/noise-free-sound-0084.wav	noise	free-sound	19.4194	16000	train
musan/noise/free-sound/noise-free-sound-0087.wav	noise	free-sound	2.8000	16000	train
musan/noise/free-sound/noise-free-sound-0088.wav	noise	free-sound	44.8667	16000	train
musan/noise/free-sound/noise-free-sound-0089.wav	noise	free-sound	13.8710	16000	train
musan/noise/free-sound/noise-free-sound-0090.wav	noise	free-sound	5.8442	16000	train
musan/noise/free-sound/noise-free-sound-0091.wav	noise	free-sound	5.0621	16000	train
musan/noise/free-sound/noise-free-sound-0092.wav	noise	free-sound	15.0796	16000	train
musan/noise/free-sound/noise-free-sound-0093.wav	noise	free-sound	5.3174	16000	train
musan/noise/free-sound/noise-free-sound-0094.wav	noise	free-sound	5.5898	16000	train
musan/noise/free-sound/noise-free-sound-0096.wav	noise	free-sound	7.7842	16000	train
musan/noise/free-sound/noise-free-sound-0097.wav	noise	free-sound	2.7369	16000	train
musan/noise/free-sound/noise-free-sound-0098.wav	noise	free-sound	2.7660	16000	train
musan/noise/free-sound/noise-free-sound-0099.wav	noise	free-sound	7.4947	16000	train
musan/noise/free-sound/noise-free-sound-0100.wav	noise	free-sound	7.3231	16000	train
musan/noise/free-sound/noise-free-sound-0101.wav	noise	free-sound	112.9013	16000	train
musan/noise/free-sound/noise-free-sound-0102.wav	noise	free-sound	143.6213	16000	train
musan/noise/free-sound/noise-free-sound-0103.wav	noise	free-sound	5.2382	16000	train
musan/noise/free-sound/noise-free-sound-0104.wav	noise	free-sound	15.8880	16000	train
musan/noise/free-sound/noise-free-sound-0105.wav	noise	free-sound	306.4163	16000	train
musan/noise/free-sound/noise-free-sound-0106.wav	noise	free-sound	153.9520	16000	train
musan/noise/free-sound/noise-free-sound-0107.wav	noise	free-sound	11.7660	16000	train
musan/noise/free-sound/noise-free-sound-0108.wav	noise	free-sound	19.3963	16000	train
musan/noise/free-sound/noise-free-sound-0110.wav	noise	free-sound	40.8932	16000	train
musan/noise/free-sound/noise-free-sound-0112.wav	noise	free-sound	1.0144	16000	train
musan/noise/free-sound/noise-free-sound-0113.wav	noise	free-sound	5.8462	16000	train
musan/noise/free-sound/noise-free-sound-0114.wav	noise	free-sound	99.9298	16000	train
musan/noise/free-sound/noise-free-sound-0115.wav	noise	free-sound	2.5771	16000	train
musan/noise/free-sound/noise-free-sound-0116.wav	noise	free-sound	8.8208	16000	train
musan/noise/free-sound/noise-free-sound-0119.wav	noise	free-sound	70.7280	16000	train
musan/noise/free-sound/noise-free-sound-0120.wav	noise	free-sound	18.4344	16000	train
musan/noise/free-sound/noise-free-sound-0121.wav	noise	free-sound	44.0000	16000	train
musan/noise/free-sound/noise-free-sound-0122.wav	noise	free-sound	8.0000	16000	train
musan/noise/free-sound/noise-free-sound-0123.wav	noise	free-sound	7.5000	16000	train
musan/noise/free-sound/noise-free-sound-0125.wav	noise	free-sound	1.1250	16000	train
musan/noise/free-sound/noise-free-sound-0126.wav	noise	free-sound	19.7823	16000	train
musan/noise/free-sound/noise-free-sound-0128.wav	noise	free-sound	4.0560	16000	train
musan/noise/free-sound/noise-free-sound-0131.wav	noise	free-sound	55.5974	16000	train
musan/noise/free-sound/noise-free-sound-0132.wav	noise	free-sound	0.7158	16000	train
musan/noise/free-sound/noise-free-sound-0133.wav	noise	free-sound	0.5209	16000	train
musan/noise/free-sound/noise-free-sound-0134.wav	noise	free-sound	2.5134	16000	train
musan/noise/free-sound/noise-free-sound-0135.wav	noise	free-sound	3.0046	16000	train
musan/noise/free-sound/noise-free-sound-0137.wav	noise	free-sound	113.2500	16000	train
musan/noise/free-sound/noise-free-sound-0139.wav	noise	free-sound	15.5147	16000	train
musan/noise/free-sound/noise-free-sound-0140.wav	noise	free-sound	24.7748	16000	train
musan/noise/free-sound/noise-free-sound-0142.wav	noise	free-sound	38.9997	16000	train
musan/noise/free-sound/noise-free-sound-0143.wav	noise	free-sound	13.0431	16000	train
musan/noise/free-sound/noise-free-sound-0144.wav	noise	free-sound	25.5478	16000	train
musan/noise/free-sound/noise-free-sound-0145.wav	noise	free-sound	2.9122	16000	train
musan/noise/free-sound/noise-free-sound-0146.wav	noise	free-sound	2.0775	16000	train
musan/noise/free-sound/noise-free-sound-0147.wav	noise	free-sound	8.6333	16000	train
musan/noise/free-sound/noise-free-sound-0148.wav	noise	free-sound	2.2149	16000	train
musan/noise/free-sound/noise-free-sound-0149.wav	noise	free-sound	1.7618	16000	train
musan/noise/free-sound/noise-free-sound-0152.wav	noise	free-sound	97.1560	16000	train
musan/noise/free-sound/noise-free-sound-0153.wav	noise	free-sound	72.1493	16000	train
musan/noise/free-sound/noise-free-sound-0155.wav	noise	free-sound	72.6613	16000	train
musan/noise/free-sound/noise-free-sound-0157.wav	noise	free-sound	3.0933	16000	train
musan/noise/free-sound/noise-free-sound-0158.wav	noise	free-sound	64.8840	16000	train
musan/noise/free-sound/noise-free-sound-0159.wav	noise	free-sound	5.2160	16000	train
musan/noise/free-sound/noise-free-sound-0160.wav	noise	free-sound	34.3254	16000	train
musan/noise/free-sound/noise-free-sound-0161.wav	noise	free-sound	76.4760	16000	train
musan/noise/free-sound/noise-free-sound-0163.wav	noise	free-sound	0.3627	16000	train
musan/noise/free-sound/noise-free-sound-0164.wav	noise	free-sound	24.9600	16000	train
musan/noise/free-sound/noise-free-sound-0165.wav	noise	free-sound	33.8374	16000	train
musan/noise/free-sound/noise-free-sound-0166.wav	noise	free-sound	0.7680	16000	train
musan/noise/free-sound/noise-free-sound-0167.wav	noise	free-sound	2.0054	16000	train
musan/noise/free-sound/noise-free-sound-0168.wav	noise	free-sound	1.3440	16000	train
musan/noise/free-sound/noise-free-sound-0170.wav	noise	free-sound	5.2907	16000	train
musan/noise/free-sound/noise-free-sound-0172.wav	noise	free-sound	49.5543	16000	train
musan/noise/free-sound/noise-free-sound-0174.wav	noise	free-sound	9.1091	16000	train
musan/noise/free-sound/noise-free-sound-0175.wav	noise	free-sound	4.7188	16000	train
musan/noise/free-sound/noise-free-sound-0176.wav	noise	free-sound	2.9843	16000	train
musan/noise/free-sound/noise-free-sound-0177.wav	noise	free-sound	106.7379	16000	train
musan/noise/free-sound/noise-free-sound-0179.wav	noise	free-sound	2.8130	16000	train
musan/noise/free-sound/noise-free-sound-0181.wav	noise	free-sound	4.7964	16000	train
musan/noise/free-sound/noise-free-sound-0182.wav	noise	free-sound	2.2523	16000	train
musan/noise/free-sound/noise-free-sound-0183.wav	noise	free-sound	8.0914	16000	train
musan/noise/free-sound/noise-free-sound-0184.wav	noise	free-sound	32.4074	16000	train
musan/noise/free-sound/noise-free-sound-0185.wav	noise	free-sound	2.6693	16000	train
musan/noise/free-sound/noise-free-sound-0187.wav	noise	free-sound	6.4231	16000	train
musan/noise/free-sound/noise-free-sound-0188.wav	noise	free-sound	9.5512	16000	train
musan/noise/free-sound/noise-free-sound-0189.wav	noise	free-sound	6.8402	16000	train
musan/noise/free-sound/noise-free-sound-0190.wav	noise	free-sound	6.1311	16000	train
musan/noise/free-sound/noise-free-sound-0191.wav	noise	free-sound	3.9623	16000	train
musan/noise/free-sound/noise-free-sound-0192.wav	noise	free-sound	6.6733	16000	train
musan/noise/free-sound/noise-free-sound-0193.wav	noise	free-sound	4.0040	16000	train
musan/noise/free-sound/noise-free-sound-0195.wav	noise	free-sound	4.2959	16000	train
musan/noise/free-sound/noise-free-sound-0197.wav	noise	free-sound	10.5939	16000	train
musan/noise/free-sound/noise-free-sound-0198.wav	noise	free-sound	9.1341	16000	train
musan/noise/free-sound/noise-free-sound-0200.wav	noise	free-sound	8.7587	16000	train
musan/noise/free-sound/noise-free-sound-0202.wav	noise	free-sound	10.5522	16000	train
musan/noise/free-sound/noise-free-sound-0205.wav	noise	free-sound	14.3894	16000	train
musan/noise/free-sound/noise-free-sound-0206.wav	noise	free-sound	2.3357	16000	train
musan/noise/free-sound/noise-free-sound-0207.wav	noise	free-sound	7.0904	16000	train
musan/noise/free-sound/noise-free-sound-0208.wav	noise	free-sound	6.4648	16000	train
musan/noise/free-sound/noise-free-sound-0209.wav	noise	free-sound	9.6763	16000	train
musan/noise/free-sound/noise-free-sound-0210.wav	noise	free-sound	5.6723	16000	train
musan/noise/free-sound/noise-free-sound-0212.wav	noise	free-sound	9.5512	16000	train
musan/noise/free-sound/noise-free-sound-0213.wav	noise	free-sound	5.7141	16000	train
musan/noise/free-sound/noise-free-sound-0214.wav	noise	free-sound	8.2583	16000	train
musan/noise/free-sound/noise-free-sound-0217.wav	noise	free-sound	4.8382	16000	train
musan/noise/free-sound/noise-free-sound-0220.wav	noise	free-sound	8.4668	16000	train
musan/noise/free-sound/noise-free-sound-0221.wav	noise	free-sound	10.9276	16000	train
musan/noise/free-sound/noise-free-sound-0222.wav	noise	free-sound	1.2096	16000	train
musan/noise/free-sound/noise-free-sound-0226.wav	noise	free-sound	26.1973	16000	train
musan/noise/free-sound/noise-free-sound-0227.wav	noise	free-sound	31.1654	16000	train
musan/noise/free-sound/noise-free-sound-0228.wav	noise	free-sound	16.6487	16000	train
musan/noise/free-sound/noise-free-sound-0231.wav	noise	free-sound	22.3307	16000	train
musan/noise/free-sound/noise-free-sound-0232.wav	noise	free-sound	44.2891	16000	train
musan/noise/free-sound/noise-free-sound-0233.wav	noise	free-sound	44.3495	16000	train
musan/noise/free-sound/noise-free-sound-0234.wav	noise	free-sound	75.0172	16000	train
musan/noise/free-sound/noise-free-sound-0235.wav	noise	free-sound	200.7829	16000	train
musan/noise/free-sound/noise-free-sound-0237.wav	noise	free-sound	5.3029	16000	train
musan/noise/free-sound/noise-free-sound-0238.wav	noise	free-sound	13.9440	16000	train
musan/noise/free-sound/noise-free-sound-0239.wav	noise	free-sound	37.5052	16000	train
musan/noise/free-sound/noise-free-sound-0241.wav	noise	free-sound	52.6185	16000	train
musan/noise/free-sound/noise-free-sound-0242.wav	noise	free-sound	23.0038	16000	train
musan/noise/free-sound/noise-free-sound-0243.wav	noise	free-sound	90.0006	16000	train
musan/noise/free-sound/noise-free-sound-0245.wav	noise	free-sound	29.5629	16000	train
musan/noise/free-sound/noise-free-sound-0246.wav	noise	free-sound	24.7247	16000	train
musan/noise/free-sound/noise-free-sound-0247.wav	noise	free-sound	77.7346	16000	train
musan/noise/free-sound/noise-free-sound-0248.wav	noise	free-sound	60.3028	16000	train
musan/noise/free-sound/noise-free-sound-0251.wav	noise	free-sound	31.9739	16000	train
musan/noise/free-sound/noise-free-sound-0252.wav	noise	free-sound	20.9502	16000	train
musan/noise/free-sound/noise-free-sound-0254.wav	noise	free-sound	64.1421	16000	train
musan/noise/free-sound/noise-free-sound-0256.wav	noise	free-sound	37.5069	16000	train
musan/noise/free-sound/noise-free-sound-0257.wav	noise	free-sound	5.0000	16000	train
musan/noise/free-sound/noise-free-sound-0259.wav	noise	free-sound	14.7069	16000	train
musan/noise/free-sound/noise-free-sound-0261.wav	noise	free-sound	88.0000	16000	train
musan/noise/free-sound/noise-free-sound-0263.wav	noise	free-sound	0.9043	16000	train
musan/noise/free-sound/noise-free-sound-0264.wav	noise	free-sound	29.6314	16000	train
musan/noise/free-sound/noise-free-sound-0267.wav	noise	free-sound	36.1389	16000	train
musan/noise/free-sound/noise-free-sound-0268.wav	noise	free-sound	22.7109	16000	train
musan/noise/free-sound/noise-free-sound-0269.wav	noise	free-sound	49.1251	16000	train
musan/noise/free-sound/noise-free-sound-0270.wav	noise	free-sound	398.0611	16000	train
musan/noise/free-sound/noise-free-sound-0271.wav	noise	free-sound	29.6983	16000	train
musan/noise/free-sound/noise-free-sound-0272.wav	noise	free-sound	41.0581	16000	train
musan/noise/free-sound/noise-free-sound-0273.wav	noise	free-sound	10.6433	16000	train
musan/noise/free-sound/noise-free-sound-0274.wav	noise	free-sound	3.9678	16000	train
musan/noise/free-sound/noise-free-sound-0275.wav	noise	free-sound	12.0960	16000	train
musan/noise/free-sound/noise-free-sound-0276.wav	noise	free-sound	2.8715	16000	train
musan/noise/free-sound/noise-free-sound-0277.wav	noise	free-sound	5.7051	16000	train
musan/noise/free-sound/noise-free-sound-0280.wav	noise	free-sound	62.1033	16000	train
musan/noise/free-sound/noise-free-sound-0282.wav	noise	free-sound	37.7268	16000	train
musan/noise/free-sound/noise-free-sound-0285.wav	noise	free-sound	4.0925	16000	train
musan/noise/free-sound/noise-free-sound-0286.wav	noise	free-sound	9.5603	16000	train
musan/noise/free-sound/noise-free-sound-0287.wav	noise	free-sound	60.6563	16000	train
musan/noise/free-sound/noise-free-sound-0288.wav	noise	free-sound	59.6880	16000	train
musan/noise/free-sound/noise-free-sound-0289.wav	noise	free-sound	22.2822	16000	train
musan/noise/free-sound/noise-free-sound-0291.wav	noise	free-sound	9.0906	16000	train
musan/noise/free-sound/noise-free-sound-0294.wav	noise	free-sound	6.5875	16000	train
musan/noise/free-sound/noise-free-sound-0295.wav	noise	free-sound	6.8963	16000	train
musan/noise/free-sound/noise-free-sound-0296.wav	noise	free-sound	1.8617	16000	train
musan/noise/free-sound/noise-free-sound-0297.wav	noise	free-sound	1.7990	16000	train
musan/noise/free-sound/noise-free-sound-0298.wav	noise	free-sound	32.0000	16000	train
musan/noise/free-sound/noise-free-sound-0299.wav	noise	free-sound	0.2126	16000	train
musan/noise/free-sound/noise-free-sound-0300.wav	noise	free-sound	6.1126	16000	train
musan/noise/free-sound/noise-free-sound-0301.wav	noise	free-sound	180.9496	16000	train
musan/noise/free-sound/noise-free-sound-0303.wav	noise	free-sound	8.1955	16000	train
musan/noise/free-sound/noise-free-sound-0304.wav	noise	free-sound	62.0408	16000	train
musan/noise/free-sound/noise-free-sound-0306.wav	noise	free-sound	24.5000	16000	train
musan/noise/free-sound/noise-free-sound-0309.wav	noise	free-sound	3.3729	16000	train
musan/noise/free-sound/noise-free-sound-0310.wav	noise	free-sound	22.0358	16000	train
musan/noise/free-sound/noise-free-sound-0312.wav	noise	free-sound	1.5130	16000	train
musan/noise/free-sound/noise-free-sound-0313.wav	noise	free-sound	2.7875	16000	train
musan/noise/free-sound/noise-free-sound-0314.wav	noise	free-sound	0.6109	16000	train
musan/noise/free-sound/noise-free-sound-0315.wav	noise	free-sound	2.7838	16000	train
musan/noise/free-sound/noise-free-sound-0318.wav	noise	free-sound	0.4093	16000	train
musan/noise/free-sound/noise-free-sound-0319.wav	noise	free-sound	1.5151	16000	train
musan/noise/free-sound/noise-free-sound-0320.wav	noise	free-sound	6.7396	16000	train
musan/noise/free-sound/noise-free-sound-0322.wav	noise	free-sound	31.0335	16000	train
musan/noise/free-sound/noise-free-sound-0323.wav	noise	free-sound	10.7317	16000	train
musan/noise/free-sound/noise-free-sound-0325.wav	noise	free-sound	1.6457	16000	train
musan/noise/free-sound/noise-free-sound-0326.wav	noise	free-sound	16.0775	16000	train
musan/noise/free-sound/noise-free-sound-0328.wav	noise	free-sound	0.7182	16000	train
musan/noise/free-sound/noise-free-sound-0330.wav	noise	free-sound	8.4288	16000	train
musan/noise/free-sound/noise-free-sound-0331.wav	noise	free-sound	6.3750	16000	train
musan/noise/free-sound/noise-free-sound-0332.wav	noise	free-sound	3.6250	16000	train
musan/noise/free-sound/noise-free-sound-0333.wav	noise	free-sound	15.6735	16000	train
musan/noise/free-sound/noise-free-sound-0336.wav	noise	free-sound	48.0827	16000	train
musan/noise/free-sound/noise-free-sound-0337.wav	noise	free-sound	1.4255	16000	train
musan/noise/free-sound/noise-free-sound-0339.wav	noise	free-sound	20.3280	16000	train
musan/noise/free-sound/noise-free-sound-0340.wav	noise	free-sound	33.6720	16000	train
musan/noise/free-sound/noise-free-sound-0341.wav	noise	free-sound	23.0719	16000	train
musan/noise/free-sound/noise-free-sound-0342.wav	noise	free-sound	13.8060	16000	train
musan/noise/free-sound/noise-free-sound-0346.wav	noise	free-sound	18.5469	16000	train
musan/noise/free-sound/noise-free-sound-0347.wav	noise	free-sound	13.7802	16000	train
musan/noise/free-sound/noise-free-sound-0348.wav	noise	free-sound	50.1141	16000	train
musan/noise/free-sound/noise-free-sound-0349.wav	noise	free-sound	1.0000	16000	train
musan/noise/free-sound/noise-free-sound-0350.wav	noise	free-sound	9.0000	16000	train
musan/noise/free-sound/noise-free-sound-0351.wav	noise	free-sound	4.9680	16000	train
musan/noise/free-sound/noise-free-sound-0352.wav	noise	free-sound	10.0000	16000	train
musan/noise/free-sound/noise-free-sound-0354.wav	noise	free-sound	0.9999	16000	train
musan/noise/free-sound/noise-free-sound-0355.wav	noise	free-sound	14.6640	16000	train
musan/noise/free-sound/noise-free-sound-0356.wav	noise	free-sound	24.9600	16000	train
musan/noise/free-sound/noise-free-sound-0357.wav	noise	free-sound	8.1763	16000	train
musan/noise/free-sound/noise-free-sound-0359.wav	noise	free-sound	18.3078	16000	train
musan/noise/free-sound/noise-free-sound-0361.wav	noise	free-sound	7.7391	16000	train
musan/noise/free-sound/noise-free-sound-0362.wav	noise	free-sound	12.8750	16000	train
musan/noise/free-sound/noise-free-sound-0363.wav	noise	free-sound	4.7219	16000	train
musan/noise/free-sound/noise-free-sound-0364.wav	noise	free-sound	11.8401	16000	train
musan/noise/free-sound/noise-free-sound-0365.wav	noise	free-sound	10.0571	16000	train
musan/noise/free-sound/noise-free-sound-0366.wav	noise	free-sound	4.0490	16000	train
musan/noise/free-sound/noise-free-sound-0367.wav	noise	free-sound	1.0449	16000	train
musan/noise/free-sound/noise-free-sound-0368.wav	noise	free-sound	1.6457	16000	train
musan/noise/free-sound/noise-free-sound-0369.wav	noise	free-sound	4.0490	16000	train
musan/noise/free-sound/noise-free-sound-0370.wav	noise	free-sound	72.2547	16000	train
musan/noise/free-sound/noise-free-sound-0371.wav	noise	free-sound	21.2800	16000	train
musan/noise/free-sound/noise-free-sound-0373.wav	noise	free-sound	3.2346	16000	train
musan/noise/free-sound/noise-free-sound-0374.wav	noise	free-sound	0.7431	16000	train
musan/noise/free-sound/noise-free-sound-0375.wav	noise	free-sound	0.7500	16000	train
musan/noise/free-sound/noise-free-sound-0376.wav	noise	free-sound	5.0867	16000	train
musan/noise/free-sound/noise-free-sound-0378.wav	noise	free-sound	22.2824	16000	train
musan/noise/free-sound/noise-free-sound-0379.wav	noise	free-sound	6.9893	16000	train
musan/noise/free-sound/noise-free-sound-0380.wav	noise	free-sound	0.1440	16000	train
musan/noise/free-sound/noise-free-sound-0381.wav	noise	free-sound	44.2776	16000	train
musan/noise/free-sound/noise-free-sound-0382.wav	noise	free-sound	60.5520	16000	train
musan/noise/free-sound/noise-free-sound-0383.wav	noise	free-sound	32.9040	16000	train
musan/noise/free-sound/noise-free-sound-0384.wav	noise	free-sound	178.2114	16000	train
musan/noise/free-sound/noise-free-sound-0385.wav	noise	free-sound	8.4084	16000	train
musan/noise/free-sound/noise-free-sound-0386.wav	noise	free-sound	26.7351	16000	train
musan/noise/free-sound/noise-free-sound-0387.wav	noise	free-sound	5.9603	16000	train
musan/noise/free-sound/noise-free-sound-0390.wav	noise	free-sound	15.7635	16000	train
musan/noise/free-sound/noise-free-sound-0391.wav	noise	free-sound	23.3910	16000	train
musan/noise/free-sound/noise-free-sound-0395.wav	noise	free-sound	7.7322	16000	train
musan/noise/free-sound/noise-free-sound-0396.wav	noise	free-sound	9.7959	16000	train
musan/noise/free-sound/noise-free-sound-0397.wav	noise	free-sound	45.3280	16000	train
musan/noise/free-sound/noise-free-sound-0400.wav	noise	free-sound	14.8607	16000	train
musan/noise/free-sound/noise-free-sound-0401.wav	noise	free-sound	10.3516	16000	train
musan/noise/free-sound/noise-free-sound-0402.wav	noise	free-sound	29.6706	16000	train
musan/noise/free-sound/noise-free-sound-0404.wav	noise	free-sound	19.0404	16000	train
musan/noise/free-sound/noise-free-sound-0405.wav	noise	free-sound	2.3069	16000	train
musan/noise/free-sound/noise-free-sound-0406.wav	noise	free-sound	19.8315	16000	train
musan/noise/free-sound/noise-free-sound-0407.wav	noise	free-sound	2.9594	16000	train
musan/noise/free-sound/noise-free-sound-0408.wav	noise	free-sound	15.0000	16000	train
musan/noise/free-sound/noise-free-sound-0410.wav	noise	free-sound	1.1808	16000	train
musan/noise/free-sound/noise-free-sound-0411.wav	noise	free-sound	2.3626	16000	train
musan/noise/free-sound/noise-free-sound-0413.wav	noise	free-sound	21.9951	16000	train
musan/noise/free-sound/noise-free-sound-0416.wav	noise	free-sound	14.9701	16000	train
musan/noise/free-sound/noise-free-sound-0419.wav	noise	free-sound	11.9902	16000	train
musan/noise/free-sound/noise-free-sound-0420.wav	noise	free-sound	0.8214	16000	train
musan/noise/free-sound/noise-free-sound-0421.wav	noise	free-sound	3.3698	16000	train
musan/noise/free-sound/noise-free-sound-0422.wav	noise	free-sound	9.1627	16000	train
musan/noise/free-sound/noise-free-sound-0423.wav	noise	free-sound	12.2500	16000	train
musan/noise/free-sound/noise-free-sound-0426.wav	noise	free-sound	3.8923	16000	train
musan/noise/free-sound/noise-free-sound-0427.wav	noise	free-sound	21.9951	16000	train
musan/noise/free-sound/noise-free-sound-0428.wav	noise	free-sound	18.6224	16000	train
musan/noise/free-sound/noise-free-sound-0432.wav	noise	free-sound	22.2541	16000	train
musan/noise/free-sound/noise-free-sound-0433.wav	noise	free-sound	42.2371	16000	train
musan/noise/free-sound/noise-free-sound-0434.wav	noise	free-sound	21.5280	16000	train
musan/noise/free-sound/noise-free-sound-0437.wav	noise	free-sound	1.1900	16000	train
musan/noise/free-sound/noise-free-sound-0439.wav	noise	free-sound	30.7876	16000	train
musan/noise/free-sound/noise-free-sound-0442.wav	noise	free-sound	76.0722	16000	train
musan/noise/free-sound/noise-free-sound-0443.wav	noise	free-sound	42.2400	16000	train
musan/noise/free-sound/noise-free-sound-0445.wav	noise	free-sound	18.3902	16000	train
musan/noise/free-sound/noise-free-sound-0447.wav	noise	free-sound	28.5779	16000	train
musan/noise/free-sound/noise-free-sound-0448.wav	noise	free-sound	0.5740	16000	train
musan/noise/free-sound/noise-free-sound-0449.wav	noise	free-sound	4.7381	16000	train
musan/noise/free-sound/noise-free-sound-0451.wav	noise	free-sound	44.0400	16000	train
musan/noise/free-sound/noise-free-sound-0454.wav	noise	free-sound	41.8850	16000	train
musan/noise/free-sound/noise-free-sound-0455.wav	noise	free-sound	168.2695	16000	train
musan/noise/free-sound/noise-free-sound-0457.wav	noise	free-sound	44.3667	16000	train
musan/noise/free-sound/noise-free-sound-0458.wav	noise	free-sound	20.7056	16000	train
musan/noise/free-sound/noise-free-sound-0459.wav	noise	free-sound	40.3069	16000	train
musan/noise/free-sound/noise-free-sound-0461.wav	noise	free-sound	53.3407	16000	train
musan/noise/free-sound/noise-free-sound-0462.wav	noise	free-sound	18.7638	16000	train
musan/noise/free-sound/noise-free-sound-0463.wav	noise	free-sound	15.1106	16000	train
musan/noise/free-sound/noise-free-sound-0464.wav	noise	free-sound	8.0832	16000	train
musan/noise/free-sound/noise-free-sound-0468.wav	noise	free-sound	23.1238	16000	train
musan/noise/free-sound/noise-free-sound-0469.wav	noise	free-sound	10.7805	16000	train
musan/noise/free-sound/noise-free-sound-0470.wav	noise	free-sound	4.7574	16000	train
musan/noise/free-sound/noise-free-sound-0471.wav	noise	free-sound	7.9151	16000	train
musan/noise/free-sound/noise-free-sound-0473.wav	noise	free-sound	9.1167	16000	train
musan/noise/free-sound/noise-free-sound-0474.wav	noise	free-sound	35.9350	16000	train
musan/noise/free-sound/noise-free-sound-0479.wav	noise	free-sound	3.7156	16000	train
musan/noise/free-sound/noise-free-sound-0480.wav	noise	free-sound	35.2898	16000	train
musan/noise/free-sound/noise-free-sound-0482.wav	noise	free-sound	13.5314	16000	train
musan/noise/free-sound/noise-free-sound-0483.wav	noise	free-sound	22.5959	16000	train
musan/noise/free-sound/noise-free-sound-0485.wav	noise	free-sound	10.8931	16000	train
musan/noise/free-sound/noise-free-sound-0487.wav	noise	free-sound	1.9302	16000	train
musan/noise/free-sound/noise-free-sound-0489.wav	noise	free-sound	62.8613	16000	train
musan/noise/free-sound/noise-free-sound-0490.wav	noise	free-sound	12.9799	16000	train
musan/noise/free-sound/noise-free-sound-0491.wav	noise	free-sound	1.5441	16000	train
musan/noise/free-sound/noise-free-sound-0492.wav	noise	free-sound	20.0000	16000	train
musan/noise/free-sound/noise-free-sound-0493.wav	noise	free-sound	14.0277	16000	train
musan/noise/free-sound/noise-free-sound-0494.wav	noise	free-sound	56.0588	16000	train
musan/noise/free-sound/noise-free-sound-0495.wav	noise	free-sound	18.2067	16000	train
musan/noise/free-sound/noise-free-sound-0498.wav	noise	free-sound	5.0000	16000	train
musan/noise/free-sound/noise-free-sound-0500.wav	noise	free-sound	34.3749	16000	train
musan/noise/free-sound/noise-free-sound-0501.wav	noise	free-sound	12.0079	16000	train
musan/noise/free-sound/noise-free-sound-0502.wav	noise	free-sound	73.2000	16000	train
musan/noise/free-sound/noise-free-sound-0503.wav	noise	free-sound	5.0648	16000	train
musan/noise/free-sound/noise-free-sound-0504.wav	noise	free-sound	58.0034	16000	train
musan/noise/free-sound/noise-free-sound-0505.wav	noise	free-sound	9.3739	16000	train
musan/noise/free-sound/noise-free-sound-0507.wav	noise	free-sound	1.1199	16000	train
musan/noise/free-sound/noise-free-sound-0508.wav	noise	free-sound	7.3199	16000	train
musan/noise/free-sound/noise-free-sound-0509.wav	noise	free-sound	10.7973	16000	train
musan/noise/free-sound/noise-free-sound-0510.wav	noise	free-sound	19.8451	16000	train
musan/noise/free-sound/noise-free-sound-0511.wav	noise	free-sound	4.0000	16000	train
musan/noise/free-sound/noise-free-sound-0512.wav	noise	free-sound	3.7877	16000	train
musan/noise/free-sound/noise-free-sound-0513.wav	noise	free-sound	10.7886	16000	train
musan/noise/free-sound/noise-free-sound-0514.wav	noise	free-sound	5.3290	16000	train
musan/noise/free-sound/noise-free-sound-0515.wav	noise	free-sound	4.0751	16000	train
musan/noise/free-sound/noise-free-sound-0517.wav	noise	free-sound	9.9620	16000	train
musan/noise/free-sound/noise-free-sound-0518.wav	noise	free-sound	18.7821	16000	train
musan/noise/free-sound/noise-free-sound-0520.wav	noise	free-sound	12.5000	16000	train
musan/noise/free-sound/noise-free-sound-0521.wav	noise	free-sound	7.0008	16000	train
musan/noise/free-sound/noise-free-sound-0522.wav	noise	free-sound	79.2853	16000	train
musan/noise/free-sound/noise-free-sound-0524.wav	noise	free-sound	22.6495	16000	train
musan/noise/free-sound/noise-free-sound-0525.wav	noise	free-sound	0.9583	16000	train
musan/noise/free-sound/noise-free-sound-0526.wav	noise	free-sound	1.4187	16000	train
musan/noise/free-sound/noise-free-sound-0528.wav	noise	free-sound	3.0697	16000	train
musan/noise/free-sound/noise-free-sound-0529.wav	noise	free-sound	1.8594	16000	train
musan/noise/free-sound/noise-free-sound-0531.wav	noise	free-sound	46.7388	16000	train
musan/noise/free-sound/noise-free-sound-0534.wav	noise	free-sound	17.4776	16000	train
musan/noise/free-sound/noise-free-sound-0535.wav	noise	free-sound	18.1376	16000	train
musan/noise/free-sound/noise-free-sound-0536.wav	noise	free-sound	0.6927	16000	train
musan/noise/free-sound/noise-free-sound-0537.wav	noise	free-sound	12.1733	16000	train
musan/noise/free-sound/noise-free-sound-0538.wav	noise	free-sound	0.5738	16000	train
musan/noise/free-sound/noise-free-sound-0539.wav	noise	free-sound	1.5151	16000	train
musan/noise/free-sound/noise-free-sound-0540.wav	noise	free-sound	3.0041	16000	train
musan/noise/free-sound/noise-free-sound-0541.wav	noise	free-sound	16.3788	16000	train
musan/noise/free-sound/noise-free-sound-0542.wav	noise	free-sound	8.2240	16000	train
musan/noise/free-sound/noise-free-sound-0544.wav	noise	free-sound	107.0640	16000	train
musan/noise/free-sound/noise-free-sound-0545.wav	noise	free-sound	31.0733	16000	train
musan/noise/free-sound/noise-free-sound-0547.wav	noise	free-sound	4.8489	16000	train
musan/noise/free-sound/noise-free-sound-0548.wav	noise	free-sound	8.2024	16000	train
musan/noise/free-sound/noise-free-sound-0549.wav	noise	free-sound	5.8320	16000	train
musan/noise/free-sound/noise-free-sound-0550.wav	noise	free-sound	6.3739	16000	train
musan/noise/free-sound/noise-free-sound-0554.wav	noise	free-sound	0.7837	16000	train
musan/noise/free-sound/noise-free-sound-0556.wav	noise	free-sound	19.9053	16000	train
musan/noise/free-sound/noise-free-sound-0557.wav	noise	free-sound	9.1167	16000	train
musan/noise/free-sound/noise-free-sound-0558.wav	noise	free-sound	8.3857	16000	train
musan/noise/free-sound/noise-free-sound-0560.wav	noise	free-sound	269.5440	16000	train
musan/noise/free-sound/noise-free-sound-0562.wav	noise	free-sound	9.0645	16000	train
musan/noise/free-sound/noise-free-sound-0563.wav	noise	free-sound	24.3319	16000	train
musan/noise/free-sound/noise-free-sound-0564.wav	noise	free-sound	0.1036	16000	train
musan/noise/free-sound/noise-free-sound-0565.wav	noise	free-sound	7.4294	16000	train
musan/noise/free-sound/noise-free-sound-0566.wav	noise	free-sound	6.1883	16000	train
musan/noise/free-sound/noise-free-sound-0568.wav	noise	free-sound	113.6384	16000	train
musan/noise/free-sound/noise-free-sound-0569.wav	noise	free-sound	3.8400	16000	train
musan/noise/free-sound/noise-free-sound-0571.wav	noise	free-sound	7.1314	16000	train
musan/noise/free-sound/noise-free-sound-0573.wav	noise	free-sound	0.3910	16000	train
musan/noise/free-sound/noise-free-sound-0574.wav	noise	free-sound	20.8457	16000	train
musan/noise/free-sound/noise-free-sound-0575.wav	noise	free-sound	6.6351	16000	train
musan/noise/free-sound/noise-free-sound-0576.wav	noise	free-sound	3.7326	16000	train
musan/noise/free-sound/noise-free-sound-0578.wav	noise	free-sound	19.3568	16000	train
musan/noise/free-sound/noise-free-sound-0579.wav	noise	free-sound	17.2661	16000	train
musan/noise/free-sound/noise-free-sound-0580.wav	noise	free-sound	135.6800	16000	train
musan/noise/free-sound/noise-free-sound-0581.wav	noise	free-sound	51.4863	16000	train
musan/noise/free-sound/noise-free-sound-0583.wav	noise	free-sound	2.0438	16000	train
musan/noise/free-sound/noise-free-sound-0584.wav	noise	free-sound	15.7739	16000	train
musan/noise/free-sound/noise-free-sound-0585.wav	noise	free-sound	0.9288	16000	train
musan/noise/free-sound/noise-free-sound-0586.wav	noise	free-sound	10.8333	16000	train
musan/noise/free-sound/noise-free-sound-0587.wav	noise	free-sound	6.1227	16000	train
musan/noise/free-sound/noise-free-sound-0588.wav	noise	free-sound	5.8027	16000	train
musan/noise/free-sound/noise-free-sound-0591.wav	noise	free-sound	12.2569	16000	train
musan/noise/free-sound/noise-free-sound-0592.wav	noise	free-sound	32.8751	16000	train
musan/noise/free-sound/noise-free-sound-0594.wav	noise	free-sound	141.1773	16000	train
musan/noise/free-sound/noise-free-sound-0595.wav	noise	free-sound	26.8986	16000	train
musan/noise/free-sound/noise-free-sound-0596.wav	noise	free-sound	13.3392	16000	train
musan/noise/free-sound/noise-free-sound-0597.wav	noise	free-sound	6.2432	16000	train
musan/noise/free-sound/noise-free-sound-0599.wav	noise	free-sound	3.8400	16000	train
musan/noise/free-sound/noise-free-sound-0600.wav	noise	free-sound	45.3950	16000	train
musan/noise/free-sound/noise-free-sound-0601.wav	noise	free-sound	4.2399	16000	train
musan/noise/free-sound/noise-free-sound-0602.wav	noise	free-sound	4.1250	16000	train
musan/noise/free-sound/noise-free-sound-0603.wav	noise	free-sound	7.3741	16000	train
musan/noise/free-sound/noise-free-sound-0604.wav	noise	free-sound	7.3581	16000	train
musan/noise/free-sound/noise-free-sound-0605.wav	noise	free-sound	32.0000	16000	train
musan/noise/free-sound/noise-free-sound-0607.wav	noise	free-sound	20.0098	16000	train
musan/noise/free-sound/noise-free-sound-0608.wav	noise	free-sound	3.5265	16000	train
musan/noise/free-sound/noise-free-sound-0611.wav	noise	free-sound	0.1270	16000	train
musan/noise/free-sound/noise-free-sound-0612.wav	noise	free-sound	11.0498	16000	train
musan/noise/free-sound/noise-free-sound-0613.wav	noise	free-sound	28.5518	16000	train
musan/noise/free-sound/noise-free-sound-0614.wav	noise	free-sound	30.0000	16000	train
musan/noise/free-sound/noise-free-sound-0615.wav	noise	free-sound	10.0829	16000	train
musan/noise/free-sound/noise-free-sound-0616.wav	noise	free-sound	22.6482	16000	train
musan/noise/free-sound/noise-free-sound-0618.wav	noise	free-sound	3.0206	16000	train
musan/noise/free-sound/noise-free-sound-0619.wav	noise	free-sound	0.5454	16000	train
musan/noise/free-sound/noise-free-sound-0622.wav	noise	free-sound	11.9902	16000	train
musan/noise/free-sound/noise-free-sound-0623.wav	noise	free-sound	34.9518	16000	train
musan/noise/free-sound/noise-free-sound-0626.wav	noise	free-sound	1.3236	16000	train
musan/noise/free-sound/noise-free-sound-0628.wav	noise	free-sound	29.0221	16000	train
musan/noise/free-sound/noise-free-sound-0629.wav	noise	free-sound	3.5000	16000	train
musan/noise/free-sound/noise-free-sound-0631.wav	noise	free-sound	5.6000	16000	train
musan/noise/free-sound/noise-free-sound-0632.wav	noise	free-sound	2.5680	16000	train
musan/noise/free-sound/noise-free-sound-0635.wav	noise	free-sound	16.8760	16000	train
musan/noise/free-sound/noise-free-sound-0639.wav	noise	free-sound	6.2038	16000	train
musan/noise/free-sound/noise-free-sound-0640.wav	noise	free-sound	32.7837	16000	train
musan/noise/free-sound/noise-free-sound-0642.wav	noise	free-sound	4.4931	16000	train
musan/noise/free-sound/noise-free-sound-0643.wav	noise	free-sound	2.7843	16000	train
musan/noise/free-sound/noise-free-sound-0645.wav	noise	free-sound	1.7241	16000	train
musan/noise/free-sound/noise-free-sound-0646.wav	noise	free-sound	35.8130	16000	train
musan/noise/free-sound/noise-free-sound-0647.wav	noise	free-sound	60.1034	16000	train
musan/noise/free-sound/noise-free-sound-0649.wav	noise	free-sound	50.4279	16000	train
musan/noise/free-sound/noise-free-sound-0650.wav	noise	free-sound	16.2360	16000	train
musan/noise/free-sound/noise-free-sound-0651.wav	noise	free-sound	65.2095	16000	train
musan/noise/free-sound/noise-free-sound-0653.wav	noise	free-sound	29.1250	16000	train
musan/noise/free-sound/noise-free-sound-0654.wav	noise	free-sound	5.9821	16000	train
musan/noise/free-sound/noise-free-sound-0655.wav	noise	free-sound	21.3400	16000	train
musan/noise/free-sound/noise-free-sound-0656.wav	noise	free-sound	4.8849	16000	train
musan/noise/free-sound/noise-free-sound-0657.wav	noise	free-sound	9.6671	16000	train
musan/noise/free-sound/noise-free-sound-0658.wav	noise	free-sound	19.0000	16000	train
musan/noise/free-sound/noise-free-sound-0659.wav	noise	free-sound	11.1242	16000	train
musan/noise/free-sound/noise-free-sound-0660.wav	noise	free-sound	41.8373	16000	train
musan/noise/free-sound/noise-free-sound-0661.wav	noise	free-sound	35.5151	16000	train
musan/noise/free-sound/noise-free-sound-0662.wav	noise	free-sound	1.4106	16000	train
musan/noise/free-sound/noise-free-sound-0664.wav	noise	free-sound	15.6474	16000	train
musan/noise/free-sound/noise-free-sound-0666.wav	noise	free-sound	13.6856	16000	train
musan/noise/free-sound/noise-free-sound-0667.wav	noise	free-sound	13.7598	16000	train
musan/noise/free-sound/noise-free-sound-0668.wav	noise	free-sound	4.0229	16000	train
musan/noise/free-sound/noise-free-sound-0669.wav	noise	free-sound	4.0229	16000	train
musan/noise/free-sound/noise-free-sound-0672.wav	noise	free-sound	6.2955	16000	train
musan/noise/free-sound/noise-free-sound-0673.wav	noise	free-sound	3.8298	16000	train
musan/noise/free-sound/noise-free-sound-0675.wav	noise	free-sound	8.7691	16000	train
musan/noise/free-sound/noise-free-sound-0676.wav	noise	free-sound	2.1631	16000	train
musan/noise/free-sound/noise-free-sound-0678.wav	noise	free-sound	2.0637	16000	train
musan/noise/free-sound/noise-free-sound-0681.wav	noise	free-sound	96.7053	16000	train
musan/noise/free-sound/noise-free-sound-0684.wav	noise	free-sound	139.0062	16000	train
musan/noise/free-sound/noise-free-sound-0685.wav	noise	free-sound	43.8786	16000	train
musan/noise/free-sound/noise-free-sound-0687.wav	noise	free-sound	20.8021	16000	train
musan/noise/free-sound/noise-free-sound-0689.wav	noise	free-sound	1.0500	16000	train
musan/noise/free-sound/noise-free-sound-0690.wav	noise	free-sound	5.2053	16000	train
musan/noise/free-sound/noise-free-sound-0694.wav	noise	free-sound	19.8465	16000	train
musan/noise/free-sound/noise-free-sound-0695.wav	noise	free-sound	9.4238	16000	train
musan/noise/free-sound/noise-free-sound-0696.wav	noise	free-sound	29.5706	16000	train
musan/noise/free-sound/noise-free-sound-0697.wav	noise	free-sound	6.1126	16000	train
musan/noise/free-sound/noise-free-sound-0699.wav	noise	free-sound	119.5102	16000	train
musan/noise/free-sound/noise-free-sound-0700.wav	noise	free-sound	41.0400	16000	train
musan/noise/free-sound/noise-free-sound-0701.wav	noise	free-sound	6.0576	16000	train
musan/noise/free-sound/noise-free-sound-0702.wav	noise	free-sound	21.8122	16000	train
musan/noise/free-sound/noise-free-sound-0705.wav	noise	free-sound	11.3307	16000	train
musan/noise/free-sound/noise-free-sound-0706.wav	noise	free-sound	28.2906	16000	train
musan/noise/free-sound/noise-free-sound-0707.wav	noise	free-sound	40.0718	16000	train
musan/noise/free-sound/noise-free-sound-0708.wav	noise	free-sound	63.0596	16000	train
musan/noise/free-sound/noise-free-sound-0709.wav	noise	free-sound	31.8577	16000	train
musan/noise/free-sound/noise-free-sound-0710.wav	noise	free-sound	45.7404	16000	train
musan/noise/free-sound/noise-free-sound-0711.wav	noise	free-sound	0.3927	16000	train
musan/noise/free-sound/noise-free-sound-0714.wav	noise	free-sound	1.1233	16000	train
musan/noise/free-sound/noise-free-sound-0715.wav	noise	free-sound	60.0555	16000	train
musan/noise/free-sound/noise-free-sound-0716.wav	noise	free-sound	0.6240	16000	train
musan/noise/free-sound/noise-free-sound-0717.wav	noise	free-sound	5.9821	16000	train
musan/noise/free-sound/noise-free-sound-0718.wav	noise	free-sound	13.0351	16000	train
musan/noise/free-sound/noise-free-sound-0719.wav	noise	free-sound	7.0008	16000	train
musan/noise/free-sound/noise-free-sound-0722.wav	noise	free-sound	7.7700	16000	train
musan/noise/free-sound/noise-free-sound-0723.wav	noise	free-sound	89.7219	16000	train
musan/noise/free-sound/noise-free-sound-0724.wav	noise	free-sound	0.9109	16000	train
musan/noise/free-sound/noise-free-sound-0726.wav	noise	free-sound	120.0138	16000	train
musan/noise/free-sound/noise-free-sound-0727.wav	noise	free-sound	29.0220	16000	train
musan/noise/free-sound/noise-free-sound-0728.wav	noise	free-sound	123.8400	16000	train
musan/noise/free-sound/noise-free-sound-0729.wav	noise	free-sound	187.1413	16000	train
musan/noise/free-sound/noise-free-sound-0730.wav	noise	free-sound	1.4890	16000	train
musan/noise/free-sound/noise-free-sound-0731.wav	noise	free-sound	1.4367	16000	train
musan/noise/free-sound/noise-free-sound-0732.wav	noise	free-sound	31.7387	16000	train
musan/noise/free-sound/noise-free-sound-0733.wav	noise	free-sound	31.9477	16000	train
musan/noise/free-sound/noise-free-sound-0734.wav	noise	free-sound	21.1592	16000	train
musan/noise/free-sound/noise-free-sound-0738.wav	noise	free-sound	27.8987	16000	train
musan/noise/free-sound/noise-free-sound-0740.wav	noise	free-sound	64.0714	16000	train
musan/noise/free-sound/noise-free-sound-0742.wav	noise	free-sound	22.5437	16000	train
musan/noise/free-sound/noise-free-sound-0743.wav	noise	free-sound	43.9641	16000	train
musan/noise/free-sound/noise-free-sound-0744.wav	noise	free-sound	1.0449	16000	train
musan/noise/free-sound/noise-free-sound-0747.wav	noise	free-sound	17.4237	16000	train
musan/noise/free-sound/noise-free-sound-0748.wav	noise	free-sound	5.6400	16000	train
musan/noise/free-sound/noise-free-sound-0749.wav	noise	free-sound	1.0000	16000	train
musan/noise/free-sound/noise-free-sound-0750.wav	noise	free-sound	5.4596	16000	train
musan/noise/free-sound/noise-free-sound-0751.wav	noise	free-sound	1.4464	16000	train
musan/noise/free-sound/noise-free-sound-0752.wav	noise	free-sound	33.6083	16000	train
musan/noise/free-sound/noise-free-sound-0755.wav	noise	free-sound	14.4196	16000	train
musan/noise/free-sound/noise-free-sound-0757.wav	noise	free-sound	13.7665	16000	train
musan/noise/free-sound/noise-free-sound-0758.wav	noise	free-sound	12.6444	16000	train
musan/noise/free-sound/noise-free-sound-0760.wav	noise	free-sound	0.6233	16000	train
musan/noise/free-sound/noise-free-sound-0761.wav	noise	free-sound	32.3991	16000	train
musan/noise/free-sound/noise-free-sound-0762.wav	noise	free-sound	12.8000	16000	train
musan/noise/free-sound/noise-free-sound-0763.wav	noise	free-sound	20.4916	16000	train
musan/noise/free-sound/noise-free-sound-0764.wav	noise	free-sound	0.0646	16000	train
musan/noise/free-sound/noise-free-sound-0765.wav	noise	free-sound	0.2028	16000	train
musan/noise/free-sound/noise-free-sound-0767.wav	noise	free-sound	29.6386	16000	train
musan/noise/free-sound/noise-free-sound-0768.wav	noise	free-sound	0.4229	16000	train
musan/noise/free-sound/noise-free-sound-0769.wav	noise	free-sound	25.7616	16000	train
musan/noise/free-sound/noise-free-sound-0770.wav	noise	free-sound	55.5624	16000	train
musan/noise/free-sound/noise-free-sound-0773.wav	noise	free-sound	9.0454	16000	train
musan/noise/free-sound/noise-free-sound-0774.wav	noise	free-sound	3.1472	16000	train
musan/noise/free-sound/noise-free-sound-0775.wav	noise	free-sound	29.5102	16000	train
musan/noise/free-sound/noise-free-sound-0776.wav	noise	free-sound	15.6619	16000	train
musan/noise/free-sound/noise-free-sound-0777.wav	noise	free-sound	6.9224	16000	train
musan/noise/free-sound/noise-free-sound-0778.wav	noise	free-sound	18.2613	16000	train
musan/noise/free-sound/noise-free-sound-0779.wav	noise	free-sound	12.5126	16000	train
musan/noise/free-sound/noise-free-sound-0780.wav	noise	free-sound	30.2759	16000	train
musan/noise/free-sound/noise-free-sound-0781.wav	noise	free-sound	60.7201	16000	train
musan/noise/free-sound/noise-free-sound-0783.wav	noise	free-sound	8.6146	16000	train
musan/noise/free-sound/noise-free-sound-0784.wav	noise	free-sound	35.8041	16000	train
musan/noise/free-sound/noise-free-sound-0785.wav	noise	free-sound	26.9199	16000	train
musan/noise/free-sound/noise-free-sound-0786.wav	noise	free-sound	19.8000	16000	train
musan/noise/free-sound/noise-free-sound-0787.wav	noise	free-sound	34.9853	16000	train
musan/noise/free-sound/noise-free-sound-0789.wav	noise	free-sound	8.8515	16000	train
musan/noise/free-sound/noise-free-sound-0791.wav	noise	free-sound	9.0000	16000	train
musan/noise/free-sound/noise-free-sound-0793.wav	noise	free-sound	9.4302	16000	train
musan/noise/free-sound/noise-free-sound-0795.wav	noise	free-sound	45.8141	16000	train
musan/noise/free-sound/noise-free-sound-0796.wav	noise	free-sound	10.2400	16000	train
musan/noise/free-sound/noise-free-sound-0798.wav	noise	free-sound	12.9707	16000	train
musan/noise/free-sound/noise-free-sound-0800.wav	noise	free-sound	9.6000	16000	train
musan/noise/free-sound/noise-free-sound-0801.wav	noise	free-sound	6.0107	16000	train
musan/noise/free-sound/noise-free-sound-0802.wav	noise	free-sound	5.1245	16000	train
musan/noise/free-sound/noise-free-sound-0803.wav	noise	free-sound	14.0277	16000	train
musan/noise/free-sound/noise-free-sound-0804.wav	noise	free-sound	59.6985	16000	train
musan/noise/free-sound/noise-free-sound-0806.wav	noise	free-sound	11.7812	16000	train
musan/noise/free-sound/noise-free-sound-0808.wav	noise	free-sound	1.6979	16000	train
musan/noise/free-sound/noise-free-sound-0809.wav	noise	free-sound	25.1298	16000	train
musan/noise/free-sound/noise-free-sound-0812.wav	noise	free-sound	12.1980	16000	train
musan/noise/free-sound/noise-free-sound-0813.wav	noise	free-sound	78.8018	16000	train
musan/noise/free-sound/noise-free-sound-0814.wav	noise	free-sound	15.6616	16000	train
musan/noise/free-sound/noise-free-sound-0815.wav	noise	free-sound	2.4718	16000	train
musan/noise/free-sound/noise-free-sound-0816.wav	noise	free-sound	1.3246	16000	train
musan/noise/free-sound/noise-free-sound-0818.wav	noise	free-sound	57.6784	16000	train
musan/noise/free-sound/noise-free-sound-0819.wav	noise	free-sound	109.9043	16000	train
musan/noise/free-sound/noise-free-sound-0820.wav	noise	free-sound	18.4509	16000	train
musan/noise/free-sound/noise-free-sound-0822.wav	noise	free-sound	4.9894	16000	train
musan/noise/free-sound/noise-free-sound-0823.wav	noise	free-sound	2.7491	16000	train
musan/noise/free-sound/noise-free-sound-0826.wav	noise	free-sound	11.1817	16000	train
musan/noise/free-sound/noise-free-sound-0827.wav	noise	free-sound	0.5480	16000	train
musan/noise/free-sound/noise-free-sound-0828.wav	noise	free-sound	60.0816	16000	train
musan/noise/free-sound/noise-free-sound-0829.wav	noise	free-sound	6.7504	16000	train
musan/noise/free-sound/noise-free-sound-0830.wav	noise	free-sound	0.9582	16000	train
musan/noise/free-sound/noise-free-sound-0831.wav	noise	free-sound	11.4416	16000	train
musan/noise/free-sound/noise-free-sound-0833.wav	noise	free-sound	4.9737	16000	train
musan/noise/free-sound/noise-free-sound-0836.wav	noise	free-sound	64.8960	16000	train
musan/noise/free-sound/noise-free-sound-0837.wav	noise	free-sound	13.6533	16000	train
musan/noise/free-sound/noise-free-sound-0838.wav	noise	free-sound	1.0029	16000	train
musan/noise/free-sound/noise-free-sound-0839.wav	noise	free-sound	2.1421	16000	train
musan/noise/free-sound/noise-free-sound-0840.wav	noise	free-sound	70.1910	16000	train
musan/noise/free-sound/noise-free-sound-0841.wav	noise	free-sound	90.0000	16000	train
musan/noise/free-sound/noise-free-sound-0842.wav	noise	free-sound	300.0000	16000	train
musan/speech/us-gov/speech-us-gov-0001.wav	speech	us-gov	600.0120	16000	train
musan/speech/us-gov/speech-us-gov-0002.wav	speech	us-gov	600.0120	16000	train
musan/speech/us-gov/speech-us-gov-0003.wav	speech	us-gov	600.0120	16000	train
musan/speech/us-gov/speech-us-gov-0004.wav	speech	us-gov	599.9760	16000	train
musan/speech/us-gov/speech-us-gov-0006.wav	speech	us-gov	600.0065	16000	train
musan/speech/us-gov/speech-us-gov-0007.wav	speech	us-gov	599.9804	16000	train
musan/speech/us-gov/speech-us-gov-0009.wav	speech	us-gov	599.9804	16000	train
musan/speech/us-gov/speech-us-gov-0010.wav	speech	us-gov	599.9543	16000	train
musan/speech/us-gov/speech-us-gov-0011.wav	speech	us-gov	599.9804	16000	train
musan/speech/us-gov/speech-us-gov-0013.wav	speech	us-gov	599.9804	16000	train
musan/speech/us-gov/speech-us-gov-0014.wav	speech	us-gov	374.2564	16000	train
musan/speech/us-gov/speech-us-gov-0016.wav	speech	us-gov	600.0065	16000	train
musan/speech/us-gov/speech-us-gov-0018.wav	speech	us-gov	599.9543	16000	train
musan/speech/us-gov/speech-us-gov-0019.wav	speech	us-gov	599.9804	16000	train
musan/speech/us-gov/speech-us-gov-0020.wav	speech	us-gov	536.1371	16000	train
musan/speech/us-gov/speech-us-gov-0021.wav	speech	us-gov	600.0065	16000	train
musan/speech/us-gov/speech-us-gov-0022.wav	speech	us-gov	599.9804	16000	train
musan/speech/us-gov/speech-us-gov-0024.wav	speech	us-gov	599.9543	16000	train
musan/speech/us-gov/speech-us-gov-0026.wav	speech	us-gov	600.0065	16000	train
musan/speech/us-gov/speech-us-gov-0027.wav	speech	us-gov	599.9804	16000	train
musan/speech/us-gov/speech-us-gov-0028.wav	speech	us-gov	599.9804	16000	train
musan/speech/us-gov/speech-us-gov-0029.wav	speech	us-gov	599.9804	16000	train
musan/speech/us-gov/speech-us-gov-0030.wav	speech	us-gov	600.0065	16000	train
musan/speech/us-gov/speech-us-gov-0035.wav	speech	us-gov	599.9804	16000	train
musan/speech/us-gov/speech-us-gov-0036.wav	speech	us-gov	599.9543	16000	train
musan/speech/us-gov/speech-us-gov-0038.wav	speech	us-gov	599.9804	16000	train
musan/speech/us-gov/speech-us-gov-0040.wav	speech	us-gov	599.9543	16000	train
musan/speech/us-gov/speech-us-gov-0041.wav	speech	us-gov	599.9804	16000	train
musan/speech/us-gov/speech-us-gov-0042.wav	speech	us-gov	599.9804	16000	train
musan/speech/us-gov/speech-us-gov-0043.wav	speech	us-gov	600.0065	16000	train
musan/speech/us-gov/speech-us-gov-0045.wav	speech	us-gov	599.9804	16000	train
musan/speech/us-gov/speech-us-gov-0046.wav	speech	us-gov	599.9804	16000	train
musan/speech/us-gov/speech-us-gov-0047.wav	speech	us-gov	552.2286	16000	train
musan/speech/us-gov/speech-us-gov-0049.wav	speech	us-gov	599.9804	16000	train
musan/speech/us-gov/speech-us-gov-0050.wav	speech	us-gov	600.0065	16000	train
musan/speech/us-gov/speech-us-gov-0051.wav	speech	us-gov	599.9543	16000	train
musan/speech/us-gov/speech-us-gov-0056.wav	speech	us-gov	600.0065	16000	train
musan/speech/us-gov/speech-us-gov-0057.wav	speech	us-gov	387.0302	16000	train
musan/speech/us-gov/speech-us-gov-0058.wav	speech	us-gov	600.0065	16000	train
musan/speech/us-gov/speech-us-gov-0061.wav	speech	us-gov	599.9543	16000	train
musan/speech/us-gov/speech-us-gov-0063.wav	speech	us-gov	600.0065	16000	train
musan/speech/us-gov/speech-us-gov-0065.wav	speech	us-gov	599.9804	16000	train
musan/speech/us-gov/speech-us-gov-0066.wav	speech	us-gov	599.9804	16000	train
musan/speech/us-gov/speech-us-gov-0067.wav	speech	us-gov	157.7535	16000	train
musan/speech/us-gov/speech-us-gov-0068.wav	speech	us-gov	600.0065	16000	train
musan/speech/us-gov/speech-us-gov-0069.wav	speech	us-gov	599.9804	16000	train
musan/speech/us-gov/speech-us-gov-0072.wav	speech	us-gov	599.9543	16000	train
musan/speech/us-gov/speech-us-gov-0073.wav	speech	us-gov	599.9804	16000	train
musan/speech/us-gov/speech-us-gov-0074.wav	speech	us-gov	599.9804	16000	train
musan/speech/us-gov/speech-us-gov-0075.wav	speech	us-gov	599.9543	16000	train
musan/speech/us-gov/speech-us-gov-0076.wav	speech	us-gov	600.0065	16000	train
musan/speech/us-gov/speech-us-gov-0077.wav	speech	us-gov	600.0065	16000	train
musan/speech/us-gov/speech-us-gov-0078.wav	speech	us-gov	599.9804	16000	train
musan/speech/us-gov/speech-us-gov-0079.wav	speech	us-gov	599.9282	16000	train
musan/speech/us-gov/speech-us-gov-0080.wav	speech	us-gov	599.9543	16000	train
musan/speech/us-gov/speech-us-gov-0081.wav	speech	us-gov	599.9804	16000	train
musan/speech/us-gov/speech-us-gov-0082.wav	speech	us-gov	214.9616	16000	train
musan/speech/us-gov/speech-us-gov-0083.wav	speech	us-gov	600.0065	16000	train
musan/speech/us-gov/speech-us-gov-0086.wav	speech	us-gov	599.9543	16000	train
musan/speech/us-gov/speech-us-gov-0087.wav	speech	us-gov	599.9804	16000	train
musan/speech/us-gov/speech-us-gov-0088.wav	speech	us-gov	599.9804	16000	train
musan/speech/us-gov/speech-us-gov-0089.wav	speech	us-gov	599.9804	16000	train
musan/speech/us-gov/speech-us-gov-0090.wav	speech	us-gov	367.6212	16000	train
musan/speech/us-gov/speech-us-gov-0093.wav	speech	us-gov	599.9804	16000	train
musan/speech/us-gov/speech-us-gov-0095.wav	speech	us-gov	599.9282	16000	train
musan/speech/us-gov/speech-us-gov-0096.wav	speech	us-gov	599.9804	16000	train
musan/speech/us-gov/speech-us-gov-0097.wav	speech	us-gov	599.9543	16000	train
musan/speech/us-gov/speech-us-gov-0098.wav	speech	us-gov	599.9543	16000	train
musan/speech/us-gov/speech-us-gov-0100.wav	speech	us-gov	599.9543	16000	train
musan/speech/us-gov/speech-us-gov-0102.wav	speech	us-gov	599.9543	16000	train
musan/speech/us-gov/speech-us-gov-0103.wav	speech	us-gov	525.4792	16000	train
musan/speech/us-gov/speech-us-gov-0105.wav	speech	us-gov	593.6849	16000	train
musan/speech/us-gov/speech-us-gov-0108.wav	speech	us-gov	575.1641	16000	train
musan/speech/us-gov/speech-us-gov-0109.wav	speech	us-gov	19.6702	16000	train
musan/speech/us-gov/speech-us-gov-0110.wav	speech	us-gov	600.0060	16000	train
musan/speech/us-gov/speech-us-gov-0111.wav	speech	us-gov	421.3551	16000	train
musan/speech/us-gov/speech-us-gov-0112.wav	speech	us-gov	600.0320	16000	train
musan/speech/us-gov/speech-us-gov-0114.wav	speech	us-gov	600.0060	16000	train
musan/speech/us-gov/speech-us-gov-0115.wav	speech	us-gov	599.9804	16000	train
musan/speech/us-gov/speech-us-gov-0117.wav	speech	us-gov	600.0065	16000	train
musan/speech/us-gov/speech-us-gov-0118.wav	speech	us-gov	600.0060	16000	train
musan/speech/us-gov/speech-us-gov-0119.wav	speech	us-gov	600.0065	16000	train
musan/speech/us-gov/speech-us-gov-0120.wav	speech	us-gov	599.9804	16000	train
musan/speech/us-gov/speech-us-gov-0121.wav	speech	us-gov	600.0065	16000	train
musan/speech/us-gov/speech-us-gov-0122.wav	speech	us-gov	600.0060	16000	train
musan/speech/us-gov/speech-us-gov-0123.wav	speech	us-gov	600.0065	16000	train
musan/speech/us-gov/speech-us-gov-0124.wav	speech	us-gov	600.0065	16000	train
musan/speech/us-gov/speech-us-gov-0126.wav	speech	us-gov	600.0060	16000	train
musan/speech/us-gov/speech-us-gov-0127.wav	speech	us-gov	600.0320	16000	train
musan/speech/us-gov/speech-us-gov-0128.wav	speech	us-gov	600.0320	16000	train
musan/speech/us-gov/speech-us-gov-0129.wav	speech	us-gov	600.0065	16000	train
musan/speech/us-gov/speech-us-gov-0130.wav	speech	us-gov	53.2897	16000	train
musan/speech/us-gov/speech-us-gov-0131.wav	speech	us-gov	600.0065	16000	train
musan/speech/us-gov/speech-us-gov-0132.wav	speech	us-gov	576.4702	16000	train
musan/speech/us-gov/speech-us-gov-0133.wav	speech	us-gov	648.3070	16000	train
musan/speech/us-gov/speech-us-gov-0134.wav	speech	us-gov	586.2400	16000	train
musan/speech/us-gov/speech-us-gov-0135.wav	speech	us-gov	584.5159	16000	train
musan/speech/us-gov/speech-us-gov-0136.wav	speech	us-gov	628.7413	16000	train
musan/speech/us-gov/speech-us-gov-0140.wav	speech	us-gov	568.6596	16000	train
musan/speech/us-gov/speech-us-gov-0142.wav	speech	us-gov	599.9281	16000	train
musan/speech/us-gov/speech-us-gov-0143.wav	speech	us-gov	599.9281	16000	train
musan/speech/us-gov/speech-us-gov-0145.wav	speech	us-gov	599.9543	16000	train
musan/speech/us-gov/speech-us-gov-0146.wav	speech	us-gov	599.9543	16000	train
musan/speech/us-gov/speech-us-gov-0147.wav	speech	us-gov	215.8759	16000	train
musan/speech/us-gov/speech-us-gov-0148.wav	speech	us-gov	599.9804	16000	train
musan/speech/us-gov/speech-us-gov-0149.wav	speech	us-gov	599.9281	16000	train
musan/speech/us-gov/speech-us-gov-0151.wav	speech	us-gov	599.9281	16000	train
musan/speech/us-gov/speech-us-gov-0153.wav	speech	us-gov	599.9281	16000	train
musan/speech/us-gov/speech-us-gov-0154.wav	speech	us-gov	599.9281	16000	train
musan/speech/us-gov/speech-us-gov-0155.wav	speech	us-gov	599.9480	16000	train
musan/speech/us-gov/speech-us-gov-0156.wav	speech	us-gov	599.9543	16000	train
musan/speech/us-gov/speech-us-gov-0158.wav	speech	us-gov	599.9281	16000	train
musan/speech/us-gov/speech-us-gov-0159.wav	speech	us-gov	173.8971	16000	train
musan/speech/us-gov/speech-us-gov-0160.wav	speech	us-gov	599.9804	16000	train
musan/speech/us-gov/speech-us-gov-0161.wav	speech	us-gov	599.9543	16000	train
musan/speech/us-gov/speech-us-gov-0162.wav	speech	us-gov	599.9281	16000	train
musan/speech/us-gov/speech-us-gov-0166.wav	speech	us-gov	599.9281	16000	train
musan/speech/us-gov/speech-us-gov-0168.wav	speech	us-gov	599.9543	16000	train
musan/speech/us-gov/speech-us-gov-0170.wav	speech	us-gov	599.9281	16000	train
musan/speech/us-gov/speech-us-gov-0172.wav	speech	us-gov	599.9543	16000	train
musan/speech/us-gov/speech-us-gov-0173.wav	speech	us-gov	599.9543	16000	train
musan/speech/us-gov/speech-us-gov-0174.wav	speech	us-gov	599.9020	16000	train
musan/speech/us-gov/speech-us-gov-0177.wav	speech	us-gov	599.9804	16000	train
musan/speech/us-gov/speech-us-gov-0179.wav	speech	us-gov	599.9281	16000	train
musan/speech/us-gov/speech-us-gov-0180.wav	speech	us-gov	599.9480	16000	train
musan/speech/us-gov/speech-us-gov-0181.wav	speech	us-gov	599.9543	16000	train
musan/speech/us-gov/speech-us-gov-0182.wav	speech	us-gov	599.9543	16000	train
musan/speech/us-gov/speech-us-gov-0183.wav	speech	us-gov	599.9281	16000	train
musan/speech/us-gov/speech-us-gov-0184.wav	speech	us-gov	599.9281	16000	train
musan/speech/us-gov/speech-us-gov-0187.wav	speech	us-gov	599.9281	16000	train
musan/speech/us-gov/speech-us-gov-0188.wav	speech	us-gov	388.9110	16000	train
musan/speech/us-gov/speech-us-gov-0189.wav	speech	us-gov	599.9804	16000	train
musan/speech/us-gov/speech-us-gov-0191.wav	speech	us-gov	627.4090	16000	train
musan/speech/us-gov/speech-us-gov-0192.wav	speech	us-gov	599.9480	16000	train
musan/speech/us-gov/speech-us-gov-0193.wav	speech	us-gov	591.0204	16000	train
musan/speech/us-gov/speech-us-gov-0194.wav	speech	us-gov	626.7559	16000	train
musan/speech/us-gov/speech-us-gov-0195.wav	speech	us-gov	582.0343	16000	train
musan/speech/us-gov/speech-us-gov-0196.wav	speech	us-gov	625.3100	16000	train
musan/speech/us-gov/speech-us-gov-0197.wav	speech	us-gov	556.1209	16000	train
musan/speech/us-gov/speech-us-gov-0198.wav	speech	us-gov	613.4250	16000	train
musan/speech/us-gov/speech-us-gov-0199.wav	speech	us-gov	604.8652	16000	train
musan/speech/us-gov/speech-us-gov-0201.wav	speech	us-gov	58.0180	16000	train
musan/speech/us-gov/speech-us-gov-0202.wav	speech	us-gov	599.9804	16000	train
musan/speech/us-gov/speech-us-gov-0203.wav	speech	us-gov	599.9543	16000	train
musan/speech/us-gov/speech-us-gov-0204.wav	speech	us-gov	599.9281	16000	train
musan/speech/us-gov/speech-us-gov-0205.wav	speech	us-gov	599.9480	16000	train
musan/speech/us-gov/speech-us-gov-0206.wav	speech	us-gov	599.9543	16000	train
musan/speech/us-gov/speech-us-gov-0207.wav	speech	us-gov	599.9281	16000	train
musan/speech/us-gov/speech-us-gov-0208.wav	speech	us-gov	599.9281	16000	train
musan/speech/us-gov/speech-us-gov-0210.wav	speech	us-gov	123.8465	16000	train
musan/speech/us-gov/speech-us-gov-0211.wav	speech	us-gov	599.9960	16000	train
musan/speech/us-gov/speech-us-gov-0212.wav	speech	us-gov	599.9543	16000	train
musan/speech/us-gov/speech-us-gov-0214.wav	speech	us-gov	599.9543	16000	train
musan/speech/us-gov/speech-us-gov-0215.wav	speech	us-gov	537.0253	16000	train
musan/speech/us-gov/speech-us-gov-0216.wav	speech	us-gov	603.8460	16000	train
musan/speech/us-gov/speech-us-gov-0217.wav	speech	us-gov	596.1665	16000	train
musan/speech/us-gov/speech-us-gov-0219.wav	speech	us-gov	600.0320	16000	train
musan/speech/us-gov/speech-us-gov-0220.wav	speech	us-gov	599.9804	16000	train
musan/speech/us-gov/speech-us-gov-0221.wav	speech	us-gov	599.9804	16000	train
musan/speech/us-gov/speech-us-gov-0225.wav	speech	us-gov	599.9804	16000	train
musan/speech/us-gov/speech-us-gov-0228.wav	speech	us-gov	599.9804	16000	train
musan/speech/us-gov/speech-us-gov-0229.wav	speech	us-gov	100.4660	16000	train
musan/speech/us-gov/speech-us-gov-0230.wav	speech	us-gov	600.0320	16000	train
musan/speech/us-gov/speech-us-gov-0231.wav	speech	us-gov	605.4660	16000	train
musan/speech/us-gov/speech-us-gov-0233.wav	speech	us-gov	600.0320	16000	train
musan/speech/us-gov/speech-us-gov-0234.wav	speech	us-gov	600.0320	16000	train
musan/speech/us-gov/speech-us-gov-0235.wav	speech	us-gov	600.0320	16000	train
musan/speech/us-gov/speech-us-gov-0236.wav	speech	us-gov	600.0060	16000	train
musan/speech/us-gov/speech-us-gov-0237.wav	speech	us-gov	600.0065	16000	train
musan/speech/us-gov/speech-us-gov-0238.wav	speech	us-gov	600.0320	16000	train
musan/speech/us-gov/speech-us-gov-0240.wav	speech	us-gov	599.9804	16000	train
musan/speech/us-gov/speech-us-gov-0242.wav	speech	us-gov	583.9150	16000	train
musan/speech/us-gov/speech-us-gov-0245.wav	speech	us-gov	602.6449	16000	train
musan/speech/us-gov/speech-us-gov-0248.wav	speech	us-gov	576.2870	16000	train
musan/speech/us-gov/speech-us-gov-0249.wav	speech	us-gov	601.8351	16000	train
musan/speech/us-gov/speech-us-gov-0250.wav	speech	us-gov	126.1191	16000	train
musan/speech/us-gov/speech-us-gov-0251.wav	speech	us-gov	600.0320	16000	train
