record_type,dimension,bin,contrast_id,frames,speaker_clusters,corrections,harms,p_positive,p_positive_ci95_low,p_positive_ci95_high,p_negative,p_negative_ci95_low,p_negative_ci95_high,mean_value,mean_value_ci95_low,mean_value_ci95_high,frame_share,correction_share,harm_share,focal_bins,reference_bins,focal_frames,reference_frames,focal_p_positive,focal_p_negative,focal_mean_value,reference_p_positive,reference_p_negative,reference_mean_value,p_positive_difference,p_negative_difference,mean_value_difference,calibration_mean_value_difference,test_mean_value_difference,supported
bin,onset_distance,0,,3028,40,95,45,0.031373844121532365,0.022950794590364587,0.04141022704109777,0.014861294583883751,0.010402867531256453,0.01954643713553335,0.016512549537648614,0.005805706240424035,0.028794281874960394,0.005470325112188636,0.013223830734966592,0.010452961672473868,,,,,,,,,,,,,,,,
bin,onset_distance,1-2,,6046,40,189,124,0.03126033741316573,0.02272694391835017,0.04075962340742187,0.020509427720807147,0.014434031058056532,0.027236992901498048,0.010750909692358585,-0.0023852256090121596,0.024677856949321637,0.01092258442149686,0.02630846325167038,0.028803716608594657,,,,,,,,,,,,,,,,
bin,onset_distance,3-5,,8974,40,266,197,0.029641185647425898,0.022422418185794483,0.037938716612578686,0.021952306663695118,0.01624469381799454,0.028118424096546725,0.007688878983730778,-0.0038298825921139687,0.019690677901889556,0.01621225150488138,0.03702672605790646,0.04576074332171893,,,,,,,,,,,,,,,,
bin,onset_distance,6-10,,14856,40,237,246,0.015953150242326332,0.011072731854077937,0.02155793881392193,0.016558966074313407,0.011287466320447852,0.023376230515351332,-0.0006058158319870759,-0.00895279342387474,0.007893652673385456,0.02683855675913949,0.032989977728285075,0.05714285714285714,,,,,,,,,,,,,,,,
bin,onset_distance,11-20,,29289,40,300,165,0.010242753252074157,0.006077023334374676,0.015081951110235376,0.005633514288640787,0.0035109647129287686,0.008428988739654567,0.004609238963433371,-0.00021513475261576644,0.010124178699893556,0.05291293005643757,0.04175946547884187,0.03832752613240418,,,,,,,,,,,,,,,,
bin,onset_distance,21-50,,82702,40,538,240,0.006505284031825107,0.0043656297821500194,0.008789865615904788,0.0029019854417063674,0.0018868122309879504,0.003978810421915026,0.0036032985901187395,0.0011606820644328437,0.0062835500640854615,0.1494078029815801,0.07488864142538976,0.05574912891986063,,,,,,,,,,,,,,,,
bin,onset_distance,51+,,325148,40,3268,1266,0.010050807632216713,0.007060487271248224,0.013240225445905187,0.003893611524598029,0.0031068318709809063,0.004881362454089639,0.006157196107618684,0.003293026374986076,0.009133405041626168,0.5874059674960075,0.4548997772828508,0.2940766550522648,,,,,,,,,,,,,,,,
bin,onset_distance,not_in_speech,,83489,40,2291,2022,0.027440740696379164,0.022189411245658004,0.03349048214001234,0.024218759357520152,0.019726226108144455,0.028955630345409263,0.0032219813388590112,-0.004990949707746951,0.012346655765381855,0.15082958166826851,0.3189031180400891,0.4696864111498258,,,,,,,,,,,,,,,,
bin,offset_distance,pre_first_speech,,3480,22,66,90,0.01896551724137931,0.010113929967250654,0.029113595079570256,0.02586206896551724,0.00606423144060481,0.04577949121876353,-0.006896551724137931,-0.03119617708929043,0.017915916292462145,0.006286899402383241,0.009187082405345211,0.020905923344947737,,,,,,,,,,,,,,,,
bin,offset_distance,0,,3028,40,83,116,0.0274108322324967,0.02023508600237099,0.03595940240632021,0.03830911492734478,0.028638439996043423,0.04885735735735735,-0.010898282694848084,-0.02485791129895881,0.0030789813324641835,0.005470325112188636,0.011553452115812917,0.02694541231126597,,,,,,,,,,,,,,,,
bin,offset_distance,1-2,,6044,40,193,211,0.031932495036399736,0.025098616600790515,0.039624769281576405,0.034910655195234945,0.02766762090211579,0.04258676341502094,-0.0029781601588352085,-0.014117895512414113,0.00861301865119699,0.010918971260920778,0.026865256124721605,0.04901277584204414,,,,,,,,,,,,,,,,
bin,offset_distance,3-5,,7643,40,365,249,0.047756116708098914,0.03946296676072164,0.056351122564260496,0.03257883030223734,0.025375986351139676,0.03981785637532126,0.015177286405861573,0.0021407480686978625,0.028601731687054915,0.013807693141498595,0.050807349665924276,0.0578397212543554,,,,,,,,,,,,,,,,
bin,offset_distance,6-10,,11724,40,456,262,0.038894575230296824,0.029805350915885962,0.04856282330783331,0.02234732173319686,0.015611545242195138,0.029778737572011875,0.016547253497099967,0.0044475213388256865,0.02906929256503621,0.021180347296994573,0.06347438752783964,0.060859465737514516,,,,,,,,,,,,,,,,
bin,offset_distance,11-20,,20058,40,530,353,0.026423372220560376,0.019586086183416677,0.03462893497494107,0.01759896300727889,0.011681996389059352,0.024314478746483622,0.008824409213281485,-0.0015527723989943684,0.01964799991374418,0.03623638741752961,0.0737750556792873,0.08199767711962834,,,,,,,,,,,,,,,,
bin,offset_distance,21-50,,28837,39,550,705,0.019072719076186843,0.014071989970410667,0.024950478775048652,0.024447758088566772,0.01884022504822008,0.0309697743616157,-0.0053750390123799285,-0.013636828735672003,0.0034346494002734386,0.05209635576624296,0.07655902004454343,0.16376306620209058,,,,,,,,,,,,,,,,
bin,offset_distance,51+,,2675,20,48,36,0.01794392523364486,0.0060295453012437945,0.03912901184855096,0.013457943925233645,0.004183736962849026,0.02488074630629125,0.004485981308411215,-0.010765222196393323,0.03007535931899027,0.004832602270510106,0.0066815144766146995,0.008362369337979094,,,,,,,,,,,,,,,,
bin,offset_distance,in_speech,,470043,40,4893,2283,0.010409685922351785,0.007610119019251102,0.01343733520270966,0.004857002444457209,0.004061930468910848,0.005744831480776428,0.005552683477894576,0.002793958402875914,0.008603008472261307,0.8491704183317315,0.6810968819599109,0.5303135888501742,,,,,,,,,,,,,,,,
bin,speech_run_length,1-2,,20,2,0,1,0.0,0.0,0.0,0.05,0.0,0.08333333333333333,-0.05,-0.08333333333333333,0.0,3.613160576082322e-05,0.0,0.00023228803716608595,,,,,,,,,,,,,,,,
bin,speech_run_length,3-5,,154,7,14,0,0.09090909090909091,0.015503875968992248,0.22957124842370769,0.0,0.0,0.0,0.09090909090909091,0.015503875968992248,0.22957124842370769,0.00027821336435833883,0.0019487750556792874,0.0,,,,,,,,,,,,,,,,
bin,speech_run_length,6-10,,170,4,1,1,0.0058823529411764705,0.0,0.041666666666666664,0.0058823529411764705,0.0,0.027777777777777776,0.0,-0.027777777777777776,0.041666666666666664,0.0003071186489669974,0.00013919821826280623,0.00023228803716608595,,,,,,,,,,,,,,,,
bin,speech_run_length,11-20,,970,8,10,8,0.010309278350515464,0.0,0.030578294121459598,0.008247422680412371,0.0009994559841740851,0.019660177671698906,0.002061855670103093,-0.01115390097034336,0.02010258639167402,0.0017523828793999264,0.0013919821826280624,0.0018583042973286876,,,,,,,,,,,,,,,,
bin,speech_run_length,21-50,,12256,34,131,69,0.01068864229765013,0.006366484797483722,0.015898516353594204,0.005629895561357703,0.0034346863260669735,0.008035710321904262,0.005058746736292428,-6.89333228387682e-05,0.010947611877194337,0.022141448010232472,0.018234966592427616,0.01602787456445993,,,,,,,,,,,,,,,,
bin,speech_run_length,51-100,,45690,36,499,219,0.010921427008098053,0.006743480972323202,0.015647810318196682,0.00479317137229153,0.003497944132409263,0.006182576224068174,0.006128255635806522,0.0014454057444983157,0.011475498807779134,0.08254265336060065,0.06945991091314031,0.050871080139372825,,,,,,,,,,,,,,,,
bin,speech_run_length,101-200,,181670,40,2052,959,0.011295205592557934,0.0081621164297669,0.014776314357671875,0.005278802223812407,0.003998050577097041,0.006645561625712925,0.006016403368745527,0.003075999134546669,0.009177651592415511,0.3282014409284377,0.2856347438752784,0.22276422764227644,,,,,,,,,,,,,,,,
bin,speech_run_length,201+,,229113,38,2186,1026,0.009541143453230502,0.006271812337533781,0.013157701670989862,0.004478139607966375,0.003544769562708461,0.005514531910222618,0.005063003845264128,0.0017447853412966253,0.008789415175764464,0.4139110295339746,0.3042873051224944,0.23832752613240418,,,,,,,,,,,,,,,,
bin,speech_run_length,not_in_speech,,83489,40,2291,2022,0.027440740696379164,0.022189411245658004,0.03349048214001234,0.024218759357520152,0.019726226108144455,0.028955630345409263,0.0032219813388590112,-0.004990949707746951,0.012346655765381855,0.15082958166826851,0.3189031180400891,0.4696864111498258,,,,,,,,,,,,,,,,
bin,silence_run_length,1-2,,20,3,0,0,0.0,0.0,0.0,0.0,0.0,0.0,0.0,0.0,0.0,3.613160576082322e-05,0.0,0.0,,,,,,,,,,,,,,,,
bin,silence_run_length,3-5,,1892,31,23,53,0.012156448202959831,0.0067493470530853705,0.018723404603339593,0.028012684989429177,0.016864026585917007,0.040087925826769746,-0.015856236786469344,-0.028557472087031206,-0.0032864290181363483,0.003418049904973877,0.0032015590200445434,0.012311265969802556,,,,,,,,,,,,,,,,
bin,silence_run_length,6-10,,1846,28,68,62,0.03683640303358613,0.02114016895833527,0.05665779018885304,0.03358613217768147,0.021406150827996077,0.04846229825652043,0.0032502708559046588,-0.0226904839764552,0.029889434040494718,0.0033349472117239834,0.009465478841870824,0.014401858304297329,,,,,,,,,,,,,,,,
bin,silence_run_length,11-20,,8044,34,273,229,0.03393833913475883,0.0235744180964764,0.045153284480059556,0.02846842366981601,0.018020742081420855,0.04019918218991367,0.005469915464942815,-0.012695184138827139,0.023809670709349876,0.0145321318370031,0.0380011135857461,0.05319396051103368,,,,,,,,,,,,,,,,
bin,silence_run_length,21-50,,56855,39,1638,1342,0.02881013103508926,0.023120359070431914,0.03508346624239372,0.023603904669773985,0.018749820445542874,0.02889346742754917,0.005206226365315276,-0.0032046447505151682,0.01395836469990571,0.10271312227658022,0.22800668151447662,0.31173054587688737,,,,,,,,,,,,,,,,
bin,silence_run_length,51-100,,14340,21,285,331,0.0198744769874477,0.011566046943971136,0.03238734128694677,0.02308228730822873,0.01251586038961459,0.03235175434077377,-0.003207810320781032,-0.019870444799011917,0.017923802226512287,0.02590636133051025,0.03967149220489978,0.07688734030197444,,,,,,,,,,,,,,,,
bin,silence_run_length,101-200,,492,1,4,5,0.008130081300813009,0.008130081300813009,0.008130081300813009,0.01016260162601626,0.01016260162601626,0.01016260162601626,-0.0020325203252032522,-0.0020325203252032522,-0.0020325203252032522,0.0008888375017162513,0.0005567928730512249,0.0011614401858304297,,,,,,,,,,,,,,,,
bin,silence_run_length,201+,,0,0,0,0,,,,,,,,,,0.0,0.0,0.0,,,,,,,,,,,,,,,,
bin,silence_run_length,in_speech,,470043,40,4893,2283,0.010409685922351785,0.007610119019251102,0.01343733520270966,0.004857002444457209,0.004061930468910848,0.005744831480776428,0.005552683477894576,0.002793958402875914,0.008603008472261307,0.8491704183317315,0.6810968819599109,0.5303135888501742,,,,,,,,,,,,,,,,
bin,recent_posterior_transition,0,,10265,40,1910,955,0.18606916707257673,0.16711072961373388,0.20481479606747144,0.09303458353628836,0.0838568392280948,0.10297444821254655,0.09303458353628836,0.06672727926985783,0.11868233788496024,0.01854454665674252,0.2658685968819599,0.2218350754936121,,,,,,,,,,,,,,,,
bin,recent_posterior_transition,1-2,,15024,40,1333,594,0.08872470713525027,0.07129806275186845,0.10662329379440605,0.03953674121405751,0.03471447417226716,0.04455331845512959,0.04918796592119276,0.030697363220294423,0.06824182841970335,0.027142062247530404,0.18555122494432072,0.13797909407665504,,,,,,,,,,,,,,,,
bin,recent_posterior_transition,3-5,,18211,40,727,318,0.03992092691230575,0.029572058407681814,0.05015816467982008,0.017461973532480368,0.014683130529634362,0.020468096729636495,0.02245895337982538,0.011647668132234739,0.033301142303504463,0.03289963362551759,0.10119710467706014,0.07386759581881533,,,,,,,,,,,,,,,,
bin,recent_posterior_transition,6-10,,25751,40,492,246,0.019106054133820046,0.013734188616454274,0.024471183444946185,0.009553027066910023,0.007434703223737764,0.011782129932097714,0.009553027066910023,0.004181758742897441,0.014847595479341594,0.04652124899734794,0.06848552338530067,0.05714285714285714,,,,,,,,,,,,,,,,
bin,recent_posterior_transition,11-25,,61601,40,582,418,0.009447898573075113,0.006864764770153767,0.012136002920015463,0.006785604129803087,0.004492875218772241,0.009208266861150526,0.002662294443272025,0.0002527220572681558,0.004990383916878371,0.11128715232362357,0.08101336302895323,0.09709639953542393,,,,,,,,,,,,,,,,
bin,recent_posterior_transition,26+,,315140,39,1434,1334,0.004550358570793933,0.003626940549138255,0.005616189697960497,0.004233039284127689,0.0034400698179383638,0.005133231318901999,0.0003173192866662436,-0.0007774779533709284,0.0013882009364853311,0.5693257119732915,0.19961024498886415,0.30987224157955867,,,,,,,,,,,,,,,,
bin,recent_posterior_transition,none,,107540,40,706,440,0.0065649990701134465,0.004989282490674316,0.008456802676666793,0.004091500836897899,0.003183908417496726,0.005172687787932376,0.0024734982332155478,0.0008016198101226764,0.004416688900458393,0.19427964417594648,0.0982739420935412,0.10220673635307782,,,,,,,,,,,,,,,,
bin,recent_uncertainty_duration,0,,525856,40,1514,1071,0.002879115195034382,0.002115360561038331,0.003730401428890659,0.0020366792429866733,0.0015791968794880561,0.0025367302629970864,0.0008424359520477089,9.249133043283594e-05,0.0016732016810509323,0.9500010839481728,0.21074610244988864,0.24878048780487805,,,,,,,,,,,,,,,,
bin,recent_uncertainty_duration,1-2,,15213,40,2826,1711,0.1857621770853875,0.17185463601218298,0.19871650607014504,0.1124695983698153,0.10336276305399363,0.12263990279880777,0.07329257871557221,0.05392145894895986,0.09132724457076973,0.027483505921970183,0.39337416481069043,0.39744483159117305,,,,,,,,,,,,,,,,
bin,recent_uncertainty_duration,3-5,,7951,40,1825,977,0.22953087661929317,0.20651317996337892,0.2515914292983868,0.12287762545591749,0.11111081803474712,0.13572159947266876,0.10665325116337568,0.07421503238100854,0.13786840382067247,0.014364119870215273,0.25403674832962136,0.22694541231126597,,,,,,,,,,,,,,,,
bin,recent_uncertainty_duration,6-10,,3323,40,759,405,0.22840806500150465,0.19902054087889923,0.2556773979448342,0.12187782124586218,0.10276142043854344,0.14501354437659117,0.10653024375564249,0.061310342711111604,0.1458541504313223,0.006003266297160779,0.10565144766146993,0.09407665505226481,,,,,,,,,,,,,,,,
bin,recent_uncertainty_duration,11-25,,1131,39,251,128,0.22192749778956675,0.1842419168766863,0.26104425823556426,0.11317418213969938,0.08096776545970827,0.14790739921139454,0.10875331564986737,0.054392696104318156,0.16294528325692897,0.002043242305774553,0.03493875278396436,0.029732868757259,,,,,,,,,,,,,,,,
bin,recent_uncertainty_duration,26+,,58,8,9,13,0.15517241379310345,0.0,0.3695652173913043,0.22413793103448276,0.0,0.46429473304473295,-0.06896551724137931,-0.4565372670807453,0.34782608695652173,0.00010478165670638735,0.0012527839643652562,0.0030197444831591173,,,,,,,,,,,,,,,,
contrast,onset_distance,,onset_near_vs_established,,,,,,0.014724660461919822,0.028884889773776457,,0.011644402853720115,0.021925137166143575,,-0.0057064000429764734,0.015512487367313333,,,,0|1-2|3-5,21-50|51+,18048,407850,0.030474290780141845,0.020279255319148936,0.010195035460992909,0.009331862204241755,0.0036925340198602427,0.0056393281843815125,0.02114242857590009,0.016586721299288693,0.004555707276611396,0.013016914989746891,-0.0022274087856772326,False
contrast,offset_distance,,offset_near_vs_later,,,,,,0.013098196344259381,0.02544832708998706,,0.0025538926569661042,0.018830139496723106,,-0.0013469068170708736,0.019281503092682645,,,,0|1-2|3-5,21-50|51+,16715,31512,0.038348788513311395,0.03446006580915346,0.003888722704157942,0.018976897689768978,0.023514851485148515,-0.004537953795379538,0.019371890823542418,0.010945214324004943,0.00842667649953748,0.01590849861850801,0.0026356050794535376,False
contrast,speech_run_length,,short_vs_long_speech_runs,,,,,,-0.004317700151466246,0.03174294834235547,,-0.0028302940795157713,0.010557772076497648,,-0.007798830630354697,0.02848100581605871,,,,1-2|3-5|6-10|11-20,21-50|51-100|101-200|201+,1314,468729,0.01902587519025875,0.0076103500761035,0.01141552511415525,0.01038553193849751,0.00484928391458604,0.0055362480239114715,0.00864034325176124,0.0027610661615174604,0.005879277090243779,-0.0062540457360988075,0.030625932959639245,False
contrast,silence_run_length,,short_vs_long_silence_runs,,,,,,-0.005413511349860123,0.013872836684521023,,-0.0036720981037183815,0.015601079827951147,,-0.01742997490655724,0.013976672016823134,,,,1-2|3-5|6-10|11-20,21-50|51-100|101-200|201+,11802,71687,0.03084223013048636,0.029147602101338755,0.0016946280291476022,0.026880745462915173,0.023407312343939626,0.0034734331189755466,0.003961484667571187,0.005740289757399129,-0.0017788050898279444,0.0030888286807210664,-0.004486280809932304,False
contrast,recent_posterior_transition,,near_vs_far_from_posterior_transition,,,,,,0.07129365874268428,0.10117407254002263,,0.034854738818428724,0.04299704245064756,,0.031106053767624785,0.06430933728685227,,,,0|1-2|3-5,26+|none,43500,422680,0.09126436781609196,0.042919540229885055,0.048344827586206895,0.00506293176871392,0.004197028484905839,0.0008659032838080818,0.08620143604737804,0.03872251174497922,0.04747892430239881,0.04834810953970136,0.04683914907049297,True
contrast,recent_uncertainty_duration,,persistent_uncertainty_vs_certain,,,,,,0.17579821405460835,0.25989303440712574,,0.07808916530526686,0.161009497537496,,0.029748063663006946,0.16586844048524582,,,,11-25|26+,0,1189,525856,0.21867115222876365,0.11858704793944491,0.10008410428931876,0.002879115195034382,0.0020366792429866733,0.0008424359520477089,0.21579203703372926,0.11655036869645824,0.09924166833727105,0.08383348849684438,0.11863043781713317,True
