condition,seed,row_type,full_taxonomy,intervention_taxonomy,count,full_state_count,proportion_within_full_state
C1_FULL,0,per_realization,SS,SS,267837.0,267837.0,1.0
C1_FULL,0,per_realization,SS,R,0.0,267837.0,0.0
C1_FULL,0,per_realization,SS,I,0.0,267837.0,0.0
C1_FULL,0,per_realization,SS,H,0.0,267837.0,0.0
C1_FULL,0,per_realization,R,SS,0.0,3981.0,0.0
C1_FULL,0,per_realization,R,R,3981.0,3981.0,1.0
C1_FULL,0,per_realization,R,I,0.0,3981.0,0.0
C1_FULL,0,per_realization,R,H,0.0,3981.0,0.0
C1_FULL,0,per_realization,I,SS,0.0,24087.0,0.0
C1_FULL,0,per_realization,I,R,0.0,24087.0,0.0
C1_FULL,0,per_realization,I,I,24087.0,24087.0,1.0
C1_FULL,0,per_realization,I,H,0.0,24087.0,0.0
C1_FULL,0,per_realization,H,SS,0.0,2395.0,0.0
C1_FULL,0,per_realization,H,R,0.0,2395.0,0.0
C1_FULL,0,per_realization,H,I,0.0,2395.0,0.0
C1_FULL,0,per_realization,H,H,2395.0,2395.0,1.0
C2_REMOTE_ZERO,0,per_realization,SS,SS,265788.0,267837.0,0.992349824706818
C2_REMOTE_ZERO,0,per_realization,SS,R,0.0,267837.0,0.0
C2_REMOTE_ZERO,0,per_realization,SS,I,0.0,267837.0,0.0
C2_REMOTE_ZERO,0,per_realization,SS,H,2049.0,267837.0,0.007650175293182048
C2_REMOTE_ZERO,0,per_realization,R,SS,0.0,3981.0,0.0
C2_REMOTE_ZERO,0,per_realization,R,R,1451.0,3981.0,0.3644812861090178
C2_REMOTE_ZERO,0,per_realization,R,I,2530.0,3981.0,0.6355187138909821
C2_REMOTE_ZERO,0,per_realization,R,H,0.0,3981.0,0.0
C2_REMOTE_ZERO,0,per_realization,I,SS,0.0,24087.0,0.0
C2_REMOTE_ZERO,0,per_realization,I,R,1186.0,24087.0,0.049238178270436334
C2_REMOTE_ZERO,0,per_realization,I,I,22901.0,24087.0,0.9507618217295637
C2_REMOTE_ZERO,0,per_realization,I,H,0.0,24087.0,0.0
C2_REMOTE_ZERO,0,per_realization,H,SS,1558.0,2395.0,0.6505219206680585
C2_REMOTE_ZERO,0,per_realization,H,R,0.0,2395.0,0.0
C2_REMOTE_ZERO,0,per_realization,H,I,0.0,2395.0,0.0
C2_REMOTE_ZERO,0,per_realization,H,H,837.0,2395.0,0.3494780793319415
C3_REMOTE_PERMUTE,101,per_realization,SS,SS,267378.0,267837.0,0.9982862711275888
C3_REMOTE_PERMUTE,101,per_realization,SS,R,0.0,267837.0,0.0
C3_REMOTE_PERMUTE,101,per_realization,SS,I,0.0,267837.0,0.0
C3_REMOTE_PERMUTE,101,per_realization,SS,H,459.0,267837.0,0.0017137288724112054
C3_REMOTE_PERMUTE,101,per_realization,R,SS,0.0,3981.0,0.0
C3_REMOTE_PERMUTE,101,per_realization,R,R,3386.0,3981.0,0.8505400653102235
C3_REMOTE_PERMUTE,101,per_realization,R,I,595.0,3981.0,0.14945993468977645
C3_REMOTE_PERMUTE,101,per_realization,R,H,0.0,3981.0,0.0
C3_REMOTE_PERMUTE,101,per_realization,I,SS,0.0,24087.0,0.0
C3_REMOTE_PERMUTE,101,per_realization,I,R,549.0,24087.0,0.02279237763108731
C3_REMOTE_PERMUTE,101,per_realization,I,I,23538.0,24087.0,0.9772076223689127
C3_REMOTE_PERMUTE,101,per_realization,I,H,0.0,24087.0,0.0
C3_REMOTE_PERMUTE,101,per_realization,H,SS,545.0,2395.0,0.22755741127348644
C3_REMOTE_PERMUTE,101,per_realization,H,R,0.0,2395.0,0.0
C3_REMOTE_PERMUTE,101,per_realization,H,I,0.0,2395.0,0.0
C3_REMOTE_PERMUTE,101,per_realization,H,H,1850.0,2395.0,0.7724425887265136
C3_REMOTE_PERMUTE,211,per_realization,SS,SS,267391.0,267837.0,0.9983348081109032
C3_REMOTE_PERMUTE,211,per_realization,SS,R,0.0,267837.0,0.0
C3_REMOTE_PERMUTE,211,per_realization,SS,I,0.0,267837.0,0.0
C3_REMOTE_PERMUTE,211,per_realization,SS,H,446.0,267837.0,0.0016651918890967267
C3_REMOTE_PERMUTE,211,per_realization,R,SS,0.0,3981.0,0.0
C3_REMOTE_PERMUTE,211,per_realization,R,R,3380.0,3981.0,0.8490329063049485
C3_REMOTE_PERMUTE,211,per_realization,R,I,601.0,3981.0,0.15096709369505149
C3_REMOTE_PERMUTE,211,per_realization,R,H,0.0,3981.0,0.0
C3_REMOTE_PERMUTE,211,per_realization,I,SS,0.0,24087.0,0.0
C3_REMOTE_PERMUTE,211,per_realization,I,R,556.0,24087.0,0.02308299082492631
C3_REMOTE_PERMUTE,211,per_realization,I,I,23531.0,24087.0,0.9769170091750737
C3_REMOTE_PERMUTE,211,per_realization,I,H,0.0,24087.0,0.0
C3_REMOTE_PERMUTE,211,per_realization,H,SS,563.0,2395.0,0.2350730688935282
C3_REMOTE_PERMUTE,211,per_realization,H,R,0.0,2395.0,0.0
C3_REMOTE_PERMUTE,211,per_realization,H,I,0.0,2395.0,0.0
C3_REMOTE_PERMUTE,211,per_realization,H,H,1832.0,2395.0,0.7649269311064718
C3_REMOTE_PERMUTE,307,per_realization,SS,SS,267368.0,267837.0,0.9982489349865776
C3_REMOTE_PERMUTE,307,per_realization,SS,R,0.0,267837.0,0.0
C3_REMOTE_PERMUTE,307,per_realization,SS,I,0.0,267837.0,0.0
C3_REMOTE_PERMUTE,307,per_realization,SS,H,469.0,267837.0,0.0017510650134223427
C3_REMOTE_PERMUTE,307,per_realization,R,SS,0.0,3981.0,0.0
C3_REMOTE_PERMUTE,307,per_realization,R,R,3411.0,3981.0,0.8568198944988696
C3_REMOTE_PERMUTE,307,per_realization,R,I,570.0,3981.0,0.14318010550113036
C3_REMOTE_PERMUTE,307,per_realization,R,H,0.0,3981.0,0.0
C3_REMOTE_PERMUTE,307,per_realization,I,SS,0.0,24087.0,0.0
C3_REMOTE_PERMUTE,307,per_realization,I,R,549.0,24087.0,0.02279237763108731
C3_REMOTE_PERMUTE,307,per_realization,I,I,23538.0,24087.0,0.9772076223689127
C3_REMOTE_PERMUTE,307,per_realization,I,H,0.0,24087.0,0.0
C3_REMOTE_PERMUTE,307,per_realization,H,SS,557.0,2395.0,0.2325678496868476
C3_REMOTE_PERMUTE,307,per_realization,H,R,0.0,2395.0,0.0
C3_REMOTE_PERMUTE,307,per_realization,H,I,0.0,2395.0,0.0
C3_REMOTE_PERMUTE,307,per_realization,H,H,1838.0,2395.0,0.7674321503131524
C3_REMOTE_PERMUTE,401,per_realization,SS,SS,267364.0,267837.0,0.9982340005301732
C3_REMOTE_PERMUTE,401,per_realization,SS,R,0.0,267837.0,0.0
C3_REMOTE_PERMUTE,401,per_realization,SS,I,0.0,267837.0,0.0
C3_REMOTE_PERMUTE,401,per_realization,SS,H,473.0,267837.0,0.0017659994698267976
C3_REMOTE_PERMUTE,401,per_realization,R,SS,0.0,3981.0,0.0
C3_REMOTE_PERMUTE,401,per_realization,R,R,3385.0,3981.0,0.8502888721426777
C3_REMOTE_PERMUTE,401,per_realization,R,I,596.0,3981.0,0.14971112785732227
C3_REMOTE_PERMUTE,401,per_realization,R,H,0.0,3981.0,0.0
C3_REMOTE_PERMUTE,401,per_realization,I,SS,0.0,24087.0,0.0
C3_REMOTE_PERMUTE,401,per_realization,I,R,570.0,24087.0,0.02366421721260431
C3_REMOTE_PERMUTE,401,per_realization,I,I,23517.0,24087.0,0.9763357827873957
C3_REMOTE_PERMUTE,401,per_realization,I,H,0.0,24087.0,0.0
C3_REMOTE_PERMUTE,401,per_realization,H,SS,557.0,2395.0,0.2325678496868476
C3_REMOTE_PERMUTE,401,per_realization,H,R,0.0,2395.0,0.0
C3_REMOTE_PERMUTE,401,per_realization,H,I,0.0,2395.0,0.0
C3_REMOTE_PERMUTE,401,per_realization,H,H,1838.0,2395.0,0.7674321503131524
C3_REMOTE_PERMUTE,503,per_realization,SS,SS,267384.0,267837.0,0.9983086728121955
C3_REMOTE_PERMUTE,503,per_realization,SS,R,0.0,267837.0,0.0
C3_REMOTE_PERMUTE,503,per_realization,SS,I,0.0,267837.0,0.0
C3_REMOTE_PERMUTE,503,per_realization,SS,H,453.0,267837.0,0.0016913271878045229
C3_REMOTE_PERMUTE,503,per_realization,R,SS,0.0,3981.0,0.0
C3_REMOTE_PERMUTE,503,per_realization,R,R,3382.0,3981.0,0.8495352926400402
C3_REMOTE_PERMUTE,503,per_realization,R,I,599.0,3981.0,0.15046470735995982
C3_REMOTE_PERMUTE,503,per_realization,R,H,0.0,3981.0,0.0
C3_REMOTE_PERMUTE,503,per_realization,I,SS,0.0,24087.0,0.0
C3_REMOTE_PERMUTE,503,per_realization,I,R,559.0,24087.0,0.023207539336571596
C3_REMOTE_PERMUTE,503,per_realization,I,I,23528.0,24087.0,0.9767924606634284
C3_REMOTE_PERMUTE,503,per_realization,I,H,0.0,24087.0,0.0
C3_REMOTE_PERMUTE,503,per_realization,H,SS,544.0,2395.0,0.22713987473903965
C3_REMOTE_PERMUTE,503,per_realization,H,R,0.0,2395.0,0.0
C3_REMOTE_PERMUTE,503,per_realization,H,I,0.0,2395.0,0.0
C3_REMOTE_PERMUTE,503,per_realization,H,H,1851.0,2395.0,0.7728601252609604
C4_REMOTE_MATCHED_REPLACE,101,per_realization,SS,SS,264897.0,267837.0,0.9890231745427256
C4_REMOTE_MATCHED_REPLACE,101,per_realization,SS,R,0.0,267837.0,0.0
C4_REMOTE_MATCHED_REPLACE,101,per_realization,SS,I,0.0,267837.0,0.0
C4_REMOTE_MATCHED_REPLACE,101,per_realization,SS,H,2940.0,267837.0,0.010976825457274388
C4_REMOTE_MATCHED_REPLACE,101,per_realization,R,SS,0.0,3981.0,0.0
C4_REMOTE_MATCHED_REPLACE,101,per_realization,R,R,1299.0,3981.0,0.3262999246420497
C4_REMOTE_MATCHED_REPLACE,101,per_realization,R,I,2682.0,3981.0,0.6737000753579503
C4_REMOTE_MATCHED_REPLACE,101,per_realization,R,H,0.0,3981.0,0.0
C4_REMOTE_MATCHED_REPLACE,101,per_realization,I,SS,0.0,24087.0,0.0
C4_REMOTE_MATCHED_REPLACE,101,per_realization,I,R,1049.0,24087.0,0.043550462905301617
C4_REMOTE_MATCHED_REPLACE,101,per_realization,I,I,23038.0,24087.0,0.9564495370946984
C4_REMOTE_MATCHED_REPLACE,101,per_realization,I,H,0.0,24087.0,0.0
C4_REMOTE_MATCHED_REPLACE,101,per_realization,H,SS,1394.0,2395.0,0.5820459290187892
C4_REMOTE_MATCHED_REPLACE,101,per_realization,H,R,0.0,2395.0,0.0
C4_REMOTE_MATCHED_REPLACE,101,per_realization,H,I,0.0,2395.0,0.0
C4_REMOTE_MATCHED_REPLACE,101,per_realization,H,H,1001.0,2395.0,0.41795407098121085
C4_REMOTE_MATCHED_REPLACE,211,per_realization,SS,SS,264894.0,267837.0,0.9890119737004223
C4_REMOTE_MATCHED_REPLACE,211,per_realization,SS,R,0.0,267837.0,0.0
C4_REMOTE_MATCHED_REPLACE,211,per_realization,SS,I,0.0,267837.0,0.0
C4_REMOTE_MATCHED_REPLACE,211,per_realization,SS,H,2943.0,267837.0,0.010988026299577729
C4_REMOTE_MATCHED_REPLACE,211,per_realization,R,SS,0.0,3981.0,0.0
C4_REMOTE_MATCHED_REPLACE,211,per_realization,R,R,1299.0,3981.0,0.3262999246420497
C4_REMOTE_MATCHED_REPLACE,211,per_realization,R,I,2682.0,3981.0,0.6737000753579503
C4_REMOTE_MATCHED_REPLACE,211,per_realization,R,H,0.0,3981.0,0.0
C4_REMOTE_MATCHED_REPLACE,211,per_realization,I,SS,0.0,24087.0,0.0
C4_REMOTE_MATCHED_REPLACE,211,per_realization,I,R,1049.0,24087.0,0.043550462905301617
C4_REMOTE_MATCHED_REPLACE,211,per_realization,I,I,23038.0,24087.0,0.9564495370946984
C4_REMOTE_MATCHED_REPLACE,211,per_realization,I,H,0.0,24087.0,0.0
C4_REMOTE_MATCHED_REPLACE,211,per_realization,H,SS,1402.0,2395.0,0.5853862212943632
C4_REMOTE_MATCHED_REPLACE,211,per_realization,H,R,0.0,2395.0,0.0
C4_REMOTE_MATCHED_REPLACE,211,per_realization,H,I,0.0,2395.0,0.0
C4_REMOTE_MATCHED_REPLACE,211,per_realization,H,H,993.0,2395.0,0.41461377870563676
C4_REMOTE_MATCHED_REPLACE,307,per_realization,SS,SS,264897.0,267837.0,0.9890231745427256
C4_REMOTE_MATCHED_REPLACE,307,per_realization,SS,R,0.0,267837.0,0.0
C4_REMOTE_MATCHED_REPLACE,307,per_realization,SS,I,0.0,267837.0,0.0
C4_REMOTE_MATCHED_REPLACE,307,per_realization,SS,H,2940.0,267837.0,0.010976825457274388
C4_REMOTE_MATCHED_REPLACE,307,per_realization,R,SS,0.0,3981.0,0.0
C4_REMOTE_MATCHED_REPLACE,307,per_realization,R,R,1299.0,3981.0,0.3262999246420497
C4_REMOTE_MATCHED_REPLACE,307,per_realization,R,I,2682.0,3981.0,0.6737000753579503
C4_REMOTE_MATCHED_REPLACE,307,per_realization,R,H,0.0,3981.0,0.0
C4_REMOTE_MATCHED_REPLACE,307,per_realization,I,SS,0.0,24087.0,0.0
C4_REMOTE_MATCHED_REPLACE,307,per_realization,I,R,1049.0,24087.0,0.043550462905301617
C4_REMOTE_MATCHED_REPLACE,307,per_realization,I,I,23038.0,24087.0,0.9564495370946984
C4_REMOTE_MATCHED_REPLACE,307,per_realization,I,H,0.0,24087.0,0.0
C4_REMOTE_MATCHED_REPLACE,307,per_realization,H,SS,1402.0,2395.0,0.5853862212943632
C4_REMOTE_MATCHED_REPLACE,307,per_realization,H,R,0.0,2395.0,0.0
C4_REMOTE_MATCHED_REPLACE,307,per_realization,H,I,0.0,2395.0,0.0
C4_REMOTE_MATCHED_REPLACE,307,per_realization,H,H,993.0,2395.0,0.41461377870563676
C4_REMOTE_MATCHED_REPLACE,401,per_realization,SS,SS,264897.0,267837.0,0.9890231745427256
C4_REMOTE_MATCHED_REPLACE,401,per_realization,SS,R,0.0,267837.0,0.0
C4_REMOTE_MATCHED_REPLACE,401,per_realization,SS,I,0.0,267837.0,0.0
C4_REMOTE_MATCHED_REPLACE,401,per_realization,SS,H,2940.0,267837.0,0.010976825457274388
C4_REMOTE_MATCHED_REPLACE,401,per_realization,R,SS,0.0,3981.0,0.0
C4_REMOTE_MATCHED_REPLACE,401,per_realization,R,R,1299.0,3981.0,0.3262999246420497
C4_REMOTE_MATCHED_REPLACE,401,per_realization,R,I,2682.0,3981.0,0.6737000753579503
C4_REMOTE_MATCHED_REPLACE,401,per_realization,R,H,0.0,3981.0,0.0
C4_REMOTE_MATCHED_REPLACE,401,per_realization,I,SS,0.0,24087.0,0.0
C4_REMOTE_MATCHED_REPLACE,401,per_realization,I,R,1049.0,24087.0,0.043550462905301617
C4_REMOTE_MATCHED_REPLACE,401,per_realization,I,I,23038.0,24087.0,0.9564495370946984
C4_REMOTE_MATCHED_REPLACE,401,per_realization,I,H,0.0,24087.0,0.0
C4_REMOTE_MATCHED_REPLACE,401,per_realization,H,SS,1402.0,2395.0,0.5853862212943632
C4_REMOTE_MATCHED_REPLACE,401,per_realization,H,R,0.0,2395.0,0.0
C4_REMOTE_MATCHED_REPLACE,401,per_realization,H,I,0.0,2395.0,0.0
C4_REMOTE_MATCHED_REPLACE,401,per_realization,H,H,993.0,2395.0,0.41461377870563676
C4_REMOTE_MATCHED_REPLACE,503,per_realization,SS,SS,264894.0,267837.0,0.9890119737004223
C4_REMOTE_MATCHED_REPLACE,503,per_realization,SS,R,0.0,267837.0,0.0
C4_REMOTE_MATCHED_REPLACE,503,per_realization,SS,I,0.0,267837.0,0.0
C4_REMOTE_MATCHED_REPLACE,503,per_realization,SS,H,2943.0,267837.0,0.010988026299577729
C4_REMOTE_MATCHED_REPLACE,503,per_realization,R,SS,0.0,3981.0,0.0
C4_REMOTE_MATCHED_REPLACE,503,per_realization,R,R,1299.0,3981.0,0.3262999246420497
C4_REMOTE_MATCHED_REPLACE,503,per_realization,R,I,2682.0,3981.0,0.6737000753579503
C4_REMOTE_MATCHED_REPLACE,503,per_realization,R,H,0.0,3981.0,0.0
C4_REMOTE_MATCHED_REPLACE,503,per_realization,I,SS,0.0,24087.0,0.0
C4_REMOTE_MATCHED_REPLACE,503,per_realization,I,R,1049.0,24087.0,0.043550462905301617
C4_REMOTE_MATCHED_REPLACE,503,per_realization,I,I,23038.0,24087.0,0.9564495370946984
C4_REMOTE_MATCHED_REPLACE,503,per_realization,I,H,0.0,24087.0,0.0
C4_REMOTE_MATCHED_REPLACE,503,per_realization,H,SS,1402.0,2395.0,0.5853862212943632
C4_REMOTE_MATCHED_REPLACE,503,per_realization,H,R,0.0,2395.0,0.0
C4_REMOTE_MATCHED_REPLACE,503,per_realization,H,I,0.0,2395.0,0.0
C4_REMOTE_MATCHED_REPLACE,503,per_realization,H,H,993.0,2395.0,0.41461377870563676
C5_LOCAL_PERMUTE,101,per_realization,SS,SS,266691.0,267837.0,0.9957212782401237
C5_LOCAL_PERMUTE,101,per_realization,SS,R,0.0,267837.0,0.0
C5_LOCAL_PERMUTE,101,per_realization,SS,I,0.0,267837.0,0.0
C5_LOCAL_PERMUTE,101,per_realization,SS,H,1146.0,267837.0,0.0042787217598763425
C5_LOCAL_PERMUTE,101,per_realization,R,SS,0.0,3981.0,0.0
C5_LOCAL_PERMUTE,101,per_realization,R,R,3090.0,3981.0,0.7761868877166541
C5_LOCAL_PERMUTE,101,per_realization,R,I,891.0,3981.0,0.22381311228334588
C5_LOCAL_PERMUTE,101,per_realization,R,H,0.0,3981.0,0.0
C5_LOCAL_PERMUTE,101,per_realization,I,SS,0.0,24087.0,0.0
C5_LOCAL_PERMUTE,101,per_realization,I,R,1380.0,24087.0,0.057292315356831484
C5_LOCAL_PERMUTE,101,per_realization,I,I,22707.0,24087.0,0.9427076846431686
C5_LOCAL_PERMUTE,101,per_realization,I,H,0.0,24087.0,0.0
C5_LOCAL_PERMUTE,101,per_realization,H,SS,884.0,2395.0,0.36910229645093945
C5_LOCAL_PERMUTE,101,per_realization,H,R,0.0,2395.0,0.0
C5_LOCAL_PERMUTE,101,per_realization,H,I,0.0,2395.0,0.0
C5_LOCAL_PERMUTE,101,per_realization,H,H,1511.0,2395.0,0.6308977035490605
C5_LOCAL_PERMUTE,211,per_realization,SS,SS,266723.0,267837.0,0.9958407538913593
C5_LOCAL_PERMUTE,211,per_realization,SS,R,0.0,267837.0,0.0
C5_LOCAL_PERMUTE,211,per_realization,SS,I,0.0,267837.0,0.0
C5_LOCAL_PERMUTE,211,per_realization,SS,H,1114.0,267837.0,0.004159246108640703
C5_LOCAL_PERMUTE,211,per_realization,R,SS,0.0,3981.0,0.0
C5_LOCAL_PERMUTE,211,per_realization,R,R,3088.0,3981.0,0.7756845013815624
C5_LOCAL_PERMUTE,211,per_realization,R,I,893.0,3981.0,0.22431549861843758
C5_LOCAL_PERMUTE,211,per_realization,R,H,0.0,3981.0,0.0
C5_LOCAL_PERMUTE,211,per_realization,I,SS,0.0,24087.0,0.0
C5_LOCAL_PERMUTE,211,per_realization,I,R,1391.0,24087.0,0.0577489932328642
C5_LOCAL_PERMUTE,211,per_realization,I,I,22696.0,24087.0,0.9422510067671358
C5_LOCAL_PERMUTE,211,per_realization,I,H,0.0,24087.0,0.0
C5_LOCAL_PERMUTE,211,per_realization,H,SS,878.0,2395.0,0.3665970772442589
C5_LOCAL_PERMUTE,211,per_realization,H,R,0.0,2395.0,0.0
C5_LOCAL_PERMUTE,211,per_realization,H,I,0.0,2395.0,0.0
C5_LOCAL_PERMUTE,211,per_realization,H,H,1517.0,2395.0,0.6334029227557412
C5_LOCAL_PERMUTE,307,per_realization,SS,SS,266694.0,267837.0,0.995732479082427
C5_LOCAL_PERMUTE,307,per_realization,SS,R,0.0,267837.0,0.0
C5_LOCAL_PERMUTE,307,per_realization,SS,I,0.0,267837.0,0.0
C5_LOCAL_PERMUTE,307,per_realization,SS,H,1143.0,267837.0,0.004267520917573001
C5_LOCAL_PERMUTE,307,per_realization,R,SS,0.0,3981.0,0.0
C5_LOCAL_PERMUTE,307,per_realization,R,R,3062.0,3981.0,0.7691534790253705
C5_LOCAL_PERMUTE,307,per_realization,R,I,919.0,3981.0,0.2308465209746295
C5_LOCAL_PERMUTE,307,per_realization,R,H,0.0,3981.0,0.0
C5_LOCAL_PERMUTE,307,per_realization,I,SS,0.0,24087.0,0.0
C5_LOCAL_PERMUTE,307,per_realization,I,R,1358.0,24087.0,0.056378959604766056
C5_LOCAL_PERMUTE,307,per_realization,I,I,22729.0,24087.0,0.943621040395234
C5_LOCAL_PERMUTE,307,per_realization,I,H,0.0,24087.0,0.0
C5_LOCAL_PERMUTE,307,per_realization,H,SS,905.0,2395.0,0.3778705636743215
C5_LOCAL_PERMUTE,307,per_realization,H,R,0.0,2395.0,0.0
C5_LOCAL_PERMUTE,307,per_realization,H,I,0.0,2395.0,0.0
C5_LOCAL_PERMUTE,307,per_realization,H,H,1490.0,2395.0,0.6221294363256785
C5_LOCAL_PERMUTE,401,per_realization,SS,SS,266726.0,267837.0,0.9958519547336626
C5_LOCAL_PERMUTE,401,per_realization,SS,R,0.0,267837.0,0.0
C5_LOCAL_PERMUTE,401,per_realization,SS,I,0.0,267837.0,0.0
C5_LOCAL_PERMUTE,401,per_realization,SS,H,1111.0,267837.0,0.004148045266337362
C5_LOCAL_PERMUTE,401,per_realization,R,SS,0.0,3981.0,0.0
C5_LOCAL_PERMUTE,401,per_realization,R,R,3109.0,3981.0,0.7809595579000251
C5_LOCAL_PERMUTE,401,per_realization,R,I,872.0,3981.0,0.2190404420999749
C5_LOCAL_PERMUTE,401,per_realization,R,H,0.0,3981.0,0.0
C5_LOCAL_PERMUTE,401,per_realization,I,SS,0.0,24087.0,0.0
C5_LOCAL_PERMUTE,401,per_realization,I,R,1307.0,24087.0,0.0542616349067962
C5_LOCAL_PERMUTE,401,per_realization,I,I,22780.0,24087.0,0.9457383650932037
C5_LOCAL_PERMUTE,401,per_realization,I,H,0.0,24087.0,0.0
C5_LOCAL_PERMUTE,401,per_realization,H,SS,882.0,2395.0,0.3682672233820459
C5_LOCAL_PERMUTE,401,per_realization,H,R,0.0,2395.0,0.0
C5_LOCAL_PERMUTE,401,per_realization,H,I,0.0,2395.0,0.0
C5_LOCAL_PERMUTE,401,per_realization,H,H,1513.0,2395.0,0.631732776617954
C5_LOCAL_PERMUTE,503,per_realization,SS,SS,266711.0,267837.0,0.995795950522146
C5_LOCAL_PERMUTE,503,per_realization,SS,R,0.0,267837.0,0.0
C5_LOCAL_PERMUTE,503,per_realization,SS,I,0.0,267837.0,0.0
C5_LOCAL_PERMUTE,503,per_realization,SS,H,1126.0,267837.0,0.004204049477854068
C5_LOCAL_PERMUTE,503,per_realization,R,SS,0.0,3981.0,0.0
C5_LOCAL_PERMUTE,503,per_realization,R,R,3100.0,3981.0,0.7786988193921125
C5_LOCAL_PERMUTE,503,per_realization,R,I,881.0,3981.0,0.22130118060788748
C5_LOCAL_PERMUTE,503,per_realization,R,H,0.0,3981.0,0.0
C5_LOCAL_PERMUTE,503,per_realization,I,SS,0.0,24087.0,0.0
C5_LOCAL_PERMUTE,503,per_realization,I,R,1364.0,24087.0,0.05662805662805663
C5_LOCAL_PERMUTE,503,per_realization,I,I,22723.0,24087.0,0.9433719433719434
C5_LOCAL_PERMUTE,503,per_realization,I,H,0.0,24087.0,0.0
C5_LOCAL_PERMUTE,503,per_realization,H,SS,899.0,2395.0,0.3753653444676409
C5_LOCAL_PERMUTE,503,per_realization,H,R,0.0,2395.0,0.0
C5_LOCAL_PERMUTE,503,per_realization,H,I,0.0,2395.0,0.0
C5_LOCAL_PERMUTE,503,per_realization,H,H,1496.0,2395.0,0.6246346555323591
C1_FULL,-1,mean_realization,H,H,2395.0,2395.0,1.0
C1_FULL,-1,mean_realization,H,I,0.0,2395.0,0.0
C1_FULL,-1,mean_realization,H,R,0.0,2395.0,0.0
C1_FULL,-1,mean_realization,H,SS,0.0,2395.0,0.0
C1_FULL,-1,mean_realization,I,H,0.0,24087.0,0.0
C1_FULL,-1,mean_realization,I,I,24087.0,24087.0,1.0
C1_FULL,-1,mean_realization,I,R,0.0,24087.0,0.0
C1_FULL,-1,mean_realization,I,SS,0.0,24087.0,0.0
C1_FULL,-1,mean_realization,R,H,0.0,3981.0,0.0
C1_FULL,-1,mean_realization,R,I,0.0,3981.0,0.0
C1_FULL,-1,mean_realization,R,R,3981.0,3981.0,1.0
C1_FULL,-1,mean_realization,R,SS,0.0,3981.0,0.0
C1_FULL,-1,mean_realization,SS,H,0.0,267837.0,0.0
C1_FULL,-1,mean_realization,SS,I,0.0,267837.0,0.0
C1_FULL,-1,mean_realization,SS,R,0.0,267837.0,0.0
C1_FULL,-1,mean_realization,SS,SS,267837.0,267837.0,1.0
C2_REMOTE_ZERO,-1,mean_realization,H,H,837.0,2395.0,0.3494780793319415
C2_REMOTE_ZERO,-1,mean_realization,H,I,0.0,2395.0,0.0
C2_REMOTE_ZERO,-1,mean_realization,H,R,0.0,2395.0,0.0
C2_REMOTE_ZERO,-1,mean_realization,H,SS,1558.0,2395.0,0.6505219206680585
C2_REMOTE_ZERO,-1,mean_realization,I,H,0.0,24087.0,0.0
C2_REMOTE_ZERO,-1,mean_realization,I,I,22901.0,24087.0,0.9507618217295637
C2_REMOTE_ZERO,-1,mean_realization,I,R,1186.0,24087.0,0.049238178270436334
C2_REMOTE_ZERO,-1,mean_realization,I,SS,0.0,24087.0,0.0
C2_REMOTE_ZERO,-1,mean_realization,R,H,0.0,3981.0,0.0
C2_REMOTE_ZERO,-1,mean_realization,R,I,2530.0,3981.0,0.6355187138909821
C2_REMOTE_ZERO,-1,mean_realization,R,R,1451.0,3981.0,0.3644812861090178
C2_REMOTE_ZERO,-1,mean_realization,R,SS,0.0,3981.0,0.0
C2_REMOTE_ZERO,-1,mean_realization,SS,H,2049.0,267837.0,0.007650175293182048
C2_REMOTE_ZERO,-1,mean_realization,SS,I,0.0,267837.0,0.0
C2_REMOTE_ZERO,-1,mean_realization,SS,R,0.0,267837.0,0.0
C2_REMOTE_ZERO,-1,mean_realization,SS,SS,265788.0,267837.0,0.992349824706818
C3_REMOTE_PERMUTE,-1,mean_realization,H,H,1841.8,2395.0,0.7690187891440501
C3_REMOTE_PERMUTE,-1,mean_realization,H,I,0.0,2395.0,0.0
C3_REMOTE_PERMUTE,-1,mean_realization,H,R,0.0,2395.0,0.0
C3_REMOTE_PERMUTE,-1,mean_realization,H,SS,553.2,2395.0,0.23098121085594991
C3_REMOTE_PERMUTE,-1,mean_realization,I,H,0.0,24087.0,0.0
C3_REMOTE_PERMUTE,-1,mean_realization,I,I,23530.4,24087.0,0.9768920994727447
C3_REMOTE_PERMUTE,-1,mean_realization,I,R,556.6,24087.0,0.02310790052725537
C3_REMOTE_PERMUTE,-1,mean_realization,I,SS,0.0,24087.0,0.0
C3_REMOTE_PERMUTE,-1,mean_realization,R,H,0.0,3981.0,0.0
C3_REMOTE_PERMUTE,-1,mean_realization,R,I,592.2,3981.0,0.1487565938206481
C3_REMOTE_PERMUTE,-1,mean_realization,R,R,3388.8,3981.0,0.851243406179352
C3_REMOTE_PERMUTE,-1,mean_realization,R,SS,0.0,3981.0,0.0
C3_REMOTE_PERMUTE,-1,mean_realization,SS,H,460.0,267837.0,0.001717462486512319
C3_REMOTE_PERMUTE,-1,mean_realization,SS,I,0.0,267837.0,0.0
C3_REMOTE_PERMUTE,-1,mean_realization,SS,R,0.0,267837.0,0.0
C3_REMOTE_PERMUTE,-1,mean_realization,SS,SS,267377.0,267837.0,0.9982825375134877
C4_REMOTE_MATCHED_REPLACE,-1,mean_realization,H,H,994.6,2395.0,0.41528183716075157
C4_REMOTE_MATCHED_REPLACE,-1,mean_realization,H,I,0.0,2395.0,0.0
C4_REMOTE_MATCHED_REPLACE,-1,mean_realization,H,R,0.0,2395.0,0.0
C4_REMOTE_MATCHED_REPLACE,-1,mean_realization,H,SS,1400.4,2395.0,0.5847181628392485
C4_REMOTE_MATCHED_REPLACE,-1,mean_realization,I,H,0.0,24087.0,0.0
C4_REMOTE_MATCHED_REPLACE,-1,mean_realization,I,I,23038.0,24087.0,0.9564495370946984
C4_REMOTE_MATCHED_REPLACE,-1,mean_realization,I,R,1049.0,24087.0,0.043550462905301617
C4_REMOTE_MATCHED_REPLACE,-1,mean_realization,I,SS,0.0,24087.0,0.0
C4_REMOTE_MATCHED_REPLACE,-1,mean_realization,R,H,0.0,3981.0,0.0
C4_REMOTE_MATCHED_REPLACE,-1,mean_realization,R,I,2682.0,3981.0,0.6737000753579503
C4_REMOTE_MATCHED_REPLACE,-1,mean_realization,R,R,1299.0,3981.0,0.3262999246420497
C4_REMOTE_MATCHED_REPLACE,-1,mean_realization,R,SS,0.0,3981.0,0.0
C4_REMOTE_MATCHED_REPLACE,-1,mean_realization,SS,H,2941.2,267837.0,0.010981305794195723
C4_REMOTE_MATCHED_REPLACE,-1,mean_realization,SS,I,0.0,267837.0,0.0
C4_REMOTE_MATCHED_REPLACE,-1,mean_realization,SS,R,0.0,267837.0,0.0
C4_REMOTE_MATCHED_REPLACE,-1,mean_realization,SS,SS,264895.8,267837.0,0.9890186942058042
C5_LOCAL_PERMUTE,-1,mean_realization,H,H,1505.4,2395.0,0.6285594989561587
C5_LOCAL_PERMUTE,-1,mean_realization,H,I,0.0,2395.0,0.0
C5_LOCAL_PERMUTE,-1,mean_realization,H,R,0.0,2395.0,0.0
C5_LOCAL_PERMUTE,-1,mean_realization,H,SS,889.6,2395.0,0.37144050104384135
C5_LOCAL_PERMUTE,-1,mean_realization,I,H,0.0,24087.0,0.0
C5_LOCAL_PERMUTE,-1,mean_realization,I,I,22727.0,24087.0,0.9435380080541371
C5_LOCAL_PERMUTE,-1,mean_realization,I,R,1360.0,24087.0,0.05646199194586291
C5_LOCAL_PERMUTE,-1,mean_realization,I,SS,0.0,24087.0,0.0
C5_LOCAL_PERMUTE,-1,mean_realization,R,H,0.0,3981.0,0.0
C5_LOCAL_PERMUTE,-1,mean_realization,R,I,891.2,3981.0,0.22386335091685508
C5_LOCAL_PERMUTE,-1,mean_realization,R,R,3089.8,3981.0,0.776136649083145
C5_LOCAL_PERMUTE,-1,mean_realization,R,SS,0.0,3981.0,0.0
C5_LOCAL_PERMUTE,-1,mean_realization,SS,H,1128.0,267837.0,0.004211516706056295
C5_LOCAL_PERMUTE,-1,mean_realization,SS,I,0.0,267837.0,0.0
C5_LOCAL_PERMUTE,-1,mean_realization,SS,R,0.0,267837.0,0.0
C5_LOCAL_PERMUTE,-1,mean_realization,SS,SS,266709.0,267837.0,0.9957884832939436
