family,stratum,condition,frames,mean_delta_logloss,mean_delta_brier,positive_seed_count,seed_count,original_r_frames,correction_survival,correction_loss
A_taxonomy,SS,C2_REMOTE_ZERO,267837,0.0008854107874243286,0.0015462969014763681,1,1,0,,
A_taxonomy,SS,C3_REMOTE_PERMUTE,267837,0.00019691813164152394,7.547811029324982e-05,5,5,0,,
A_taxonomy,SS,C4_REMOTE_MATCHED_REPLACE,267837,0.006185383811034768,0.0031627161465084767,5,5,0,,
A_taxonomy,SS,C5_LOCAL_PERMUTE,267837,-0.0014890411489517797,-2.4395665596950683e-05,0,5,0,,
A_taxonomy,R,C2_REMOTE_ZERO,3981,0.28993957269738313,0.13708561242680276,1,1,3981,0.3644812861090178,0.6355187138909821
A_taxonomy,R,C3_REMOTE_PERMUTE,3981,0.022116076977589032,0.010948288944226251,5,5,3981,0.851243406179352,0.148756593820648
A_taxonomy,R,C4_REMOTE_MATCHED_REPLACE,3981,0.42342102944532356,0.19109598678958478,5,5,3981,0.3262999246420497,0.6737000753579503
A_taxonomy,R,C5_LOCAL_PERMUTE,3981,0.03387298417338161,0.017094822780855775,5,5,3981,0.776136649083145,0.22386335091685505
A_taxonomy,I,C2_REMOTE_ZERO,24087,0.22270278639805074,0.03638348202566053,1,1,0,,
A_taxonomy,I,C3_REMOTE_PERMUTE,24087,0.0004015327490727698,-0.0005884804286057563,5,5,0,,
A_taxonomy,I,C4_REMOTE_MATCHED_REPLACE,24087,0.2784403874130959,0.05484121354143009,5,5,0,,
A_taxonomy,I,C5_LOCAL_PERMUTE,24087,0.004177210533522571,-0.004366244277033371,5,5,0,,
A_taxonomy,H,C2_REMOTE_ZERO,2395,-0.24528516428879524,-0.11729483774167651,0,1,0,,
A_taxonomy,H,C3_REMOTE_PERMUTE,2395,-0.03413712912666553,-0.016827937759456967,0,5,0,,
A_taxonomy,H,C4_REMOTE_MATCHED_REPLACE,2395,-0.19387507310239172,-0.09362270100786661,0,5,0,,
A_taxonomy,H,C5_LOCAL_PERMUTE,2395,-0.07283443879471552,-0.03615496871354097,0,5,0,,
B_seen,seen,C2_REMOTE_ZERO,164375,0.016256466942983286,0.003844321479153426,1,1,1506,0.2788844621513944,0.7211155378486056
B_seen,seen,C3_REMOTE_PERMUTE,164375,0.00041360295250794725,7.300981767553735e-05,5,5,1506,0.8471447543160691,0.15285524568393094
B_seen,seen,C4_REMOTE_MATCHED_REPLACE,164375,0.0053998501064967935,0.0016662764541944268,5,5,1506,0.46547144754316067,0.5345285524568393
B_seen,seen,C5_LOCAL_PERMUTE,164375,0.0014842730583547322,0.0005334738791973994,5,5,1506,0.705577689243028,0.294422310756972
B_seen,unseen,C2_REMOTE_ZERO,76190,0.04235693497791871,0.01109383424174876,1,1,1936,0.3868801652892562,0.6131198347107438
B_seen,unseen,C3_REMOTE_PERMUTE,76190,6.25606555653214e-05,2.912558166583851e-05,3,5,1936,0.8625,0.13749999999999996
B_seen,unseen,C4_REMOTE_MATCHED_REPLACE,76190,0.11333242254306719,0.03169545853625281,5,5,1936,0.1399793388429752,0.8600206611570248
B_seen,unseen,C5_LOCAL_PERMUTE,76190,-0.004461292090335293,-0.0017185493845005792,0,5,1936,0.8196280991735537,0.18037190082644627
B_seen,clean,C2_REMOTE_ZERO,57735,0.004656579644190377,0.0013543183063638169,1,1,539,0.5231910946196661,0.47680890538033394
B_seen,clean,C3_REMOTE_PERMUTE,57735,-7.020217416144512e-05,-8.48140114607277e-05,1,5,539,0.8222634508348795,0.1777365491651205
B_seen,clean,C4_REMOTE_MATCHED_REPLACE,57735,0.001080435416043394,0.00027380776937739127,5,5,539,0.6066790352504638,0.39332096474953615
B_seen,clean,C5_LOCAL_PERMUTE,57735,-0.004189235552340249,-0.0015067799368443826,0,5,539,0.8170686456400742,0.1829313543599258
C_snr,clean,C2_REMOTE_ZERO,57735,0.004656579644190377,0.0013543183063638169,1,1,539,0.5231910946196661,0.47680890538033394
C_snr,clean,C3_REMOTE_PERMUTE,57735,-7.020217416144512e-05,-8.48140114607277e-05,1,5,539,0.8222634508348795,0.1777365491651205
C_snr,clean,C4_REMOTE_MATCHED_REPLACE,57735,0.001080435416043394,0.00027380776937739127,5,5,539,0.6066790352504638,0.39332096474953615
C_snr,clean,C5_LOCAL_PERMUTE,57735,-0.004189235552340249,-0.0015067799368443826,0,5,539,0.8170686456400742,0.1829313543599258
C_snr,-5,C2_REMOTE_ZERO,44711,0.041826681037363055,0.008804920841836289,1,1,975,0.35794871794871796,0.642051282051282
C_snr,-5,C3_REMOTE_PERMUTE,44711,0.0004737094357713019,9.13650111359415e-05,5,5,975,0.8582564102564102,0.1417435897435898
C_snr,-5,C4_REMOTE_MATCHED_REPLACE,44711,0.07791747694427249,0.02184676068250493,5,5,975,0.31384615384615383,0.6861538461538461
C_snr,-5,C5_LOCAL_PERMUTE,44711,-0.0028270680884558814,-0.0012620281498825808,0,5,975,0.8168205128205128,0.18317948717948718
C_snr,0,C2_REMOTE_ZERO,38534,0.044216097100805644,0.01046662023428291,1,1,698,0.23209169054441262,0.7679083094555874
C_snr,0,C3_REMOTE_PERMUTE,38534,0.0013207498553152958,0.0004407643923893152,5,5,698,0.8724928366762178,0.1275071633237822
C_snr,0,C4_REMOTE_MATCHED_REPLACE,38534,0.06518149893782492,0.01751073031504062,5,5,698,0.2148997134670487,0.7851002865329513
C_snr,0,C5_LOCAL_PERMUTE,38534,-0.0013111262551375963,-0.00024741489716686684,0,5,698,0.7630372492836677,0.23696275071633233
C_snr,5,C2_REMOTE_ZERO,35496,0.03893753276318354,0.010900491934790991,1,1,900,0.3566666666666667,0.6433333333333333
C_snr,5,C3_REMOTE_PERMUTE,35496,-0.0012623523788047686,-0.0004422481385401672,0,5,900,0.8819999999999999,0.1180000000000001
C_snr,5,C4_REMOTE_MATCHED_REPLACE,35496,0.067146706548075,0.02030697454063906,5,5,900,0.1811111111111111,0.8188888888888889
C_snr,5,C5_LOCAL_PERMUTE,35496,-0.002302132533139668,-0.000954900811415378,0,5,900,0.7871111111111112,0.2128888888888888
C_snr,10,C2_REMOTE_ZERO,39418,0.011922957403697091,0.0041470608868206275,1,1,369,0.2953929539295393,0.7046070460704608
C_snr,10,C3_REMOTE_PERMUTE,39418,0.0001370183768344092,-7.701742111935315e-06,4,5,369,0.8417344173441735,0.15826558265582646
C_snr,10,C4_REMOTE_MATCHED_REPLACE,39418,0.009877875931412169,0.003250322137301623,5,5,369,0.43360433604336046,0.5663956639566395
C_snr,10,C5_LOCAL_PERMUTE,39418,0.0010696098615409874,0.00039505975435462864,5,5,369,0.6964769647696477,0.3035230352303523
C_snr,15,C2_REMOTE_ZERO,44624,0.009274348561994149,0.002552481084964974,1,1,295,0.43389830508474575,0.5661016949152542
C_snr,15,C3_REMOTE_PERMUTE,44624,0.0005847824622602844,0.00015741236147857193,5,5,295,0.7762711864406779,0.22372881355932206
C_snr,15,C4_REMOTE_MATCHED_REPLACE,44624,0.013391320184436577,0.0033450769095969644,5,5,295,0.31864406779661014,0.6813559322033899
C_snr,15,C5_LOCAL_PERMUTE,44624,0.001352141481597869,0.0003530476781440919,5,5,295,0.7369491525423728,0.2630508474576272
C_snr,20,C2_REMOTE_ZERO,37782,0.001573010429442551,0.0004197075448088814,1,1,205,0.4878048780487805,0.5121951219512195
C_snr,20,C3_REMOTE_PERMUTE,37782,0.00037030388075320983,5.632017140114304e-05,5,5,205,0.8117073170731708,0.1882926829268292
C_snr,20,C4_REMOTE_MATCHED_REPLACE,37782,0.004143390029141261,0.0010326054968906471,5,5,205,0.48292682926829267,0.5170731707317073
C_snr,20,C5_LOCAL_PERMUTE,37782,0.0015936735329552673,0.0006691602286842691,5,5,205,0.6712195121951221,0.3287804878048779
D_noise_domain,Babble_noise,C2_REMOTE_ZERO,23330,0.07546215158952434,0.014388219330597595,1,1,304,0.18421052631578946,0.8157894736842105
D_noise_domain,Babble_noise,C3_REMOTE_PERMUTE,23330,0.0004999434946934048,0.00024869226000576053,5,5,304,0.8184210526315789,0.18157894736842106
D_noise_domain,Babble_noise,C4_REMOTE_MATCHED_REPLACE,23330,0.008061973348013816,0.002733949056097457,5,5,304,0.506578947368421,0.493421052631579
D_noise_domain,Babble_noise,C5_LOCAL_PERMUTE,23330,0.0018418809059678148,0.00041592571776126534,5,5,304,0.7782894736842106,0.22171052631578936
D_noise_domain,City_noise,C2_REMOTE_ZERO,27887,0.008168041970671945,0.0034486411764040182,1,1,259,0.30115830115830117,0.6988416988416988
D_noise_domain,City_noise,C3_REMOTE_PERMUTE,27887,0.00039246723537886296,1.9001893399690672e-07,5,5,259,0.8347490347490348,0.16525096525096516
D_noise_domain,City_noise,C4_REMOTE_MATCHED_REPLACE,27887,0.007511517677701029,0.0025878380681500796,5,5,259,0.3783783783783784,0.6216216216216216
D_noise_domain,City_noise,C5_LOCAL_PERMUTE,27887,0.001985513745842444,0.0007954220011771262,5,5,259,0.6625482625482625,0.3374517374517375
D_noise_domain,Clean,C2_REMOTE_ZERO,57735,0.004656579644190377,0.0013543183063638169,1,1,539,0.5231910946196661,0.47680890538033394
D_noise_domain,Clean,C3_REMOTE_PERMUTE,57735,-7.020217416144512e-05,-8.48140114607277e-05,1,5,539,0.8222634508348795,0.1777365491651205
D_noise_domain,Clean,C4_REMOTE_MATCHED_REPLACE,57735,0.001080435416043394,0.00027380776937739127,5,5,539,0.6066790352504638,0.39332096474953615
D_noise_domain,Clean,C5_LOCAL_PERMUTE,57735,-0.004189235552340249,-0.0015067799368443826,0,5,539,0.8170686456400742,0.1829313543599258
D_noise_domain,Domestic_noise,C2_REMOTE_ZERO,28968,0.0034484325709009155,0.0014093542275677674,1,1,213,0.352112676056338,0.647887323943662
D_noise_domain,Domestic_noise,C3_REMOTE_PERMUTE,28968,0.0002921439689064474,3.868110741127724e-05,5,5,213,0.8356807511737089,0.16431924882629112
D_noise_domain,Domestic_noise,C4_REMOTE_MATCHED_REPLACE,28968,0.007563560563967287,0.002172302001452928,5,5,213,0.3615023474178404,0.6384976525821596
D_noise_domain,Domestic_noise,C5_LOCAL_PERMUTE,28968,0.002040093711377862,0.000895911552986227,5,5,213,0.676056338028169,0.323943661971831
D_noise_domain,Nature_noise,C2_REMOTE_ZERO,28954,0.001560574534031724,0.0008631260738592965,1,1,204,0.43137254901960786,0.5686274509803921
D_noise_domain,Nature_noise,C3_REMOTE_PERMUTE,28954,0.0006878335493068152,0.0002503588058984889,5,5,204,0.8225490196078432,0.1774509803921568
D_noise_domain,Nature_noise,C4_REMOTE_MATCHED_REPLACE,28954,0.004625129916987535,0.0014004996137240817,5,5,204,0.4215686274509804,0.5784313725490196
D_noise_domain,Nature_noise,C5_LOCAL_PERMUTE,28954,-6.96443821227771e-05,-5.289320006420879e-05,2,5,204,0.6872549019607842,0.3127450980392158
D_noise_domain,Office_noise,C2_REMOTE_ZERO,29305,0.003403337288998728,0.0007868772532485983,1,1,177,0.4519774011299435,0.5480225988700564
D_noise_domain,Office_noise,C3_REMOTE_PERMUTE,29305,0.0006706377815634559,0.0001463412656204111,5,5,177,0.8056497175141243,0.1943502824858757
D_noise_domain,Office_noise,C4_REMOTE_MATCHED_REPLACE,29305,0.0012401783137518786,1.7636574192364132e-05,5,5,177,0.4745762711864407,0.5254237288135593
D_noise_domain,Office_noise,C5_LOCAL_PERMUTE,29305,0.00035833836136659527,0.00011296373235837956,5,5,177,0.7062146892655368,0.29378531073446323
D_noise_domain,Public_noise,C2_REMOTE_ZERO,25931,0.016930650638495488,0.00428770067307348,1,1,349,0.12320916905444126,0.8767908309455588
D_noise_domain,Public_noise,C3_REMOTE_PERMUTE,25931,-0.00010234196414878754,-0.00024928597732486933,1,5,349,0.9237822349570199,0.07621776504298006
D_noise_domain,Public_noise,C4_REMOTE_MATCHED_REPLACE,25931,0.003882618103823198,0.0013092426235930448,5,5,349,0.5787965616045845,0.4212034383954155
D_noise_domain,Public_noise,C5_LOCAL_PERMUTE,25931,0.003010073800835397,0.0010825880306146094,5,5,349,0.7025787965616046,0.2974212034383954
D_noise_domain,SSN_noise,C2_REMOTE_ZERO,31279,0.08741636680453105,0.021235902373535922,1,1,1361,0.3872152828802351,0.6127847171197649
D_noise_domain,SSN_noise,C3_REMOTE_PERMUTE,31279,-0.0007104920728502909,-0.00017753797267392612,0,5,1361,0.8511388684790594,0.1488611315209406
D_noise_domain,SSN_noise,C4_REMOTE_MATCHED_REPLACE,31279,0.2630162592871766,0.07235893105268254,5,5,1361,0.04922850844966936,0.9507714915503307
D_noise_domain,SSN_noise,C5_LOCAL_PERMUTE,31279,-0.012649585520258367,-0.004756658533161622,0,5,1361,0.8289493019838353,0.17105069801616468
D_noise_domain,Street_noise,C2_REMOTE_ZERO,26258,0.01816196629569591,0.007163490590343595,1,1,475,0.3494736842105263,0.6505263157894736
D_noise_domain,Street_noise,C3_REMOTE_PERMUTE,26258,0.0006585864941094259,0.00022742917135798327,5,5,475,0.9048421052631579,0.09515789473684211
D_noise_domain,Street_noise,C4_REMOTE_MATCHED_REPLACE,26258,0.013298512381381553,0.005446735506448795,5,5,475,0.33263157894736844,0.6673684210526316
D_noise_domain,Street_noise,C5_LOCAL_PERMUTE,26258,0.0011544727238064548,0.0005153117935216439,5,5,475,0.8138947368421053,0.18610526315789466
D_noise_domain,Transport_noise,C2_REMOTE_ZERO,18653,0.0008567751941412165,-0.00038050154850341033,1,1,100,0.56,0.43999999999999995
D_noise_domain,Transport_noise,C3_REMOTE_PERMUTE,18653,0.0005198527707007325,9.652351540610344e-05,5,5,100,0.816,0.18400000000000005
D_noise_domain,Transport_noise,C4_REMOTE_MATCHED_REPLACE,18653,0.0031479848390272465,0.00045792100744714216,5,5,100,0.46,0.54
D_noise_domain,Transport_noise,C5_LOCAL_PERMUTE,18653,0.0013641985923875876,0.00023139374788891447,5,5,100,0.7200000000000002,0.2799999999999998
E_transition_distance,0,C2_REMOTE_ZERO,5636,0.046249101275849136,0.0217203418511947,1,1,1073,0.5479962721342032,0.4520037278657968
E_transition_distance,0,C3_REMOTE_PERMUTE,5636,0.002710623811874481,0.0011023884106987497,5,5,1073,0.8812674743709227,0.11873252562907732
E_transition_distance,0,C4_REMOTE_MATCHED_REPLACE,5636,0.11672028667601735,0.051477220721542184,5,5,1073,0.42311276794035413,0.5768872320596459
E_transition_distance,0,C5_LOCAL_PERMUTE,5636,-0.005336011869328767,-0.002503341788241152,0,5,1073,0.8890959925442684,0.11090400745573159
E_transition_distance,1,C2_REMOTE_ZERO,8442,0.03171822685152061,0.016574451202412407,1,1,1077,0.3881151346332405,0.6118848653667595
E_transition_distance,1,C3_REMOTE_PERMUTE,8442,0.00285559413045086,0.0009155336738080607,5,5,1077,0.8623955431754874,0.1376044568245126
E_transition_distance,1,C4_REMOTE_MATCHED_REPLACE,8442,0.11133059932248847,0.04630673790004529,5,5,1077,0.36118848653667596,0.6388115134633241
E_transition_distance,1,C5_LOCAL_PERMUTE,8442,0.0009249224751525755,-0.00024328040288670573,5,5,1077,0.7719591457753019,0.2280408542246981
E_transition_distance,2-4,C2_REMOTE_ZERO,19759,0.02324903012852751,0.012161252921871849,1,1,991,0.26337033299697277,0.7366296670030272
E_transition_distance,2-4,C3_REMOTE_PERMUTE,19759,0.0025318657222335975,0.0004712953636377373,5,5,991,0.853481331987891,0.146518668012109
E_transition_distance,2-4,C4_REMOTE_MATCHED_REPLACE,19759,0.08802246486670097,0.032210935045780646,5,5,991,0.29162462159434915,0.7083753784056508
E_transition_distance,2-4,C5_LOCAL_PERMUTE,19759,0.010103607200219458,0.0026120989537135627,5,5,991,0.7388496468213924,0.2611503531786076
E_transition_distance,5-10,C2_REMOTE_ZERO,31393,0.026951332520440748,0.009504967435894202,1,1,414,0.21014492753623187,0.7898550724637681
E_transition_distance,5-10,C3_REMOTE_PERMUTE,31393,0.00028263111466815235,6.693141967283376e-06,5,5,414,0.7995169082125604,0.20048309178743962
E_transition_distance,5-10,C4_REMOTE_MATCHED_REPLACE,31393,0.05165650970645205,0.01603854419647114,5,5,414,0.21497584541062803,0.7850241545893719
E_transition_distance,5-10,C5_LOCAL_PERMUTE,31393,0.004332954892830091,0.0010138078611114634,5,5,414,0.6893719806763285,0.31062801932367146
E_transition_distance,11-25,C2_REMOTE_ZERO,57633,0.020244180703553962,0.0055410110309352095,1,1,228,0.2149122807017544,0.7850877192982456
E_transition_distance,11-25,C3_REMOTE_PERMUTE,57633,-0.00016471549189286036,-0.0001504584480664329,0,5,228,0.8035087719298246,0.19649122807017538
E_transition_distance,11-25,C4_REMOTE_MATCHED_REPLACE,57633,0.02470085356075427,0.006379362366516481,5,5,228,0.16666666666666666,0.8333333333333334
E_transition_distance,11-25,C5_LOCAL_PERMUTE,57633,-0.002926029892694084,-0.0008481735495096456,0,5,228,0.706140350877193,0.29385964912280704
E_transition_distance,26-50,C2_REMOTE_ZERO,61055,0.006102658903781057,0.0011521605308199194,1,1,91,0.4065934065934066,0.5934065934065934
E_transition_distance,26-50,C3_REMOTE_PERMUTE,61055,-0.0005396826463458535,-0.00020313069586159807,0,5,91,0.8087912087912087,0.1912087912087913
E_transition_distance,26-50,C4_REMOTE_MATCHED_REPLACE,61055,0.012651602708399143,0.0023462728095601237,5,5,91,0.0,1.0
E_transition_distance,26-50,C5_LOCAL_PERMUTE,61055,-0.004854670170930782,-0.00135337265108326,0,5,91,0.5978021978021978,0.4021978021978022
E_transition_distance,>50,C2_REMOTE_ZERO,114382,0.0244353357663318,0.0031878257816361586,1,1,107,0.102803738317757,0.897196261682243
E_transition_distance,>50,C3_REMOTE_PERMUTE,114382,0.000112421152072269,6.0607499573459e-05,5,5,107,0.7551401869158878,0.2448598130841122
E_transition_distance,>50,C4_REMOTE_MATCHED_REPLACE,114382,0.021246101040604547,0.0032580739196288212,5,5,107,0.37383177570093457,0.6261682242990654
E_transition_distance,>50,C5_LOCAL_PERMUTE,114382,-0.0016274612017414148,-0.0005770472705981794,0,5,107,0.6672897196261685,0.33271028037383155
F_onset_distance,0,C2_REMOTE_ZERO,1270,-0.15309342481526397,-0.0493360790518308,0,1,42,0.6428571428571429,0.3571428571428571
F_onset_distance,0,C3_REMOTE_PERMUTE,1270,0.012027590647890989,0.0027215713175824455,5,5,42,0.7619047619047619,0.23809523809523814
F_onset_distance,0,C4_REMOTE_MATCHED_REPLACE,1270,0.04832619374978339,0.00722041684954381,5,5,42,0.4523809523809524,0.5476190476190477
F_onset_distance,0,C5_LOCAL_PERMUTE,1270,-0.0012296141268280316,-0.0038825156785115647,2,5,42,0.7476190476190476,0.2523809523809524
F_onset_distance,1,C2_REMOTE_ZERO,2540,0.008656459874527107,-0.004752763089948416,1,1,61,0.39344262295081966,0.6065573770491803
F_onset_distance,1,C3_REMOTE_PERMUTE,2540,0.0010637168214010773,0.0004823457583679592,5,5,61,0.8131147540983606,0.18688524590163935
F_onset_distance,1,C4_REMOTE_MATCHED_REPLACE,2540,0.048950152110854704,0.0049550878816032335,5,5,61,0.4918032786885246,0.5081967213114754
F_onset_distance,1,C5_LOCAL_PERMUTE,2540,0.01766333560442767,0.002096793073223351,5,5,61,0.6852459016393443,0.3147540983606557
F_onset_distance,2-4,C2_REMOTE_ZERO,7620,0.0052122213210229135,-0.00687596465249267,1,1,222,0.42792792792792794,0.572072072072072
F_onset_distance,2-4,C3_REMOTE_PERMUTE,7620,0.003086938763675266,0.0009725516738219486,5,5,222,0.7837837837837838,0.21621621621621623
F_onset_distance,2-4,C4_REMOTE_MATCHED_REPLACE,7620,0.05026981642160329,0.005563468406121224,5,5,222,0.4594594594594595,0.5405405405405406
F_onset_distance,2-4,C5_LOCAL_PERMUTE,7620,0.019177610573148686,0.0035303256936963182,5,5,222,0.6243243243243244,0.3756756756756756
F_onset_distance,5-10,C2_REMOTE_ZERO,15240,0.03179117751739332,0.003511683210408667,1,1,347,0.3804034582132565,0.6195965417867435
F_onset_distance,5-10,C3_REMOTE_PERMUTE,15240,-0.0013111338042671118,-0.0004753166155359467,0,5,347,0.8720461095100863,0.12795389048991368
F_onset_distance,5-10,C4_REMOTE_MATCHED_REPLACE,15240,0.044423245675329036,0.006476289122701584,5,5,347,0.45821325648414984,0.5417867435158501
F_onset_distance,5-10,C5_LOCAL_PERMUTE,15240,0.003990091853676815,0.0014386298609128515,5,5,347,0.7268011527377521,0.27319884726224786
F_onset_distance,11-25,C2_REMOTE_ZERO,37660,0.054103651035836677,0.013299006402615155,1,1,698,0.30802292263610315,0.6919770773638969
F_onset_distance,11-25,C3_REMOTE_PERMUTE,37660,0.0009094325486271081,0.00027678035862638517,5,5,698,0.8593123209169053,0.14068767908309465
F_onset_distance,11-25,C4_REMOTE_MATCHED_REPLACE,37660,0.04476430764338711,0.009417355813564721,5,5,698,0.40114613180515757,0.5988538681948424
F_onset_distance,11-25,C5_LOCAL_PERMUTE,37660,0.003210905534603055,0.0013746886359196047,5,5,698,0.7269340974212034,0.2730659025787966
F_onset_distance,26-50,C2_REMOTE_ZERO,57570,0.027023218642918723,0.0068225153207451305,1,1,678,0.33185840707964603,0.668141592920354
F_onset_distance,26-50,C3_REMOTE_PERMUTE,57570,0.0005562836194113525,0.00016060412195911968,5,5,678,0.848377581120944,0.15162241887905603
F_onset_distance,26-50,C4_REMOTE_MATCHED_REPLACE,57570,0.0338950339152737,0.009662580959341095,5,5,678,0.2669616519174041,0.7330383480825959
F_onset_distance,26-50,C5_LOCAL_PERMUTE,57570,0.0013167767476092028,0.0003686232925786428,5,5,678,0.7607669616519174,0.23923303834808263
F_onset_distance,>50,C2_REMOTE_ZERO,176400,0.012602809692733636,0.004168560036646677,1,1,1933,0.3792033109156751,0.6207966890843248
F_onset_distance,>50,C3_REMOTE_PERMUTE,176400,-0.0001082357917310593,-8.613815217995666e-05,0,5,1933,0.8564924987066737,0.14350750129332634
F_onset_distance,>50,C4_REMOTE_MATCHED_REPLACE,176400,0.02665443156211039,0.009244891925903578,5,5,1933,0.27315054319710297,0.726849456802897
F_onset_distance,>50,C5_LOCAL_PERMUTE,176400,-0.004448804816975999,-0.0014311435697776488,0,5,1933,0.8290739782721159,0.17092602172788407
G_offset_distance,0,C2_REMOTE_ZERO,1692,0.2331044844023749,0.05175915522410118,1,1,48,0.08333333333333333,0.9166666666666666
G_offset_distance,0,C3_REMOTE_PERMUTE,1692,-0.0038722755362531765,-0.0009287219224786838,0,5,48,0.8125,0.1875
G_offset_distance,0,C4_REMOTE_MATCHED_REPLACE,1692,0.0482540849647493,-0.0010149074479711712,5,5,48,0.5416666666666666,0.45833333333333337
G_offset_distance,0,C5_LOCAL_PERMUTE,1692,0.16085540094769527,0.04776359467209317,5,5,48,0.39166666666666666,0.6083333333333334
G_offset_distance,1,C2_REMOTE_ZERO,3378,0.08649112614388117,0.01637841211051207,1,1,110,0.42727272727272725,0.5727272727272728
G_offset_distance,1,C3_REMOTE_PERMUTE,3378,-0.001530721405418615,-0.000431234061704403,0,5,110,0.7854545454545454,0.2145454545454546
G_offset_distance,1,C4_REMOTE_MATCHED_REPLACE,3378,0.051990293644916086,0.010033767982959707,5,5,110,0.39090909090909093,0.6090909090909091
G_offset_distance,1,C5_LOCAL_PERMUTE,3378,0.03982694197806066,0.009493212203543495,5,5,110,0.72,0.28
G_offset_distance,2-4,C2_REMOTE_ZERO,10094,0.08462605910775967,0.01938184755337198,1,1,388,0.29381443298969073,0.7061855670103092
G_offset_distance,2-4,C3_REMOTE_PERMUTE,10094,-0.0002119412333081372,0.00010796127901244946,2,5,388,0.8680412371134021,0.1319587628865979
G_offset_distance,2-4,C4_REMOTE_MATCHED_REPLACE,10094,0.05309773497111336,0.01189390974117606,5,5,388,0.36855670103092786,0.6314432989690721
G_offset_distance,2-4,C5_LOCAL_PERMUTE,10094,0.031148670455598895,0.010178911171913111,5,5,388,0.6412371134020619,0.3587628865979381
G_offset_distance,5-10,C2_REMOTE_ZERO,19952,0.0670346044760849,0.01630753760931263,1,1,542,0.3007380073800738,0.6992619926199262
G_offset_distance,5-10,C3_REMOTE_PERMUTE,19952,0.0005737121156633564,0.00015080763395192276,5,5,542,0.8453874538745386,0.15461254612546138
G_offset_distance,5-10,C4_REMOTE_MATCHED_REPLACE,19952,0.04317291533640598,0.009404629689549762,5,5,542,0.39114391143911437,0.6088560885608856
G_offset_distance,5-10,C5_LOCAL_PERMUTE,19952,0.007922568763333039,0.0031882191447675083,5,5,542,0.6841328413284133,0.31586715867158666
G_offset_distance,11-25,C2_REMOTE_ZERO,47980,0.04258057707808602,0.01073107422076151,1,1,827,0.3180169286577993,0.6819830713422007
G_offset_distance,11-25,C3_REMOTE_PERMUTE,47980,0.0008475901743317612,0.00021544285445932942,5,5,827,0.8599758162031439,0.1400241837968561
G_offset_distance,11-25,C4_REMOTE_MATCHED_REPLACE,47980,0.03421404829128891,0.00866709379501121,5,5,827,0.37726723095526,0.62273276904474
G_offset_distance,11-25,C5_LOCAL_PERMUTE,47980,-0.0026413078610443464,-0.0009078149952511385,0,5,827,0.7603385731559854,0.2396614268440146
G_offset_distance,26-50,C2_REMOTE_ZERO,69180,0.01593822399733856,0.003271882081708079,1,1,848,0.43160377358490565,0.5683962264150944
G_offset_distance,26-50,C3_REMOTE_PERMUTE,69180,-0.0008077108524240139,-0.00037982681219231096,0,5,848,0.846933962264151,0.15306603773584904
G_offset_distance,26-50,C4_REMOTE_MATCHED_REPLACE,69180,0.030049797696394008,0.008121273595429445,5,5,848,0.36202830188679247,0.6379716981132075
G_offset_distance,26-50,C5_LOCAL_PERMUTE,69180,-0.00391435702593749,-0.0014968653450277481,0,5,848,0.8103773584905661,0.18962264150943386
G_offset_distance,>50,C2_REMOTE_ZERO,146024,0.00098810572420949,0.0010286272912306475,1,1,1218,0.40558292282430214,0.5944170771756978
G_offset_distance,>50,C3_REMOTE_PERMUTE,146024,0.0005911680075823257,0.00016567298318542157,5,5,1218,0.8530377668308703,0.1469622331691297
G_offset_distance,>50,C4_REMOTE_MATCHED_REPLACE,146024,0.02882894499959673,0.009498626668534408,5,5,1218,0.21018062397372742,0.7898193760262726
G_offset_distance,>50,C5_LOCAL_PERMUTE,146024,-0.005611798914787384,-0.001796771017634167,0,5,1218,0.8671592775041052,0.13284072249589485
H_uncertainty_persistence,1,C2_REMOTE_ZERO,285315,0.018372470347157815,0.0039455030197717445,1,1,1193,0.23134953897736799,0.768650461022632
H_uncertainty_persistence,1,C3_REMOTE_PERMUTE,285315,0.0002315125656439769,3.299549169688207e-05,5,5,1193,0.7661357921207042,0.23386420787929585
H_uncertainty_persistence,1,C4_REMOTE_MATCHED_REPLACE,285315,0.026869459383299245,0.0065281130335022135,5,5,1193,0.17937971500419111,0.8206202849958089
H_uncertainty_persistence,1,C5_LOCAL_PERMUTE,285315,-0.0009083128705499462,-0.00033012421761676326,0,5,1193,0.6573344509639565,0.3426655490360435
H_uncertainty_persistence,2-4,C2_REMOTE_ZERO,6317,0.049485644067248626,0.023122951693591447,1,1,1232,0.4650974025974026,0.5349025974025974
H_uncertainty_persistence,2-4,C3_REMOTE_PERMUTE,6317,-0.0001281823695029717,-0.00017133777245202685,2,5,1232,0.8741883116883117,0.12581168831168832
H_uncertainty_persistence,2-4,C4_REMOTE_MATCHED_REPLACE,6317,0.12184476838063558,0.053433156246207335,5,5,1232,0.37987012987012986,0.6201298701298701
H_uncertainty_persistence,2-4,C5_LOCAL_PERMUTE,6317,-0.002027547456984221,-0.0009525608688785615,1,5,1232,0.8040584415584415,0.19594155844155847
H_uncertainty_persistence,5-10,C2_REMOTE_ZERO,4921,0.06303815394298888,0.0293306690579253,1,1,1086,0.40607734806629836,0.5939226519337016
H_uncertainty_persistence,5-10,C3_REMOTE_PERMUTE,4921,-0.00011278177467184356,-0.00013397821385290783,1,5,1086,0.8955801104972375,0.10441988950276249
H_uncertainty_persistence,5-10,C4_REMOTE_MATCHED_REPLACE,4921,0.14542305267257122,0.06319941553538935,5,5,1086,0.39686924493554326,0.6031307550644567
H_uncertainty_persistence,5-10,C5_LOCAL_PERMUTE,4921,-0.009882293466450911,-0.004449363446455711,0,5,1086,0.8206261510128914,0.17937384898710862
H_uncertainty_persistence,11-25,C2_REMOTE_ZERO,1611,0.17424268038925206,0.08000501326694513,1,1,441,0.35600907029478457,0.6439909297052154
H_uncertainty_persistence,11-25,C3_REMOTE_PERMUTE,1611,0.002153718834651097,0.0008410907926063668,5,5,441,0.9102040816326531,0.0897959183673469
H_uncertainty_persistence,11-25,C4_REMOTE_MATCHED_REPLACE,1611,0.25433828191563407,0.11346799339467324,5,5,441,0.3968253968253968,0.6031746031746033
H_uncertainty_persistence,11-25,C5_LOCAL_PERMUTE,1611,-0.009823479519100385,-0.004662869361139023,0,5,441,0.8979591836734694,0.10204081632653061
H_uncertainty_persistence,26-50,C2_REMOTE_ZERO,136,0.16706875842030566,0.07601443155077993,1,1,29,0.13793103448275862,0.8620689655172413
H_uncertainty_persistence,26-50,C3_REMOTE_PERMUTE,136,0.003973805682212328,0.0021755251060031028,3,5,29,0.820689655172414,0.179310344827586
H_uncertainty_persistence,26-50,C4_REMOTE_MATCHED_REPLACE,136,0.1724820101665869,0.07847345757991775,5,5,29,0.3793103448275862,0.6206896551724138
H_uncertainty_persistence,26-50,C5_LOCAL_PERMUTE,136,-0.01010499565844229,-0.004606839315447385,0,5,29,0.9586206896551724,0.04137931034482756
