condition,seed,mean_delta_logloss,source_ci95_low,source_ci95_high,positive_frame_rate,direction_positive,mean_delta_brier,row_type,positive_seed_count,seed_count,required_positive_seed_count,accuracy
C2_REMOTE_ZERO,0,0.02067777155708292,0.017302349547226793,0.023915836694844064,0.4706805229634596,True,0.005214016565312094,condition,,,,
C3_REMOTE_PERMUTE,101,0.0002807386030443613,-0.00010721473031563409,0.0006629655895264557,0.5010425745893395,True,5.1067391928709645e-05,realization,,,,
C3_REMOTE_PERMUTE,211,0.00023483900124954084,-0.00017640714272071497,0.0006394462473311569,0.5014582634931277,True,4.197344825228416e-05,realization,,,,
C3_REMOTE_PERMUTE,307,0.0002593275228314655,-0.0001449829698558206,0.0006459440259179701,0.5012604760308415,True,3.6560658426349245e-05,realization,,,,
C3_REMOTE_PERMUTE,401,0.00018459734440870096,-0.000216841404341369,0.0005941655161430879,0.5010492792490782,True,1.4372055136245988e-05,realization,,,,
C3_REMOTE_PERMUTE,503,0.00019201209669933143,-0.00022703639300499212,0.000585420998999262,0.5016124706671137,True,1.230083271051039e-05,realization,,,,
C3_REMOTE_PERMUTE,-1,0.00023030291364668006,-0.00016858354837917547,0.0006059078847540611,0.5076801877304726,True,3.1254877290819894e-05,seed_summary,5.0,5.0,4.0,0.911416694602749
C4_REMOTE_MATCHED_REPLACE,101,0.03213208064255929,0.025009910240152974,0.03941411263642838,0.4967281260476031,True,0.009067333269192656,realization,,,,
C4_REMOTE_MATCHED_REPLACE,211,0.03214198501762732,0.024955483618003267,0.03916798276914455,0.4968588669125042,True,0.00907084110471144,realization,,,,
C4_REMOTE_MATCHED_REPLACE,307,0.03213670365952953,0.024756858586884384,0.039122703249425336,0.4968588669125042,True,0.009067897856654676,realization,,,,
C4_REMOTE_MATCHED_REPLACE,401,0.03211039772625129,0.024355396692373674,0.039271081331956545,0.4966141468320483,True,0.009059625335130241,realization,,,,
C4_REMOTE_MATCHED_REPLACE,503,0.03213549694258378,0.024678707254724742,0.03926959957117751,0.4968186389540731,True,0.009067515132941796,realization,,,,
C4_REMOTE_MATCHED_REPLACE,-1,0.032131332797710244,0.02485676154912218,0.03908901433145256,0.49680522963459606,True,0.009066642539726161,seed_summary,5.0,5.0,4.0,0.9005839758632248
C5_LOCAL_PERMUTE,101,-0.0011433540548970382,-0.002194510364980673,-0.00014647129872119666,0.44878980891719744,False,-0.00045079870669158327,realization,,,,
C5_LOCAL_PERMUTE,211,-0.0011381079442181808,-0.0021910031959384286,-0.00011446824278663679,0.4491954408313778,False,-0.0004584079407002877,realization,,,,
C5_LOCAL_PERMUTE,307,-0.0011045948728884663,-0.002083672512685028,-0.000106086411591211,0.4493060677170634,False,-0.0004100261389522871,realization,,,,
C5_LOCAL_PERMUTE,401,-0.0010795359100064835,-0.002072803760598135,-0.0001017859624509023,0.45007710358699293,False,-0.0004087459473224538,realization,,,,
C5_LOCAL_PERMUTE,503,-0.0011963913783979954,-0.002200117387002221,-0.00018144038375039577,0.44778075762655045,False,-0.00045506599254419987,realization,,,,
C5_LOCAL_PERMUTE,-1,-0.0011323968320816327,-0.00212128114059917,-0.0001589244337272523,0.4598927254441837,False,-0.00043660894524216243,seed_summary,0.0,5.0,4.0,0.911995977204157
