statistic,estimate,ci95_low,ci95_high,frames,direction_supported
P_STABLE_R,0.013345625209520616,0.010333467877840353,0.016433108514403102,298300,True
P_CORE_R,0.00538719409989943,0.0041942639363944335,0.006621691552273705,298300,True
observed_minus_null_K_GE_3,0.012466644317801536,0.009658879527757713,0.015425429893780332,298300,True
observed_minus_null_K_GE_4,0.005328863560173654,0.004056983037263449,0.006594826443927364,298300,True
stable_mean_v_log,0.4991389151777712,0.46693675606748536,0.528296527286655,3981,True
unstable_mean_v_log,0.2531094535791307,0.23618435316111128,0.2697578272971459,12542,True
stable_minus_unstable_v_log,0.24602946159864048,0.21395364689694432,0.27418236517909345,16523,True
stable_minus_unstable_short_margin,-0.008542751197351955,-0.015523091555757294,-0.002017686336991528,16523,True
posterior_transition_0_vs_beyond_stable,0.04661965100428754,0.03514843381033427,0.058397988688714396,298300,True
onset_0_vs_beyond_stable,0.005575751117162268,-0.0013876630213604676,0.013175439677209263,298300,False
offset_0_vs_beyond_stable,-0.0062890992930756,-0.011504887488038242,-0.00024782529740978605,298300,True
seen_vs_unseen_stable,-0.010854924725408811,-0.019802393740789348,-0.0027406393271685947,240565,True
stable_vs_unstable_non_r_i_share,0.05625139100415222,0.01857788169154944,0.09273175851092681,51918,True
