group_type,group,frames,P_K_R_GE_1,P_STABLE_R,P_CORE_R,mean_K_R,mean_v_log
seen_unseen,seen,164375,0.030485171102661596,0.00675893536121673,0.00284106463878327,0.05500228136882129,0.008303739552133756
seen_unseen,unseen,76190,0.07847486546790917,0.017613860086625542,0.00559128494553091,0.14184276151725947,0.020610147069469384
seen_unseen,clean,57735,0.0958344158655928,0.026465748679310643,0.012366848532086257,0.18791027972633584,0.05272158775255065
snr,-5,44711,0.07463487732325379,0.017669029992619267,0.006419002035293328,0.13768423877792937,0.022860894917458525
snr,0,38534,0.03578657808688431,0.009887372190792547,0.003736959568173561,0.06993823636269268,0.00816036061207099
snr,5,35496,0.0551893171061528,0.011071670047329276,0.0048456164074825335,0.09685598377281947,0.013497015303006555
snr,10,39418,0.037317976558932466,0.006367649297275357,0.0017758384494393424,0.06225582221320209,0.0046511977032625065
snr,15,44624,0.03538454643241305,0.0076192183578343495,0.0024874506991753318,0.06272409465758336,0.009136465754050496
snr,20,37782,0.03348155206182838,0.00788735376634376,0.0028849716796358056,0.06103435498385475,0.013987953828631513
noise_domain,Babble_noise,23330,0.019331333047578225,0.0024003429061294473,0.0007286755250750107,0.029704243463351907,0.0050134260265798656
noise_domain,City_noise,27887,0.03636102843618891,0.008713737583820418,0.0041955032810987196,0.06802452755764335,0.005327367868098715
noise_domain,Clean,57735,0.0958344158655928,0.026465748679310643,0.012366848532086257,0.18791027972633584,0.05272158775255065
noise_domain,Domestic_noise,28968,0.021230323115161556,0.004177022921844794,0.001484396575531621,0.036350455675227836,0.0027685562468055132
noise_domain,Nature_noise,28954,0.03457207985079782,0.006838433377080887,0.002763003384679146,0.060337086412930854,0.01346980971035934
noise_domain,Office_noise,29305,0.042381846101347896,0.011090257635215834,0.0050162088380822385,0.08189728715236308,0.015167903703107735
noise_domain,Public_noise,25931,0.026531950175465658,0.006478732019590452,0.0024295245073464194,0.04824341521730747,0.0071227421315579985
noise_domain,SSN_noise,31279,0.1302791009942773,0.031554717222417594,0.010262476421880495,0.2429425493142364,0.04115483351145694
noise_domain,Street_noise,26258,0.05129865183943941,0.007769060857643385,0.001866097951100617,0.08222256074339249,0.010422425898054493
noise_domain,Transport_noise,18653,0.029861148340749478,0.008095212566343216,0.0030021980378491394,0.05623760253042406,0.0005003489297644438
