target,information_level,model_family,model,positive,negative,prevalence,auroc,auprc,normalized_auprc_lift,auroc_ci95_low,auroc_ci95_high,normalized_auprc_lift_ci95_low,normalized_auprc_lift_ci95_high,bootstrap_repeats
correction,X0,logistic,X0_logistic,3981,294319,0.013345625209520616,0.9738193343111107,0.24567674250924243,0.23547366051973204,,,,,
correction,X0,mlp,X0_mlp,3981,294319,0.013345625209520616,0.9738193338843745,0.24567353581427262,0.23547041045055714,,,,,
correction,X1,logistic,X1_logistic,3981,294319,0.013345625209520616,0.9744183384253081,0.2550070548879149,0.24493017600992467,,,,,
correction,X1,mlp,X1_mlp,3981,294319,0.013345625209520616,0.9752033974069862,0.2677345868526813,0.25782986235395894,,,,,
correction,X2,logistic,X2_logistic,3981,294319,0.013345625209520616,0.9784906985910301,0.31200118910840374,0.30269522086931816,,,,,
correction,X2,mlp,X2_mlp,3981,294319,0.013345625209520616,0.980548475368322,0.33852966768359416,0.32958252735982435,,,,,
correction,X3,logistic,X3_logistic,3981,294319,0.013345625209520616,0.9772164599074529,0.30328983012701327,0.2938660308267155,0.9733678037858444,0.9806316934020387,0.243043180416736,0.34646564393790225,5000
correction,X3,mlp,X3_mlp,3981,294319,0.013345625209520616,0.9733587288679222,0.2813507349340641,0.27163018436061326,,,,,
harm,X0,logistic,X0_logistic,2395,295905,0.008028830036875628,0.9678802297145881,0.139548644533102,0.1325843113979971,,,,,
harm,X0,mlp,X0_mlp,2395,295905,0.008028830036875628,0.9679441700012406,0.141302160566192,0.13435202006351724,,,,,
harm,X1,logistic,X1_logistic,2395,295905,0.008028830036875628,0.9686683959781005,0.13045669383927788,0.12341877214733307,,,,,
harm,X1,mlp,X1_mlp,2395,295905,0.008028830036875628,0.970331662545168,0.14490428300558483,0.13798329741155424,,,,,
harm,X2,logistic,X2_logistic,2395,295905,0.008028830036875628,0.9742980790081058,0.18747241813178933,0.18089597110124112,,,,,
harm,X2,mlp,X2_mlp,2395,295905,0.008028830036875628,0.9774193171727976,0.2151805390854143,0.2088283564291887,,,,,
harm,X3,logistic,X3_logistic,2395,295905,0.008028830036875628,0.9734274093992602,0.18934034954751594,0.18277902120621148,0.9695600211615955,0.9768089871408554,0.1461291410915341,0.22520911871463511,5000
harm,X3,mlp,X3_mlp,2395,295905,0.008028830036875628,0.9664092143775056,0.19486585389376843,0.18834924795630734,,,,,
