model,seed,condition,stratum,frames,source_clusters,f1,f1_ci95_low,f1_ci95_high,auc,proper_loss,tpr_at_fpr_0.315,added_cache_bytes,long_rf_cache_bytes,elapsed_seconds
Short+MFCC EMA FiLM,17,overall,all,60002,2,0.8292215921643714,0.7888132927621457,0.8598043782021425,0.8969265455876567,0.42284439107713906,0.8973038379200149,512,0,
Short+MFCC EMA FiLM,17,clean_speech,all,6991,2,0.9650629163582531,0.9435897435897436,0.9731769505354411,nan,0.1679977569898529,nan,512,0,
Short+MFCC EMA FiLM,17,speech_with_noise,all,18080,2,0.9226873231044243,0.8928270042194093,0.934440523147187,nan,0.30760627521000933,nan,512,0,
Short+MFCC EMA FiLM,17,speech_with_music,all,7160,2,0.9237937772433489,0.9147286821705426,0.9247669773635153,nan,0.3395418809342558,nan,512,0,
Short+MFCC EMA FiLM,17,no_speech,all,27771,2,0.0,0.0,0.0,nan,0.5835006125457562,nan,512,0,
Short+MFCC EMA FiLM,17,hard_frames_top20,all,12000,2,0.6231292517006802,,,0.7835793997207815,0.5781833950612548,0.7518004115226338,512,0,3.5034356117248535
Short+MFCC EMA FiLM,23,overall,all,60002,2,0.7623659010727913,0.7389939163995551,0.7909694980385877,0.8844530298956905,0.47210033790214395,0.8807979895132015,512,0,
Short+MFCC EMA FiLM,23,clean_speech,all,6991,2,0.8829591755212911,0.8693992139247614,0.9163898117386489,nan,0.49953365079450746,nan,512,0,
Short+MFCC EMA FiLM,23,speech_with_noise,all,18080,2,0.7427856199151659,0.7081445686096849,0.8201438848920863,nan,0.6844217029552904,nan,512,0,
Short+MFCC EMA FiLM,23,speech_with_music,all,7160,2,0.8193585621238354,0.717948717948718,0.8293920449397482,nan,0.5382326785855737,nan,512,0,
Short+MFCC EMA FiLM,23,no_speech,all,27771,2,0.0,0.0,0.0,nan,0.3099144558710771,nan,512,0,
Short+MFCC EMA FiLM,23,hard_frames_top20,all,12000,2,0.45819992885094263,,,0.7805442332296411,0.5238189610104473,0.720164609053498,512,0,2.715444803237915
Short+MFCC EMA FiLM,41,overall,all,60002,2,0.7501237555690006,0.7449491754186174,0.7541026139975352,0.8775041441469728,0.49559830997650045,0.8626787875027148,512,0,
Short+MFCC EMA FiLM,41,clean_speech,all,6991,2,0.8972316428740437,0.8947195081787243,0.9036414565826331,nan,0.4703178325028897,nan,512,0,
Short+MFCC EMA FiLM,41,speech_with_noise,all,18080,2,0.7273431175870201,0.7141640362743624,0.7584575348947243,nan,0.7472818506037753,nan,512,0,
Short+MFCC EMA FiLM,41,speech_with_music,all,7160,2,0.7650914108313212,0.7544483985765125,0.7662337662337663,nan,0.6792217826607897,nan,512,0,
Short+MFCC EMA FiLM,41,no_speech,all,27771,2,0.0,0.0,0.0,nan,0.2907642506720957,nan,512,0,
Short+MFCC EMA FiLM,41,hard_frames_top20,all,12000,2,0.35758176412289394,,,0.7520277458178098,0.5474450126962445,0.6869855967078189,512,0,2.8063712120056152
