boundary_exclusion_ms,statistic,estimate,ci95_low,ci95_high,frames
0.0,mean_v_log,0.010764612177745743,0.006247127806874913,0.01613127129806414,295338
0.0,net_refinability,0.005414135668285152,0.002292089473505916,0.008819961721851243,295338
0.0,P_I_minus_P_R,0.062101727512206356,0.05485443150019541,0.07017571707691309,295338
10.0,mean_v_log,0.011250879747956025,0.006840843972261318,0.01643339062565153,289420
10.0,net_refinability,0.00553866353396448,0.002420867183066327,0.009167971589647482,289420
10.0,P_I_minus_P_R,0.05489945408057494,0.04783866710528122,0.0624373606911343,289420
20.0,mean_v_log,0.011386841017506406,0.006911160092925252,0.016412055891790532,283945
20.0,net_refinability,0.005490499920759302,0.0022292416822219975,0.009102817134169392,283945
20.0,P_I_minus_P_R,0.04920671256757471,0.04212356746903512,0.05604065743135776,283945
30.0,mean_v_log,0.011406220893101792,0.0070934795776777014,0.01616276780177472,278603
30.0,net_refinability,0.005437845249333281,0.0023315023662834147,0.008868008733408001,278603
30.0,P_I_minus_P_R,0.04424575471190188,0.03733168312283205,0.051411532286942216,278603
50.0,mean_v_log,0.011179561074786607,0.006905615406255296,0.016244234986459483,268210
50.0,net_refinability,0.005305544163155736,0.002014017535245459,0.00866063561948118,268210
50.0,P_I_minus_P_R,0.03694120278885948,0.030127689564094468,0.04375119715714164,268210
100.0,mean_v_log,0.010405179865132182,0.006033044300903687,0.015501890110850068,243752
100.0,net_refinability,0.005107650398765959,0.0018624475873026411,0.0089179723566313,243752
100.0,P_I_minus_P_R,0.027384390692178937,0.021333701759465914,0.0341897514239843,243752
0.0,onset_distance:exact_0_minus_beyond_1_plus,,,,0
0.0,onset_distance:near_0_2_minus_far_3_plus,-0.0362982523516627,-0.0530432281260187,-0.01811081655585816,5080
0.0,onset_distance:beyond_1_plus_mean,0.010627188334943334,0.0054419623684681395,0.01582237502865917,278619
0.0,onset_distance:beyond_3_plus_mean,0.011289006523747569,0.006368725349601633,0.016814718115251353,273539
0.0,posterior_transition_distance:exact_0_minus_beyond_1_plus,0.035457099047467217,0.01768964771464212,0.05016539682889328,5459
0.0,posterior_transition_distance:near_0_2_minus_far_3_plus,0.030973974245688714,0.0107194552813838,0.05025037856367733,20536
0.0,posterior_transition_distance:beyond_1_plus_mean,0.00949878894402278,0.0050357524842937285,0.01449318714100294,282663
0.0,posterior_transition_distance:beyond_3_plus_mean,0.007962907506960217,0.004412629349456501,0.01204170624914304,267586
0.0,offset_distance:exact_0_minus_beyond_1_plus,,,,0
0.0,offset_distance:near_0_2_minus_far_3_plus,-0.009492668625051588,-0.022879486466315383,0.0029706622948454495,6756
0.0,offset_distance:beyond_1_plus_mean,0.01059356815471239,0.006094188179565079,0.01573191167444391,294664
0.0,offset_distance:beyond_3_plus_mean,0.010811214250709354,0.006245562569361964,0.015624111817307959,287908
10.0,onset_distance:exact_0_minus_beyond_1_plus,,,,0
10.0,onset_distance:near_0_2_minus_far_3_plus,-0.02616471447151441,-0.04612341302578725,-0.005829588247575379,2341
10.0,onset_distance:beyond_1_plus_mean,0.011140392707231106,0.006354570492790792,0.016552181387152913,272965
10.0,onset_distance:beyond_3_plus_mean,0.011364786298269569,0.006666746530838587,0.01661675319771934,270624
10.0,posterior_transition_distance:exact_0_minus_beyond_1_plus,0.03857096880796151,0.02067389846348133,0.0551208720702822,5135
10.0,posterior_transition_distance:near_0_2_minus_far_3_plus,0.03531495295291035,0.014686711656325636,0.056810556626868826,19139
10.0,posterior_transition_distance:beyond_1_plus_mean,0.010008518345179818,0.005556740935695474,0.014632673829293258,277203
10.0,posterior_transition_distance:beyond_3_plus_mean,0.008316110806212805,0.004805225659664728,0.012242502911710773,263199
10.0,offset_distance:exact_0_minus_beyond_1_plus,,,,0
10.0,offset_distance:near_0_2_minus_far_3_plus,0.006291731799749102,-0.003740310646333973,0.015944820827016277,3179
10.0,offset_distance:beyond_1_plus_mean,0.011077465149448072,0.006593267923794359,0.016349490236646582,288746
10.0,offset_distance:beyond_3_plus_mean,0.011008195218812137,0.00627993740021464,0.016155690751172725,285567
20.0,onset_distance:exact_0_minus_beyond_1_plus,,,,0
20.0,onset_distance:near_0_2_minus_far_3_plus,,,,0
20.0,onset_distance:beyond_1_plus_mean,0.01129147771356897,0.006594702957866759,0.01677008139367368,267754
20.0,onset_distance:beyond_3_plus_mean,0.01129147771356897,0.006639114415042676,0.016846486805670552,267754
20.0,posterior_transition_distance:exact_0_minus_beyond_1_plus,0.04340865187047614,0.023964149303039747,0.06108682996079883,4820
20.0,posterior_transition_distance:near_0_2_minus_far_3_plus,0.03944715085796533,0.01708933549409409,0.06213546890870482,17787
20.0,posterior_transition_distance:beyond_1_plus_mean,0.010132898940955653,0.005897718401321558,0.015005068053808678,272173
20.0,posterior_transition_distance:beyond_3_plus_mean,0.00835517614545203,0.00473333375708183,0.012249116972676612,259206
20.0,offset_distance:exact_0_minus_beyond_1_plus,,,,0
20.0,offset_distance:near_0_2_minus_far_3_plus,,,,0
20.0,offset_distance:beyond_1_plus_mean,0.011210398198562352,0.006530317726386268,0.01600830379877388,283271
20.0,offset_distance:beyond_3_plus_mean,0.011210398198562352,0.00665709673767243,0.0164534303660018,283271
30.0,onset_distance:exact_0_minus_beyond_1_plus,,,,0
30.0,onset_distance:near_0_2_minus_far_3_plus,,,,0
30.0,onset_distance:beyond_1_plus_mean,0.011323627753271264,0.006819727826821345,0.016619030343374523,262664
30.0,onset_distance:beyond_3_plus_mean,0.011323627753271264,0.0066072129462001715,0.01648186982791262,262664
30.0,posterior_transition_distance:exact_0_minus_beyond_1_plus,0.047054305489680225,0.026104660385265727,0.06607076306295794,4510
30.0,posterior_transition_distance:near_0_2_minus_far_3_plus,0.04375226492299131,0.020059033451908057,0.06719587604041222,16328
30.0,posterior_transition_distance:beyond_1_plus_mean,0.010153753084117785,0.005993880700164676,0.015006802365556333,267265
30.0,posterior_transition_distance:beyond_3_plus_mean,0.00830600379185711,0.004870592730801498,0.012197036026441323,255447
30.0,offset_distance:exact_0_minus_beyond_1_plus,,,,0
30.0,offset_distance:near_0_2_minus_far_3_plus,,,,0
30.0,offset_distance:beyond_1_plus_mean,0.0112264337110195,0.006796557759476326,0.01646348726928619,277929
30.0,offset_distance:beyond_3_plus_mean,0.0112264337110195,0.006791857727160132,0.016604506790368154,277929
50.0,onset_distance:exact_0_minus_beyond_1_plus,,,,0
50.0,onset_distance:near_0_2_minus_far_3_plus,,,,0
50.0,onset_distance:beyond_1_plus_mean,0.011114101138638123,0.006556590044805003,0.016446554087517988,252760
50.0,onset_distance:beyond_3_plus_mean,0.011114101138638123,0.006695369027356986,0.016383582334466962,252760
50.0,posterior_transition_distance:exact_0_minus_beyond_1_plus,0.056456851623549145,0.033068698937587356,0.07681258402256377,3681
50.0,posterior_transition_distance:near_0_2_minus_far_3_plus,0.053934610087766024,0.029111606251438694,0.07892474595588791,13478
50.0,posterior_transition_distance:beyond_1_plus_mean,0.009970663474771825,0.005777121203136689,0.014880386585549224,257934
50.0,posterior_transition_distance:beyond_3_plus_mean,0.007986400324965327,0.004620042014856244,0.011664511277007319,248137
50.0,offset_distance:exact_0_minus_beyond_1_plus,,,,0
50.0,offset_distance:near_0_2_minus_far_3_plus,,,,0
50.0,offset_distance:beyond_1_plus_mean,0.010992218659386457,0.00663523995205409,0.015891203680289318,267536
50.0,offset_distance:beyond_3_plus_mean,0.010992218659386457,0.0063541974385007355,0.016176747807073674,267536
100.0,onset_distance:exact_0_minus_beyond_1_plus,,,,0
100.0,onset_distance:near_0_2_minus_far_3_plus,,,,0
100.0,onset_distance:beyond_1_plus_mean,0.010284668611245476,0.005685022744801911,0.015696812642325947,229468
100.0,onset_distance:beyond_3_plus_mean,0.010284668611245476,0.00547102734569919,0.015539234024450172,229468
100.0,posterior_transition_distance:exact_0_minus_beyond_1_plus,0.07645844120298663,0.047093515393346,0.10071654187835637,2561
100.0,posterior_transition_distance:near_0_2_minus_far_3_plus,0.07665080232315784,0.04603168697163401,0.10585442653998306,9037
100.0,posterior_transition_distance:beyond_1_plus_mean,0.009272449758128692,0.005141169457050112,0.013907432661672468,235121
100.0,posterior_transition_distance:beyond_3_plus_mean,0.007181911843294886,0.0036789731272761006,0.01104048020817599,228645
100.0,offset_distance:exact_0_minus_beyond_1_plus,,,,0
100.0,offset_distance:near_0_2_minus_far_3_plus,,,,0
100.0,offset_distance:beyond_1_plus_mean,0.010196840264749586,0.005954886606198566,0.015103755978089791,243078
100.0,offset_distance:beyond_3_plus_mean,0.010196840264749586,0.005743623171454755,0.015349490596124808,243078
