jitter_ms,jitter_seed,frames,P_SS,P_R,P_I,P_H,NetRefinability,mean_v_log,mean_v_brier,P_v_log_positive,P_v_brier_positive,short_error,full_error,short_f1,full_f1,jitter_seed_count,positive_seed_count,mean_v_log_ci95_low,mean_v_log_ci95_high,net_refinability_ci95_low,net_refinability_ci95_high
10.0,113,298300.0,0.8973181361045927,0.013338920549782099,0.08130740864901106,0.008035534696614147,0.005303385853167952,0.01005334032936835,0.0034962245979527746,0.6626282266174992,0.6626282266174992,0.09464632919879312,0.0893429433456252,0.9432802357748566,0.9466096924312813,,,,,,
10.0,227,298300.0,0.8975293328863561,0.013335568219912839,0.08109621186724773,0.008038887026483406,0.005296681193429433,0.009969653477855354,0.003465794707335561,0.6625678846798525,0.6625678846798525,0.09443178008716058,0.08913509889373117,0.9434083562527247,0.9467334710288501,,,,,,
10.0,349,298300.0,0.8972611464968153,0.013291987931612471,0.08136439825678847,0.008082467314783775,0.005209520616828696,0.010040663801359906,0.003486588454845841,0.662651692926584,0.662651692926584,0.09465638618840089,0.08944686557157222,0.9432713596309705,0.9465449125309526,,,,,,
10.0,463,298300.0,0.8972276231981227,0.01336909151860543,0.08139792155548106,0.008005363727790815,0.005363727790814616,0.010039485067623442,0.0034948830724113454,0.6626349312772377,0.6626349312772377,0.09476701307408653,0.0894032852832719,0.943195130724142,0.9465616427651129,,,,,,
10.0,587,298300.0,0.8974656386188401,0.013342272879651357,0.08115990613476366,0.008032182366744888,0.005310090512906469,0.010004684177368042,0.0034910898581942723,0.66280590010057,0.66280590010057,0.09450217901441504,0.0891920885015085,0.943366053383371,0.9466993076479262,,,,,,
10.0,-1,298300.0,0.8973603754609453,0.013335568219912839,0.0812651692926584,0.008038887026483406,0.005296681193429434,0.010021565370715019,0.003486916138147959,0.6626577271203488,0.6626577271203488,0.09460073751257123,0.0893040563191418,0.9433042271532128,0.9466298052808246,5.0,5.0,0.00535182573169915,0.015057395750346338,0.0023035120407372714,0.008939109752533725
20.0,113,298300.0,0.8967515923566879,0.013439490445859873,0.08187395239691586,0.007934964800536373,0.005504525645323501,0.009884466387352058,0.003511303833748821,0.6625377137110292,0.6625377137110292,0.09531344284277576,0.08980891719745221,0.9428725280995953,0.9463238122715907,,,,,,
20.0,227,298300.0,0.8965638618840094,0.01337579617834395,0.08206168286959437,0.007998659068052296,0.005377137110291653,0.009843714563735761,0.0034724167367633906,0.6621656050955415,0.6621656050955415,0.09543747904793831,0.09006034193764667,0.9427914033377877,0.9461671793124868,,,,,,
20.0,349,298300.0,0.8966778410995642,0.013325511230305061,0.08194770365403956,0.008048944016091183,0.005276567214213879,0.009794731172952199,0.003449165736572919,0.6623566878980892,0.6623566878980892,0.09527321488434459,0.08999664767013071,0.942898016097857,0.9462129044150057,,,,,,
20.0,463,298300.0,0.8963224941334227,0.013305397251089507,0.08230305062018102,0.008069057995306737,0.0052363392557827695,0.00991650883733164,0.003461524295185963,0.6625377137110292,0.6625377137110292,0.09560844787127054,0.09037210861548772,0.9426830444708832,0.9459753023082441,,,,,,
20.0,587,298300.0,0.8966275561515253,0.013345625209520616,0.08199798860207845,0.008028830036875628,0.005316795172644988,0.009895803804900752,0.0034745456604835913,0.6622393563526651,0.6622393563526651,0.09534361381159906,0.09002681863895412,0.9428632845224009,0.9462018786772732,,,,,,
20.0,-1,298300.0,0.8965886691250418,0.013358364063023802,0.08203687562856185,0.008016091183372442,0.005342272879651358,0.009867044953254482,0.0034737912525509367,0.6623674153536709,0.6623674153536709,0.09539523969158566,0.09005296681193428,0.9428216553057048,0.94617621539692,5.0,5.0,0.005162899721632432,0.015254966197042412,0.002246016413782092,0.008693930460939667
30.0,113,298300.0,0.8957626550452564,0.013426081126382836,0.0828628897083473,0.00794837412001341,0.005477707006369426,0.009687316365482536,0.0034904383776847452,0.661850486087831,0.661850486087831,0.09628897083473009,0.09081126382836069,0.9422777412697169,0.9457152762330742,,,,,,
30.0,227,298300.0,0.8957391887361716,0.013285283271873952,0.08288635601743212,0.008089171974522294,0.005196111297351659,0.00963616039409244,0.003460615470657889,0.6620013409319477,0.6620013409319477,0.09617163928930605,0.09097552799195441,0.9423254766672297,0.9455958237607803,,,,,,
30.0,349,298300.0,0.8952732148843446,0.013285283271873952,0.08335232986925914,0.008089171974522294,0.005196111297351659,0.009622375345822363,0.003457783128107371,0.662018102581294,0.662018102581294,0.09663761314113306,0.09144150184378141,0.9420785185988897,0.9453477352279398,,,,,,
30.0,463,298300.0,0.8960911833724439,0.013315454240697284,0.08253436138115991,0.00805900100569896,0.005256453234998324,0.009510402512323953,0.0034217468014365988,0.6616795172644988,0.6616795172644988,0.09584981562185724,0.09059336238685889,0.9425369594752117,0.9458417337699556,,,,,,
30.0,587,298300.0,0.8956352665102246,0.01333221589004358,0.08299027824337915,0.008042239356352666,0.005289976533690914,0.009559014284383955,0.003430112495280597,0.6617968488099228,0.6617968488099228,0.09632249413342275,0.09103251759973185,0.9422351245343407,0.9455618526010228,,,,,,
30.0,-1,298300.0,0.8957003017096883,0.01332886356017432,0.08292524304391553,0.008045591686221926,0.005283271873952397,0.009603053780421051,0.0034521392546334405,0.6618692591350989,0.6618692591350989,0.09625410660408984,0.09097083473013745,0.9422907641090777,0.9456124843185545,5.0,5.0,0.004918274445138207,0.014720925265884553,0.00227211957108388,0.008476628294630388
50.0,113,298300.0,0.8920616828695944,0.013345625209520616,0.08656386188400939,0.008028830036875628,0.005316795172644988,0.008572896884625982,0.003313252291125049,0.6598457928260141,0.6598457928260141,0.09990948709352998,0.09459269192088504,0.9400603760531115,0.9434106055227655,,,,,,
50.0,227,298300.0,0.8931411330874958,0.013097552799195441,0.08548441166610794,0.008276902447200805,0.004820650351994636,0.008311586163995459,0.0031988978248805155,0.6594770365403956,0.6594770365403956,0.09858196446530343,0.09376131411330879,0.94084276975009,0.9438946939774407,,,,,,
50.0,349,298300.0,0.8936540395574925,0.01337244384847469,0.0849715051961113,0.008002011397921555,0.005370432450553134,0.009024766173277512,0.003397365036697706,0.660801206838753,0.660801206838753,0.09834394904458599,0.09297351659403286,0.9409600631133223,0.9443420952289211,,,,,,
50.0,463,298300.0,0.8933422728796514,0.013352329869259135,0.08528327187395239,0.00802212537713711,0.005330204492122025,0.009165669623948082,0.0034346492623614977,0.6609922896413007,0.6609922896413007,0.09863560174321151,0.09330539725108955,0.9408365288136138,0.9441919126095039,,,,,,
50.0,587,298300.0,0.8935903452899765,0.013201475025142474,0.08503519946362723,0.008172980221253772,0.005028494803888702,0.009034314951236036,0.0033255654111684404,0.6609285953737848,0.6609285953737848,0.09823667448876972,0.09320817968488104,0.9410614727391209,0.9442365314496817,,,,,,
50.0,-1,298300.0,0.8931578947368422,0.013273885350318471,0.08546765001676164,0.008100569896077775,0.005173315454240697,0.008821846759416614,0.0033339459652466418,0.6604089842440496,0.6604089842440496,0.09874153536708012,0.09356821991283945,0.9407522420938517,0.9440151677576626,5.0,5.0,0.004058547868356323,0.013938066007794249,0.0020597168441411334,0.008456401157963605
