jitter_ms,statistic,estimate,ci95_low,ci95_high,jitter_seed_count
10.0,mean_v_log,0.010021565370715019,0.00535182573169915,0.015057395750346338,5
10.0,net_refinability,0.005296681193429434,0.0023035120407372714,0.008939109752533725,5
10.0,P_I_minus_P_R,0.06792960107274557,0.06072414659141397,0.07612226202984554,5
20.0,mean_v_log,0.009867044953254479,0.005162899721632432,0.015254966197042412,5
20.0,net_refinability,0.005342272879651358,0.002246016413782092,0.008693930460939667,5
20.0,P_I_minus_P_R,0.06867851156553804,0.06136936810734719,0.07673805382353924,5
30.0,mean_v_log,0.009603053780421048,0.004918274445138207,0.014720925265884553,5
30.0,net_refinability,0.005283271873952397,0.00227211957108388,0.008476628294630388,5
30.0,P_I_minus_P_R,0.0695963794837412,0.06260272815067462,0.07739074346235203,5
50.0,mean_v_log,0.008821846759416616,0.004058547868356323,0.013938066007794249,5
50.0,net_refinability,0.0051733154542406975,0.0020597168441411334,0.008456401157963605,5
50.0,P_I_minus_P_R,0.07219376466644317,0.06514648959907719,0.07964975192928858,5
