domain,snr_db,group,frames,short_sufficient,refinable,rf384_irreducible,refinement_harm,selected,selected_refinable,selected_harm,state_rate_short_sufficient,state_rate_refinable,state_rate_rf384_irreducible,state_rate_refinement_harm,availability_gross,availability_net,gate_utility,activation_rate,selected_refinable_rate,selected_harm_rate,source_ci95_low_state_rate_short_sufficient,source_ci95_high_state_rate_short_sufficient,speaker_ci95_low_state_rate_short_sufficient,speaker_ci95_high_state_rate_short_sufficient,source_ci95_low_state_rate_refinable,source_ci95_high_state_rate_refinable,speaker_ci95_low_state_rate_refinable,speaker_ci95_high_state_rate_refinable,source_ci95_low_state_rate_rf384_irreducible,source_ci95_high_state_rate_rf384_irreducible,speaker_ci95_low_state_rate_rf384_irreducible,speaker_ci95_high_state_rate_rf384_irreducible,source_ci95_low_state_rate_refinement_harm,source_ci95_high_state_rate_refinement_harm,speaker_ci95_low_state_rate_refinement_harm,speaker_ci95_high_state_rate_refinement_harm,source_ci95_low_availability_gross,source_ci95_high_availability_gross,speaker_ci95_low_availability_gross,speaker_ci95_high_availability_gross,source_ci95_low_availability_net,source_ci95_high_availability_net,speaker_ci95_low_availability_net,speaker_ci95_high_availability_net,source_ci95_low_gate_utility,source_ci95_high_gate_utility,speaker_ci95_low_gate_utility,speaker_ci95_high_gate_utility,source_ci95_low_activation_rate,source_ci95_high_activation_rate,speaker_ci95_low_activation_rate,speaker_ci95_high_activation_rate,source_ci95_low_selected_refinable_rate,source_ci95_high_selected_refinable_rate,speaker_ci95_low_selected_refinable_rate,speaker_ci95_high_selected_refinable_rate,source_ci95_low_selected_harm_rate,source_ci95_high_selected_harm_rate,speaker_ci95_low_selected_harm_rate,speaker_ci95_high_selected_harm_rate
seen,-5,seen/-5,29295,25766,295,2909,325,1621,251,266,0.8795357569551118,0.010069977811913296,0.09930022188086704,0.011094043352107869,0.010069977811913296,-0.0010240655401945725,-0.0005120327700972862,0.0553336746885134,0.15484268969771744,0.16409623689080816,0.8658998385650231,0.8906224461058461,0.8694718384621943,0.8876926464839422,0.008467239345380798,0.011803087376200786,0.008611651760025733,0.01103634413426449,0.09038183487107604,0.11066311527248533,0.09067375036887386,0.11032003540540475,0.007729731743887773,0.014839249608257664,0.00847306814555695,0.013667421087127318,0.008467239345380798,0.011803087376200786,0.008611651760025733,0.01103634413426449,-0.004087254979703632,0.0016576690045476221,-0.0032771847382470623,0.0009626928893186557,-0.003121274440379839,0.0018431493165990268,-0.0024784872806680046,0.0012538303265060688,0.04663713128889803,0.06512608361550289,0.04546010354668573,0.06569644768159282,0.13565966727323805,0.17685882121751445,0.13482224599374787,0.17839616093263816,0.12992478965017773,0.1969759004240777,0.1372738881163717,0.18731487098264332
seen,0,seen/0,24179,21448,320,2163,248,1429,256,208,0.8870507465155714,0.013234625087886183,0.08945779395343066,0.010256834443111791,0.013234625087886183,0.002977790644774391,0.001985193763182927,0.05910087265809173,0.17914625612316304,0.14555633310007,0.8732855388939619,0.9009156632869342,0.8752974697899336,0.8979564540457855,0.011110568038627384,0.015669505246724124,0.01063759436550762,0.01611649923726469,0.0760540710171812,0.1022404207151603,0.07917691757191994,0.09983366331818708,0.008269723623940671,0.012415822612906902,0.0078511605459239,0.01289453290182952,0.011110568038627384,0.015669505246724124,0.01063759436550762,0.01611649923726469,0.0005709092853716679,0.005537946220713029,0.0005267792700991557,0.005540888394861354,-0.0001165287299292522,0.004241658215071503,-0.00011703412548268863,0.004237861384822071,0.05012145014706923,0.07015741181924302,0.04797857588309528,0.07238948282030346,0.1527930978014657,0.20911549647745614,0.15275160304682697,0.20880784653741155,0.1284768872660705,0.161214679416147,0.12701099977242436,0.16060091741053376
seen,5,seen/5,20673,18710,242,1546,175,1013,200,141,0.9050452280752672,0.01170609006917235,0.07478353407826634,0.008465147777294055,0.01170609006917235,0.0032409422918782955,0.0028539641077734244,0.0490011125622793,0.19743336623889438,0.13919052319842054,0.8922125683698853,0.9180467359468343,0.8911904544262655,0.9177052814756267,0.00922855919102838,0.01438235504683002,0.00840676310907772,0.015592858868385016,0.06383817927077758,0.0852020372979296,0.06443081115576807,0.08585955458288355,0.007303930924444395,0.009596326149060768,0.007367489090687421,0.009547567409954806,0.00922855919102838,0.01438235504683002,0.00840676310907772,0.015592858868385016,0.0006533509212405371,0.0059118331611344305,-0.0004079431450121234,0.007462879925943777,0.0009880261497279843,0.004791860600016258,0.0002294023888118264,0.005896146910808824,0.04289606034242539,0.055196244970145,0.04367701455782024,0.054603787149231094,0.163529966198487,0.23496049268218516,0.151385043031233,0.2506967893841586,0.12509769130694556,0.15484852845933408,0.12479269437502123,0.154127634001521
seen,10,seen/10,33027,30390,326,2094,217,1527,277,169,0.920156235807067,0.009870711841826384,0.06340267054228359,0.006570381808823084,0.009870711841826384,0.0033003300330033004,0.003270051775819784,0.04623489871922972,0.18140144073346431,0.11067452521283562,0.9116222889564556,0.9291672955521407,0.9106646645071222,0.9298815635235235,0.00841334617698825,0.011261526303156187,0.008338107008856455,0.011720620711425659,0.05506723424978074,0.0715276059851606,0.05387077874012257,0.07187529809283855,0.005646924660347216,0.0076124512579362185,0.005455690665120453,0.007974053430801771,0.00841334617698825,0.011261526303156187,0.008338107008856455,0.011720620711425659,0.0018653406146400405,0.004714439638301412,0.0017638286833213123,0.004878074783553854,0.0021721597520874833,0.004378109997557517,0.002134621004840058,0.0045583307263251036,0.04175894901382548,0.05102014502039858,0.04090191279907381,0.052484502508946165,0.16335340973686963,0.19918422208220146,0.16396762304002854,0.20209939402611019,0.10009797497730864,0.12223098986592344,0.09748523695641063,0.1263125814007013
seen,15,seen/15,28497,26692,179,1496,130,968,161,106,0.9366599992981718,0.006281362950486016,0.05249675404428537,0.004561883707056884,0.006281362950486016,0.0017194792434291329,0.0019300277222163737,0.03396848791100818,0.16632231404958678,0.10950413223140495,0.9294652998921049,0.9434866301263952,0.92983360481296,0.9428683945124351,0.0046477519524490835,0.007806306868182323,0.00467164032278643,0.007944101785139806,0.04704548450153775,0.05861661606607842,0.047431375183115444,0.05812140286819881,0.003609677566452823,0.0055486591699445646,0.0036917231181097907,0.005443637182046189,0.0046477519524490835,0.007806306868182323,0.00467164032278643,0.007944101785139806,0.0006090950850420273,0.0026961677154859315,0.000592382271626278,0.002834016702690153,0.0008986432942095512,0.002915397991816245,0.0008882448495932978,0.002965043450683702,0.028356897720340862,0.03948339240619355,0.028395303285905282,0.04072111848114671,0.14074203611656352,0.18770450488178891,0.14274211036299622,0.1862740114405263,0.0993183566132195,0.12007260254863039,0.09871019182944087,0.12081726931059472
seen,20,seen/20,28704,26995,144,1449,116,805,115,101,0.940461259754738,0.005016722408026756,0.05048076923076923,0.004041248606465998,0.005016722408026756,0.0009754738015607581,0.00048773690078037906,0.028044871794871796,0.14285714285714285,0.12546583850931678,0.9348941924600069,0.9454842526162477,0.9341313570527083,0.946085080167409,0.004218098396810915,0.005965284777540329,0.004060201532139656,0.006134245568406517,0.046002589742572084,0.055493782308930664,0.04548437702777183,0.0560502666291335,0.0034788233659484194,0.004679851393415165,0.003373289914280639,0.0047519562373756355,0.004218098396810915,0.005965284777540329,0.004060201532139656,0.006134245568406517,5.075770209180514e-05,0.0019534035469830962,1.9383732125841265e-05,0.002046804263261342,-0.00018099665056088668,0.0011972810379508678,-0.0002650424240166316,0.001305972986942374,0.02525714307239479,0.03132751142995361,0.02484200059768093,0.03187083188144811,0.1261975313877499,0.1602875618507845,0.1243542923316816,0.16129468769640043,0.11107865608670192,0.1395088944286949,0.11146979439130836,0.1392340771608939
unseen,-5,unseen/-5,15416,11590,680,2881,265,1635,462,127,0.7518162947586923,0.04411001556824079,0.1868837571354437,0.01718993253762325,0.04411001556824079,0.02692008303061754,0.02173066943435392,0.10605864037363778,0.28256880733944956,0.07767584097859327,0.6970888692203219,0.8094841732032859,0.6937682317271879,0.8199711835443421,0.025876934714227497,0.059253035841470326,0.022699959826094858,0.05646635325753943,0.14309829276572283,0.2325959851995491,0.13550526128226167,0.24049912671571094,0.009423703179453955,0.024015038479934546,0.006954889915057162,0.026369052924034866,0.025876934714227497,0.059253035841470326,0.022699959826094858,0.05646635325753943,0.010069274357573457,0.04326726733347835,0.009601824840932919,0.041788544284083164,0.012131276065560383,0.030503792016964765,0.010100220612016863,0.028708774522675406,0.07087002913009224,0.13410909679699687,0.056332127626388576,0.1390035120027907,0.22836213910571873,0.3491525575798626,0.22881014709727346,0.35440329353519096,0.05348123257409088,0.09890651142106825,0.05740378250463463,0.09328040173689041
unseen,0,unseen/0,14355,12028,378,1829,120,959,258,89,0.8378962034134448,0.026332288401253918,0.12741205154998259,0.008359456635318705,0.026332288401253918,0.017972831765935213,0.011772901428073843,0.06680599094392198,0.26903023983315955,0.09280500521376434,0.7786158457135858,0.8831973779404543,0.7745325991782465,0.8899790080238988,0.012640689970598711,0.04552663577201775,0.009099398739405483,0.0489955618009821,0.09294372564130236,0.1678451939471998,0.08835796235691468,0.16818532759498991,0.0060550445618041075,0.011155545687982606,0.006151547826342309,0.011253727576066219,0.012640689970598711,0.04552663577201775,0.009099398739405483,0.0489955618009821,0.0046840506942915005,0.0359406243661523,0.0014327789280450776,0.0389368355683634,0.0032984025715097837,0.023285675417453813,0.0009405050919462882,0.025431127508671228,0.044601330626588186,0.09739268204166296,0.03990875987497136,0.10369486967962249,0.2012710203141799,0.3168939768272754,0.174094396474186,0.3208481788538108,0.06255288261500593,0.1383520719579608,0.059725799675862126,0.15234357575104351
unseen,5,unseen/5,14823,11767,658,2258,140,1251,465,69,0.7938339067665116,0.04439047426296971,0.15233083721244012,0.009444781758078662,0.04439047426296971,0.034945692504891046,0.02671523982999393,0.08439587128111718,0.37170263788968827,0.05515587529976019,0.7128323844908043,0.8757372024969617,0.7007644312404294,0.8777402437436919,0.019095657288688565,0.06952997572856318,0.018506927861978294,0.07241611127635379,0.0954843022969579,0.20665581554082893,0.09610669452911925,0.21570979625849815,0.006284513360716276,0.012882831871446654,0.006280623837431996,0.013008410099876385,0.019095657288688565,0.06952997572856318,0.018506927861978294,0.07241611127635379,0.012187815523008232,0.05742272414082748,0.011910171457655536,0.06058166584835337,0.010243350233952604,0.04296570252523797,0.009987740878920447,0.04540169850167073,0.04969145238706004,0.11809760520794002,0.0493249358276769,0.12249216056428065,0.2881118625815326,0.4095147021416479,0.28629917658563236,0.4126798508314978,0.040369561045328003,0.08948101333148636,0.03614679634292023,0.09010324480516105
unseen,10,unseen/10,6391,5891,43,429,28,241,38,21,0.9217649820059458,0.0067282115474886555,0.06712564543889846,0.004381161007667032,0.0067282115474886555,0.0023470505398216243,0.002659990611797841,0.037709278673134096,0.15767634854771784,0.08713692946058091,0.8980618699665184,0.937274893298485,0.8945768435075308,0.9389142847750502,0.004000205717310027,0.010796287268704267,0.0036844416204201863,0.010953000748076668,0.05328589595320069,0.08788317510625655,0.051500818839632624,0.09190489023597818,0.0029657564898456826,0.006707523481790392,0.002903907015003677,0.0067065702555147615,0.004000205717310027,0.010796287268704267,0.0036844416204201863,0.010953000748076668,6.36930306819675e-05,0.005058937908738072,0.000134358512666162,0.005180378151261566,0.0006926473756902217,0.005202055245658746,0.0004785311725638394,0.005513083679746221,0.027238998706938314,0.054144716853188835,0.027207004863836856,0.05427126023408621,0.12835551489564886,0.18815416990050832,0.12228634752319081,0.19071569245522424,0.059994302238823245,0.13072233630334695,0.059380119445078074,0.12879793468573025
unseen,15,unseen/15,16127,14659,116,1269,83,643,93,78,0.9089725305388479,0.007192906306194581,0.07868791467724934,0.005146648477708191,0.007192906306194581,0.0020462578284863894,0.0009301171947665406,0.039871023748992374,0.14463452566096424,0.12130637636080871,0.8912235344526251,0.9283583223063454,0.8898630891729808,0.9302577202517771,0.005306629617885733,0.009166127816797941,0.005549188760597392,0.009123270982767287,0.059448684095673464,0.09601711708764608,0.05771839247491581,0.09742158702575009,0.003875025639502707,0.006586870166460899,0.0035162773515742996,0.006880199447799723,0.005306629617885733,0.009166127816797941,0.005549188760597392,0.009123270982767287,-0.0003994246710258512,0.004473258324999192,-0.000389626232459725,0.004663399649861984,-0.0010803563106278106,0.0029915411602407225,-0.0011319810686682456,0.0030867398944215336,0.03567581293306646,0.044687054399848034,0.03473048864071842,0.04469207761246443,0.11676889124124497,0.1725304033706707,0.12003742272918579,0.17326247571385794,0.09264486512188867,0.15275368633454792,0.08773187736488121,0.15648536404461674
unseen,20,unseen/20,9078,8453,61,527,37,299,55,30,0.931152236175369,0.006719541749283983,0.05805243445692884,0.0040757876184181535,0.006719541749283983,0.0026437541308658294,0.0027539105529852392,0.03293677021370346,0.18394648829431437,0.10033444816053512,0.9214784364287882,0.9402052082330903,0.9212723884899604,0.9401492389373116,0.004474148393986815,0.00902693940271764,0.004318512522614011,0.009136435119023,0.04973357988932731,0.06729124392595037,0.049930354867770525,0.06716478391898613,0.003078753029294995,0.005222952381845139,0.002975426358314529,0.005339095763882978,0.004474148393986815,0.00902693940271764,0.004318512522614011,0.009136435119023,-0.00011182490646006534,0.005299088788464744,-0.0002614723899914652,0.005329904395122463,0.00041281593373659463,0.004988599214605944,0.0002503493721815829,0.005002670696195415,0.027986082909967472,0.037568640515799355,0.028001074462335736,0.03845087908269285,0.13719403043398715,0.2300531644689452,0.13303317549820476,0.228303753633695,0.07167210028989256,0.1333214002480495,0.07167758094717099,0.13313567035848395
