domain,snr_db,group,frames,short_sufficient_rate,never_correct_rate,unstable_correct_rate,non_monotone_rate,first_correct_defined_rate,stable_sufficient_defined_rate,stable_sufficient_long_rate,mean_first_correct_span,mean_stable_sufficient_span,first_correct_-1,first_correct_64,first_correct_128,first_correct_256,first_correct_384,first_correct_512,stable_sufficient_-1,stable_sufficient_64,stable_sufficient_128,stable_sufficient_256,stable_sufficient_384,stable_sufficient_512,oracle_net_utility_rf64,oracle_net_utility_rf128,oracle_net_utility_rf256,oracle_net_utility_rf384,oracle_net_utility_rf512,source_ci95_low_short_sufficient_rate,source_ci95_high_short_sufficient_rate,speaker_ci95_low_short_sufficient_rate,speaker_ci95_high_short_sufficient_rate,source_ci95_low_never_correct_rate,source_ci95_high_never_correct_rate,speaker_ci95_low_never_correct_rate,speaker_ci95_high_never_correct_rate,source_ci95_low_unstable_correct_rate,source_ci95_high_unstable_correct_rate,speaker_ci95_low_unstable_correct_rate,speaker_ci95_high_unstable_correct_rate,source_ci95_low_non_monotone_rate,source_ci95_high_non_monotone_rate,speaker_ci95_low_non_monotone_rate,speaker_ci95_high_non_monotone_rate,source_ci95_low_first_correct_defined_rate,source_ci95_high_first_correct_defined_rate,speaker_ci95_low_first_correct_defined_rate,speaker_ci95_high_first_correct_defined_rate,source_ci95_low_stable_sufficient_defined_rate,source_ci95_high_stable_sufficient_defined_rate,speaker_ci95_low_stable_sufficient_defined_rate,speaker_ci95_high_stable_sufficient_defined_rate,source_ci95_low_stable_sufficient_long_rate,source_ci95_high_stable_sufficient_long_rate,speaker_ci95_low_stable_sufficient_long_rate,speaker_ci95_high_stable_sufficient_long_rate,source_ci95_low_mean_first_correct_span,source_ci95_high_mean_first_correct_span,speaker_ci95_low_mean_first_correct_span,speaker_ci95_high_mean_first_correct_span,source_ci95_low_mean_stable_sufficient_span,source_ci95_high_mean_stable_sufficient_span,speaker_ci95_low_mean_stable_sufficient_span,speaker_ci95_high_mean_stable_sufficient_span,source_ci95_low_oracle_net_utility_rf64,source_ci95_high_oracle_net_utility_rf64,speaker_ci95_low_oracle_net_utility_rf64,speaker_ci95_high_oracle_net_utility_rf64,source_ci95_low_oracle_net_utility_rf128,source_ci95_high_oracle_net_utility_rf128,speaker_ci95_low_oracle_net_utility_rf128,speaker_ci95_high_oracle_net_utility_rf128,source_ci95_low_oracle_net_utility_rf256,source_ci95_high_oracle_net_utility_rf256,speaker_ci95_low_oracle_net_utility_rf256,speaker_ci95_high_oracle_net_utility_rf256,source_ci95_low_oracle_net_utility_rf384,source_ci95_high_oracle_net_utility_rf384,speaker_ci95_low_oracle_net_utility_rf384,speaker_ci95_high_oracle_net_utility_rf384,source_ci95_low_oracle_net_utility_rf512,source_ci95_high_oracle_net_utility_rf512,speaker_ci95_low_oracle_net_utility_rf512,speaker_ci95_high_oracle_net_utility_rf512
seen,-5,seen/-5,29295,0.8906298003072196,0.09585253456221199,0.011332991978153269,0.08770287141073659,0.904147465437788,0.8928144734596347,0.01479640604090996,66.56367274512024,69.69405467405849,2808,26122,163,99,60,43,3140,25722,46,72,70,245,0.0010582010582010583,0.00136542072025943,0.00027308414405188597,-0.0010240655401945725,0.0021846731524150878,0.8784481621819245,0.9002449027681847,0.8802956643173537,0.8991249140374789,0.08679700017788128,0.10711310704498866,0.08738003314691725,0.10677644291665477,0.00953733886654459,0.01344487123948273,0.009590663372189981,0.012888139538756815,0.07478435832719108,0.10170591367088291,0.07145196604380771,0.10266408463963568,0.8928868929550113,0.9132029998221187,0.8932235570833452,0.9126199668530827,0.8805734587446454,0.9025705889673152,0.8814733650558552,0.9014354155670076,0.011571126705758886,0.018554901144005886,0.012045030747258682,0.01731400053096763,66.02797002458837,67.18281397787138,66.08570662456336,67.00596120032961,68.43474809802235,71.1709568061966,68.60311022501519,70.73801511310091,0.8795555260585318,0.9017407078005557,0.8805709376859434,0.9000961880326332,0.8801594736575501,0.9018184362230112,0.8811299582836251,0.9004943789381046,0.8786124778548517,0.901023285400848,0.8800597598587795,0.8992328740878216,0.877220753260723,0.8999739135939248,0.8791933229994667,0.8977903316363921,0.8805734587446454,0.9025705889673152,0.8814733650558552,0.9014354155670076
seen,0,seen/0,24179,0.8973075809586831,0.08470160056247157,0.014806236817072667,0.10350382601691502,0.9152983994375284,0.9004921626204557,0.017912092959169613,67.74208124350459,70.34032976622423,2048,21687,163,173,72,36,2406,21328,55,125,64,201,-0.0003722238305967989,0.0006203730509946648,0.0036395218991687,0.002977790644774391,0.0031845816617726125,0.8841362790259201,0.9108031690708724,0.8862313679729821,0.9073700896825581,0.07210455408574386,0.09714712047258894,0.07507459464617633,0.09399912965707288,0.012578282291537962,0.01736333870569819,0.012416776004437913,0.01791002514692615,0.08515217273475667,0.12312947507097292,0.08617693004169384,0.12429603379167085,0.9028528795274111,0.9278954459142562,0.9060008703429271,0.9249254053538236,0.8873619773779238,0.9141230083662295,0.8896725702893905,0.9103980253871099,0.015435256036423237,0.02106405628168142,0.014891093804033634,0.021335163287988523,67.1008179884829,68.51770745793284,66.94463388068726,68.67850161501872,69.39132928246944,71.46443237723773,69.21423113589513,71.60221964692361,0.8837162081479712,0.9106343897137474,0.8861010650216348,0.9071113222431177,0.884367187081236,0.9113465995644382,0.8874999254515658,0.9082329680603168,0.8877275333723181,0.9149163457885323,0.8900137367560774,0.910911472351069,0.8874208264541397,0.91395158162594,0.8893821443775021,0.9103779091238464,0.8873619773779238,0.9141230083662295,0.8896725702893905,0.9103980253871099
seen,5,seen/5,20673,0.9135103758525613,0.0712523581483094,0.011947951434237896,0.116331096196868,0.9287476418516906,0.9167996904174527,0.01435129003324012,67.13666666666667,69.11581280008441,1473,18899,101,101,78,21,1720,18650,31,81,48,143,0.0006772118221835244,0.0011609345523146133,0.002466985923668553,0.0032409422918782955,0.0032893145648914043,0.9010610040364289,0.9261855435730348,0.8995953917705183,0.9259389547752648,0.05992836124974534,0.08214524650575293,0.06031497818817504,0.08305632248628647,0.010118812466153784,0.01370680940940682,0.010059878991356911,0.013691410205461017,0.10097006152505793,0.13371438011608036,0.10154033616991362,0.13297221551754412,0.917854753494247,0.9400716387502547,0.9169436775137135,0.9396850218118249,0.9051402637827347,0.9291849858072845,0.9046583511714368,0.9283180583262033,0.01222353933179963,0.016781807687210167,0.012612789022915781,0.01638486396883953,66.54043621269324,67.79567597889954,66.47521630953443,67.90927532171517,68.41561125378233,69.92376021765743,68.58842278648865,69.76335888055212,0.9016230575291957,0.9268698830726549,0.9006851009898839,0.9266827904633941,0.9019562882486404,0.9277847160596453,0.9014880005619919,0.9271047873850884,0.9044230189846723,0.9280257239819119,0.9039389656639112,0.9274520212855369,0.9058847440414101,0.9282370551635114,0.9054129373089016,0.927249447132253,0.9051402637827347,0.9291849858072845,0.9046583511714368,0.9283180583262033
seen,10,seen/10,33027,0.92672661761589,0.05886093196475611,0.011929633330305507,0.12768595041322314,0.9411390680352439,0.9292094347049383,0.012056437159894426,66.4584499565679,68.22301150249275,1944,30665,174,135,74,35,2338,30262,57,119,73,178,0.001756138916643958,0.0016047476307263753,0.003270051775819784,0.0033003300330033004,0.002482817089048354,0.9181953184410709,0.9356179213921532,0.9175191170811013,0.9365724057135637,0.05057024722957941,0.06676300444645672,0.05002781930869638,0.06706898685459159,0.01071859353885377,0.013082271017636926,0.010593855225007809,0.013340246828100031,0.11363644220720912,0.14293730440365798,0.11618437404019746,0.1424691750242456,0.9332369955535433,0.9494297527704206,0.9329310131454084,0.9499721806913036,0.9208056103711825,0.9380732426802573,0.9202174033414392,0.9388775622978996,0.01046386411574751,0.013791836363647076,0.01028813603312013,0.01424604220747499,66.10312115205376,66.82292763165744,66.11601245118301,66.84931890526578,67.62674998032644,68.87866402076065,67.57227361683492,68.9998469469635,0.9195922359950509,0.9378290603118166,0.9190928670993038,0.9385118441693513,0.9196932251682931,0.9375321521983871,0.9191752382893027,0.938172814994334,0.921736697335257,0.9383870083542932,0.9213254316847777,0.9393213187057393,0.9217117372460806,0.938389760077642,0.9213928032395174,0.9393427745216093,0.9208056103711825,0.9380732426802573,0.9202174033414392,0.9388775622978996
seen,15,seen/15,28497,0.9412218830052286,0.048426150121065374,0.008948310348457732,0.11582089552238806,0.9515738498789347,0.9426255395304769,0.009009009009009009,65.83619131909872,67.42848633757724,1380,26869,100,63,53,32,1635,26581,39,48,51,143,0.0016492964171667193,0.001333473698985858,0.0008421939151489631,0.0017194792434291329,0.0014036565252482718,0.9345258991805127,0.9473676556493462,0.9349505634212467,0.9471151518495208,0.043444977077755,0.05396183566503231,0.04353939114642765,0.05361730827140647,0.007449912337579213,0.01064734890452574,0.00742213725770294,0.010758759264934737,0.09989200929073982,0.1307600873583128,0.09931535176663374,0.13488711193485592,0.9460381643349677,0.956555022922245,0.9463826917285935,0.9564606088535723,0.9357492658274933,0.9487999174487515,0.9363307391914195,0.9483992889090898,0.007294072971951213,0.010776755745214259,0.007034697205500975,0.011285906099856458,65.45407282973662,66.25349684989789,65.46251254503801,66.29887260032001,66.79659823410512,68.0687342452413,66.71536127625873,68.23319912818627,0.9359618655124198,0.9492382390610329,0.9363139727052386,0.9489180917168136,0.9354529602444722,0.9490881165945562,0.9358006029385465,0.9488608942042754,0.9352189752271408,0.9484732423482106,0.9355368919633399,0.9480576360329577,0.9363354719223315,0.94882655922518,0.9369675540168426,0.9485147164006237,0.9357492658274933,0.9487999174487515,0.9363307391914195,0.9483992889090898
seen,20,seen/20,28704,0.944502508361204,0.047275641025641024,0.007490245261984392,0.10483364720652856,0.9527243589743589,0.9452341137123745,0.007076514816452897,65.30120305700808,66.6890756302521,1357,27139,100,56,38,14,1572,26904,36,40,40,112,0.0009754738015607581,0.001741917502787068,0.001254180602006689,0.0009754738015607581,0.0007316053511705685,0.9392440652966386,0.9492648238360905,0.938447358255948,0.9499334967212594,0.043098977505093075,0.05179810893058682,0.042465801331198656,0.052603342727843054,0.006544997523070667,0.008599257913744352,0.006504712485820072,0.008728198598276352,0.09205262131166471,0.11837126334685526,0.09026415428456168,0.12110744766959347,0.9482018910694132,0.9569010224949069,0.9473966572721569,0.9575341986688014,0.9397741327848863,0.9500220588556821,0.9392078330794746,0.950527847690281,0.006114747763311106,0.008117134042005118,0.006038973616492879,0.008245653556309802,65.1488603124611,65.4633643815473,65.14716936952745,65.47467267815739,66.33086263992935,67.09010520855158,66.30194557354423,67.10816428126604,0.940466876264813,0.9499573787521305,0.9398448735566051,0.9504472616593677,0.9410633492458262,0.9507873622432772,0.9406392607046993,0.9512296673362652,0.9404680862737264,0.9503512748651666,0.9400588228907925,0.950742874549792,0.940265467565439,0.9502427586839617,0.9398548489711368,0.950709804081761,0.9397741327848863,0.9500220588556821,0.9392078330794746,0.950527847690281
unseen,-5,unseen/-5,15416,0.7690062272963155,0.17754281266216917,0.03905033731188376,0.13451277730974445,0.8224571873378308,0.7834068500259471,0.032872402086610915,73.93390645949997,76.84557423201126,2737,11869,440,192,147,31,3339,11481,199,94,89,214,0.0009081473793461339,0.014660093409444732,0.02004411001556824,0.02692008303061754,0.014400622729631551,0.71677714926165,0.8233131653084333,0.7158798023084687,0.8299538929180029,0.1346326584989795,0.22387332938660992,0.12700108778712071,0.23089470717309066,0.02310602808886615,0.05243216840198223,0.018399766877456616,0.05791485011931346,0.09457100453463946,0.16654215963446792,0.08309696906976625,0.17025906620866518,0.77612667061339,0.8653673415010205,0.7691052928269093,0.8729989122128793,0.7297765823941884,0.837514779828014,0.7202822163045205,0.8514688142905766,0.02143000302241567,0.04473281053909244,0.016477390959111916,0.04693208961469979,70.1567856379481,77.16178951009981,69.14380436682502,77.57195577567724,72.38093288818952,81.51449566410729,70.48933042115709,82.32462182164556,0.7165949798863049,0.8261482028592922,0.7104871162025131,0.8384852132228184,0.7320171104933866,0.8351411717717446,0.7240422450187429,0.8481283802776288,0.7363505039147958,0.8407692038904253,0.7279862413661675,0.8531075622904674,0.747173328880011,0.8437875606371746,0.7389010673565941,0.854273311261819,0.7297765823941884,0.837514779828014,0.7202822163045205,0.8514688142905766
unseen,0,unseen/0,14355,0.8462556600487635,0.11940090560780216,0.023963775687913618,0.14046216583597643,0.8805990943921979,0.8566353187042842,0.0171586565829064,69.6299343406376,70.86996828494755,1714,12139,308,106,65,23,2058,11945,141,45,59,107,-0.0006269592476489029,0.01616161616161616,0.016300940438871474,0.017972831765935213,0.010379658655520724,0.7883422872763913,0.8909293656067176,0.7840708752793929,0.8980639941295484,0.08785996683117216,0.15545293277999297,0.08449674183222168,0.15513302547704327,0.01376817958889184,0.037993389933840785,0.011802908137287751,0.0406536284729087,0.08719722877644463,0.1884028052664907,0.07302425792830985,0.19542856281220575,0.844547067220007,0.9121400331688279,0.8448669745229566,0.9155032581677783,0.8099046818079726,0.8944931198806835,0.8071129708977106,0.8999932469593689,0.010632867778808855,0.027478238558851505,0.010131069489808903,0.0276794146421188,66.96033386781588,73.77809350119983,66.38927620468273,74.18748201442689,68.24324363964689,75.13742658657956,67.94439216247248,75.2705001501649,0.7889046437285073,0.8897549073121733,0.784059253599833,0.8968447589225187,0.8188067216173206,0.8991051652608981,0.8169385584645475,0.904023617549121,0.8177192821382205,0.8993345962099928,0.8165356676132075,0.9041783508477769,0.8229679504116187,0.8987638386936087,0.8226824657663936,0.9025327723280316,0.8099046818079726,0.8944931198806835,0.8071129708977106,0.8999932469593689
unseen,5,unseen/5,14823,0.8032786885245902,0.13904068002428657,0.041826890642919785,0.19375857338820301,0.8609593199757134,0.8191324293327936,0.02067204743864273,72.80614323773703,72.67072969856696,2061,11852,627,158,110,15,2681,11609,282,66,65,120,-0.0037104499763880457,0.03164001888956352,0.03204479525062403,0.034945692504891046,0.015853740808203468,0.7236853184972758,0.8831571540099442,0.7124939025978315,0.8848684993765892,0.08820235199943208,0.18655069154541368,0.09007112780613781,0.1956568407394389,0.018009017778230097,0.0656340273673303,0.017659128062719926,0.068357620059719,0.130426241355599,0.22591376688937906,0.12781019949632227,0.2269327050997302,0.8134493084545863,0.911797648000568,0.8043431592605611,0.9099288721938622,0.7478943879758765,0.8915901856341507,0.7372769341975447,0.8923922880597055,0.012624727013246073,0.03008736309373254,0.012552556286657638,0.031052723065356468,67.5035836510879,78.56949508803103,67.42273871821777,79.42150832885203,69.01224613118723,76.96387519172366,68.97353763963825,77.45406355030548,0.7173865773258422,0.883190468890179,0.7055581547461665,0.884412217774124,0.7748513300122092,0.8963238361791208,0.7653893211294726,0.896495410223523,0.7768586825273922,0.8960150377873424,0.7668963033663742,0.8962695547269831,0.7817427149752542,0.8964706645274543,0.7724432166095208,0.8972071125130817,0.7478943879758765,0.8915901856341507,0.7372769341975447,0.8923922880597055
unseen,10,unseen/10,6391,0.9261461430136129,0.05898920356751682,0.008918792051322172,0.15254237288135594,0.9410107964324832,0.932092004381161,0.011918751049185832,65.39408047888261,68.59828772872251,377,5959,32,11,9,3,434,5881,5,15,7,49,0.0062588014395243315,0.005632921295571898,0.0065717415115005475,0.0023470505398216243,0.0059458613675481145,0.9035043850411301,0.9412470764442367,0.8991648750157344,0.943173270922078,0.04698088691996919,0.07685306625686814,0.04606793087387554,0.07922071947444964,0.005255713604919793,0.014400159036766084,0.005024258950038502,0.014775681006781071,0.08054130493779124,0.23345728028940235,0.07790558052862376,0.22952431981759736,0.9231469337431318,0.9530191130800308,0.9207792805255502,0.9539320691261244,0.9126792809603935,0.9450003973634367,0.9094717174957719,0.9460091314905127,0.007490299780043975,0.01923200218023781,0.007436166546265476,0.019277010187512298,65.0059266709593,65.93661151069982,65.01935547343165,65.94351110787704,66.85286374611844,71.42787897376701,66.89429021266176,71.4096676445924,0.9131072047290704,0.9448841276788574,0.9098893191671287,0.9462869364364,0.912129229564279,0.944961874679566,0.9089123970861361,0.9459739728859647,0.9137439768601975,0.9453952689167493,0.9111852857656394,0.9458874108258502,0.9068250858200132,0.9425058709897512,0.9030783623368748,0.9440653221379385,0.9126792809603935,0.9450003973634367,0.9094717174957719,0.9460091314905127
unseen,15,unseen/15,16127,0.914119179016556,0.07515346933713649,0.009673218825572021,0.08231046931407943,0.9248465306628635,0.9151733118372914,0.010908598143505657,66.20127388535032,67.7162409377329,1212,14748,70,40,38,19,1368,14574,24,59,29,73,0.00037204687790661623,-0.0011781484467042848,0.0013021640726731567,0.0020462578284863894,0.0010541328207354127,0.8965142429107776,0.9334311770225245,0.8950120305869335,0.9352175226891352,0.056401657509027044,0.09225876268024495,0.054625014722705194,0.09346490415924709,0.008427714966828594,0.011220191448809489,0.008190544576297271,0.011291178725750497,0.06673963873047084,0.10745016761922754,0.06596875850416084,0.10799017938914868,0.9077412373197551,0.943598342490973,0.9065350958407529,0.9453749852772948,0.8978098355661248,0.9339566215064191,0.8964535405374754,0.936021621607683,0.009055373902445436,0.013000049716143719,0.008578301393609456,0.013373158543752123,65.68618671592174,66.73032583601315,65.58969344067101,66.77731584899666,67.02685901490658,68.49795202962383,66.80482184668811,68.70307436551367,0.8966553147562429,0.9339448095253895,0.8948388551302093,0.9360482646361086,0.8953859390305381,0.932173746813362,0.8935097170019315,0.9344947671201462,0.8979744278299367,0.9342960734544883,0.8963914123019117,0.9364734798854045,0.8987227391401269,0.9352903022253385,0.8970057153985138,0.9375590445646593,0.8978098355661248,0.9339566215064191,0.8964535405374754,0.936021621607683
unseen,20,unseen/20,9078,0.9352280237937872,0.056840713813615336,0.006609385327164574,0.0663265306122449,0.9431592861863847,0.9365499008592201,0.007410021171489062,65.89114692828778,66.58950835097625,516,8481,37,12,22,10,576,8422,17,23,11,29,-0.0009914077990746861,-0.0008812513769552765,0.0004406256884776382,0.0026437541308658294,0.0013218770654329147,0.9259387666560017,0.943715761904461,0.9260558127354951,0.9439231766903633,0.04883694860578364,0.06607371823104585,0.04875784824053451,0.06596755457714212,0.004951560273397777,0.008411370670272195,0.004801367241531322,0.00862606716420793,0.05440938373883552,0.07547686864690631,0.05393998044242232,0.07604473082146412,0.9339262817689541,0.9511630513942163,0.9340324454228579,0.9512421517594655,0.9263958298343392,0.9458398032456911,0.9260907462717054,0.9456510344870515,0.006298774133019327,0.00846628975462133,0.0064357514745200335,0.008678431104930148,65.53445911133306,66.25228275008327,65.55791329283953,66.30132551774471,66.23555571833396,66.97234069896683,66.22074410286773,67.04127476626171,0.924879481632134,0.942692619459736,0.9241516419566016,0.9429721453038173,0.9252992886211528,0.9429541268293904,0.9245736933861813,0.9427597787746729,0.9259443461671172,0.9444359085817998,0.9254771311087292,0.9445345563866349,0.9284793908782437,0.946520170598906,0.928204178737441,0.9464176652841801,0.9263958298343392,0.9458398032456911,0.9260907462717054,0.9456510344870515
