group,frames,non_monotone_rate,non_monotone_rate_source_ci95_low,non_monotone_rate_source_ci95_high,never_correct_rate,unstable_correct_rate,stable_sufficient_long_rate
all,298300,0.1280818013396038,0.11676090908423746,0.13873842789941127,0.07555145826349313,0.014347971840429099,0.01378723529650107
clean,57735,0.15889830508474576,0.1494334904533925,0.1674242311061582,0.05040270200051961,0.011085130336884038,0.013583094952477623
seen/-5,29295,0.08770287141073659,0.07478435832719108,0.10170591367088291,0.09585253456221199,0.011332991978153269,0.01479640604090996
seen/0,24179,0.10350382601691502,0.08515217273475667,0.12312947507097292,0.08470160056247157,0.014806236817072667,0.017912092959169613
seen/5,20673,0.116331096196868,0.10097006152505793,0.13371438011608036,0.0712523581483094,0.011947951434237896,0.01435129003324012
seen/10,33027,0.12768595041322314,0.11363644220720912,0.14293730440365798,0.05886093196475611,0.011929633330305507,0.012056437159894426
seen/15,28497,0.11582089552238806,0.09989200929073982,0.1307600873583128,0.048426150121065374,0.008948310348457732,0.009009009009009009
seen/20,28704,0.10483364720652856,0.09205262131166471,0.11837126334685526,0.047275641025641024,0.007490245261984392,0.007076514816452897
unseen/-5,15416,0.13451277730974445,0.09457100453463946,0.16654215963446792,0.17754281266216917,0.03905033731188376,0.032872402086610915
unseen/0,14355,0.14046216583597643,0.08719722877644463,0.1884028052664907,0.11940090560780216,0.023963775687913618,0.0171586565829064
unseen/5,14823,0.19375857338820301,0.130426241355599,0.22591376688937906,0.13904068002428657,0.041826890642919785,0.02067204743864273
unseen/10,6391,0.15254237288135594,0.08054130493779124,0.23345728028940235,0.05898920356751682,0.008918792051322172,0.011918751049185832
unseen/15,16127,0.08231046931407943,0.06673963873047084,0.10745016761922754,0.07515346933713649,0.009673218825572021,0.010908598143505657
unseen/20,9078,0.0663265306122449,0.05440938373883552,0.07547686864690631,0.056840713813615336,0.006609385327164574,0.007410021171489062
