feature,group,mean_feature,frames,refinable_rate,irreducible_rate,refinement_harm_rate,availability_net,mean_first_correct_span,mean_stable_sufficient_span,non_monotone_rate,source_ci95_low_refinable_rate,source_ci95_high_refinable_rate,speaker_ci95_low_refinable_rate,speaker_ci95_high_refinable_rate,source_ci95_low_irreducible_rate,source_ci95_high_irreducible_rate,speaker_ci95_low_irreducible_rate,speaker_ci95_high_irreducible_rate,source_ci95_low_refinement_harm_rate,source_ci95_high_refinement_harm_rate,speaker_ci95_low_refinement_harm_rate,speaker_ci95_high_refinement_harm_rate,source_ci95_low_availability_net,source_ci95_high_availability_net,speaker_ci95_low_availability_net,speaker_ci95_high_availability_net,source_ci95_low_mean_first_correct_span,source_ci95_high_mean_first_correct_span,speaker_ci95_low_mean_first_correct_span,speaker_ci95_high_mean_first_correct_span,source_ci95_low_mean_stable_sufficient_span,source_ci95_high_mean_stable_sufficient_span,speaker_ci95_low_mean_stable_sufficient_span,speaker_ci95_high_mean_stable_sufficient_span,source_ci95_low_non_monotone_rate,source_ci95_high_non_monotone_rate,speaker_ci95_low_non_monotone_rate,speaker_ci95_high_non_monotone_rate
onset_distance,all,19.838256788467984,298300,0.013345625209520616,0.08074756956084479,0.008028830036875628,0.005316795172644989,67.07533643019549,69.224047177908,0.1280818013396038,0.011387338148850578,0.01520520348685214,0.011203159127581314,0.015400216700835521,0.07491855577611348,0.08602717221500313,0.0744420189331608,0.08678612798603429,0.007385425077622861,0.008697199967832157,0.00711531552912969,0.008909951745804954,0.0033826005824453857,0.007128003698859435,0.003375994274017308,0.007200265010217392,66.6987943919547,67.44803035974397,66.6411280228827,67.50328260243252,68.81940483136029,69.62411564965103,68.69933526037084,69.73953241082341,0.11676090908423746,0.13873842789941127,0.11600506137892126,0.13988447081715394
onset_distance,clean,18.897826275223,57735,0.009335758205594527,0.0560665107820213,0.00885078375335585,0.00048497445223867673,65.97749202006383,69.36118852080834,0.15889830508474576,0.008041997517249176,0.010661241280899653,0.007550263831013863,0.011079300299649538,0.05184026638218931,0.06051694044242403,0.0502463087541399,0.061427151211815814,0.007186712086838782,0.010564999554567078,0.007028845833379934,0.01073147571963328,-0.001979773330886588,0.002862644792486431,-0.0024803809506626774,0.003356179713933306,65.81658367993386,66.13217294928909,65.80560533895427,66.14618508774366,68.74075238955292,69.98248205869295,68.65301056921075,70.09958684450525,0.1494334904533925,0.1674242311061582,0.14758420035765818,0.1699875140024594
onset_distance,seen/-5,16.313398190817544,29295,0.010069977811913296,0.09930022188086704,0.011094043352107869,-0.0010240655401945725,66.56367274512024,69.69405467405849,0.08770287141073659,0.008467239345380798,0.011803087376200786,0.008611651760025733,0.01103634413426449,0.09038183487107604,0.11066311527248533,0.09067375036887386,0.11032003540540475,0.007729731743887773,0.014839249608257664,0.00847306814555695,0.013667421087127318,-0.004087254979703632,0.0016576690045476221,-0.0032771847382470623,0.0009626928893186557,66.02797002458837,67.18281397787138,66.08570662456336,67.00596120032961,68.43474809802235,71.1709568061966,68.60311022501519,70.73801511310091,0.07478435832719108,0.10170591367088291,0.07145196604380771,0.10266408463963568
onset_distance,seen/0,21.453120476446504,24179,0.013234625087886183,0.08945779395343066,0.010256834443111791,0.002977790644774391,67.74208124350459,70.34032976622423,0.10350382601691502,0.011110568038627384,0.015669505246724124,0.01063759436550762,0.01611649923726469,0.0760540710171812,0.1022404207151603,0.07917691757191994,0.09983366331818708,0.008269723623940671,0.012415822612906902,0.0078511605459239,0.01289453290182952,0.0005709092853716679,0.005537946220713029,0.0005267792700991557,0.005540888394861354,67.1008179884829,68.51770745793284,66.94463388068726,68.67850161501872,69.39132928246944,71.46443237723773,69.21423113589513,71.60221964692361,0.08515217273475667,0.12312947507097292,0.08617693004169384,0.12429603379167085
onset_distance,seen/5,34.98684274174043,20673,0.01170609006917235,0.07478353407826634,0.008465147777294055,0.0032409422918782955,67.13666666666667,69.11581280008441,0.116331096196868,0.00922855919102838,0.01438235504683002,0.00840676310907772,0.015592858868385016,0.06383817927077758,0.0852020372979296,0.06443081115576807,0.08585955458288355,0.007303930924444395,0.009596326149060768,0.007367489090687421,0.009547567409954806,0.0006533509212405371,0.0059118331611344305,-0.0004079431450121234,0.007462879925943777,66.54043621269324,67.79567597889954,66.47521630953443,67.90927532171517,68.41561125378233,69.92376021765743,68.58842278648865,69.76335888055212,0.10097006152505793,0.13371438011608036,0.10154033616991362,0.13297221551754412
onset_distance,seen/10,16.883368153329094,33027,0.009870711841826384,0.06340267054228359,0.006570381808823084,0.0033003300330033004,66.4584499565679,68.22301150249275,0.12768595041322314,0.00841334617698825,0.011261526303156187,0.008338107008856455,0.011720620711425659,0.05506723424978074,0.0715276059851606,0.05387077874012257,0.07187529809283855,0.005646924660347216,0.0076124512579362185,0.005455690665120453,0.007974053430801771,0.0018653406146400405,0.004714439638301412,0.0017638286833213123,0.004878074783553854,66.10312115205376,66.82292763165744,66.11601245118301,66.84931890526578,67.62674998032644,68.87866402076065,67.57227361683492,68.9998469469635,0.11363644220720912,0.14293730440365798,0.11618437404019746,0.1424691750242456
onset_distance,seen/15,16.479489069024808,28497,0.006281362950486016,0.05249675404428537,0.004561883707056884,0.0017194792434291329,65.83619131909872,67.42848633757724,0.11582089552238806,0.0046477519524490835,0.007806306868182323,0.00467164032278643,0.007944101785139806,0.04704548450153775,0.05861661606607842,0.047431375183115444,0.05812140286819881,0.003609677566452823,0.0055486591699445646,0.0036917231181097907,0.005443637182046189,0.0006090950850420273,0.0026961677154859315,0.000592382271626278,0.002834016702690153,65.45407282973662,66.25349684989789,65.46251254503801,66.29887260032001,66.79659823410512,68.0687342452413,66.71536127625873,68.23319912818627,0.09989200929073982,0.1307600873583128,0.09931535176663374,0.13488711193485592
onset_distance,seen/20,21.354828595317727,28704,0.005016722408026756,0.05048076923076923,0.004041248606465998,0.0009754738015607581,65.30120305700808,66.6890756302521,0.10483364720652856,0.004218098396810915,0.005965284777540329,0.004060201532139656,0.006134245568406517,0.046002589742572084,0.055493782308930664,0.04548437702777183,0.0560502666291335,0.0034788233659484194,0.004679851393415165,0.003373289914280639,0.0047519562373756355,5.075770209180514e-05,0.0019534035469830962,1.9383732125841265e-05,0.002046804263261342,65.1488603124611,65.4633643815473,65.14716936952745,65.47467267815739,66.33086263992935,67.09010520855158,66.30194557354423,67.10816428126604,0.09205262131166471,0.11837126334685526,0.09026415428456168,0.12110744766959347
onset_distance,unseen/-5,11.740464452516866,15416,0.04411001556824079,0.1868837571354437,0.01718993253762325,0.02692008303061754,73.93390645949997,76.84557423201126,0.13451277730974445,0.025876934714227497,0.059253035841470326,0.022699959826094858,0.05646635325753943,0.14309829276572283,0.2325959851995491,0.13550526128226167,0.24049912671571094,0.009423703179453955,0.024015038479934546,0.006954889915057162,0.026369052924034866,0.010069274357573457,0.04326726733347835,0.009601824840932919,0.041788544284083164,70.1567856379481,77.16178951009981,69.14380436682502,77.57195577567724,72.38093288818952,81.51449566410729,70.48933042115709,82.32462182164556,0.09457100453463946,0.16654215963446792,0.08309696906976625,0.17025906620866518
onset_distance,unseen/0,17.722326715430164,14355,0.026332288401253918,0.12741205154998259,0.008359456635318705,0.017972831765935213,69.6299343406376,70.86996828494755,0.14046216583597643,0.012640689970598711,0.04552663577201775,0.009099398739405483,0.0489955618009821,0.09294372564130236,0.1678451939471998,0.08835796235691468,0.16818532759498991,0.0060550445618041075,0.011155545687982606,0.006151547826342309,0.011253727576066219,0.0046840506942915005,0.0359406243661523,0.0014327789280450776,0.0389368355683634,66.96033386781588,73.77809350119983,66.38927620468273,74.18748201442689,68.24324363964689,75.13742658657956,67.94439216247248,75.2705001501649,0.08719722877644463,0.1884028052664907,0.07302425792830985,0.19542856281220575
onset_distance,unseen/5,12.791810024961208,14823,0.04439047426296971,0.15233083721244012,0.009444781758078662,0.034945692504891046,72.80614323773703,72.67072969856696,0.19375857338820301,0.019095657288688565,0.06952997572856318,0.018506927861978294,0.07241611127635379,0.0954843022969579,0.20665581554082893,0.09610669452911925,0.21570979625849815,0.006284513360716276,0.012882831871446654,0.006280623837431996,0.013008410099876385,0.012187815523008232,0.05742272414082748,0.011910171457655536,0.06058166584835337,67.5035836510879,78.56949508803103,67.42273871821777,79.42150832885203,69.01224613118723,76.96387519172366,68.97353763963825,77.45406355030548,0.130426241355599,0.22591376688937906,0.12781019949632227,0.2269327050997302
onset_distance,unseen/10,19.549366296354247,6391,0.0067282115474886555,0.06712564543889846,0.004381161007667032,0.0023470505398216243,65.39408047888261,68.59828772872251,0.15254237288135594,0.004000205717310027,0.010796287268704267,0.0036844416204201863,0.010953000748076668,0.05328589595320069,0.08788317510625655,0.051500818839632624,0.09190489023597818,0.0029657564898456826,0.006707523481790392,0.002903907015003677,0.0067065702555147615,6.36930306819675e-05,0.005058937908738072,0.000134358512666162,0.005180378151261566,65.0059266709593,65.93661151069982,65.01935547343165,65.94351110787704,66.85286374611844,71.42787897376701,66.89429021266176,71.4096676445924,0.08054130493779124,0.23345728028940235,0.07790558052862376,0.22952431981759736
onset_distance,unseen/15,29.679357599057482,16127,0.007192906306194581,0.07868791467724934,0.005146648477708191,0.0020462578284863894,66.20127388535032,67.7162409377329,0.08231046931407943,0.005306629617885733,0.009166127816797941,0.005549188760597392,0.009123270982767287,0.059448684095673464,0.09601711708764608,0.05771839247491581,0.09742158702575009,0.003875025639502707,0.006586870166460899,0.0035162773515742996,0.006880199447799723,-0.0003994246710258512,0.004473258324999192,-0.000389626232459725,0.004663399649861984,65.68618671592174,66.73032583601315,65.58969344067101,66.77731584899666,67.02685901490658,68.49795202962383,66.80482184668811,68.70307436551367,0.06673963873047084,0.10745016761922754,0.06596875850416084,0.10799017938914868
onset_distance,unseen/20,26.21810971579643,9078,0.006719541749283983,0.05805243445692884,0.0040757876184181535,0.0026437541308658294,65.89114692828778,66.58950835097625,0.0663265306122449,0.004474148393986815,0.00902693940271764,0.004318512522614011,0.009136435119023,0.04973357988932731,0.06729124392595037,0.049930354867770525,0.06716478391898613,0.003078753029294995,0.005222952381845139,0.002975426358314529,0.005339095763882978,-0.00011182490646006534,0.005299088788464744,-0.0002614723899914652,0.005329904395122463,65.53445911133306,66.25228275008327,65.55791329283953,66.30132551774471,66.23555571833396,66.97234069896683,66.22074410286773,67.04127476626171,0.05440938373883552,0.07547686864690631,0.05393998044242232,0.07604473082146412
offset_distance,all,-14.418806570566543,298300,0.013345625209520616,0.08074756956084479,0.008028830036875628,0.005316795172644989,67.07533643019549,69.224047177908,0.1280818013396038,0.011387338148850578,0.01520520348685214,0.011203159127581314,0.015400216700835521,0.07491855577611348,0.08602717221500313,0.0744420189331608,0.08678612798603429,0.007385425077622861,0.008697199967832157,0.00711531552912969,0.008909951745804954,0.0033826005824453857,0.007128003698859435,0.003375994274017308,0.007200265010217392,66.6987943919547,67.44803035974397,66.6411280228827,67.50328260243252,68.81940483136029,69.62411564965103,68.69933526037084,69.73953241082341,0.11676090908423746,0.13873842789941127,0.11600506137892126,0.13988447081715394
offset_distance,clean,-14.654836754135273,57735,0.009335758205594527,0.0560665107820213,0.00885078375335585,0.00048497445223867673,65.97749202006383,69.36118852080834,0.15889830508474576,0.008041997517249176,0.010661241280899653,0.007550263831013863,0.011079300299649538,0.05184026638218931,0.06051694044242403,0.0502463087541399,0.061427151211815814,0.007186712086838782,0.010564999554567078,0.007028845833379934,0.01073147571963328,-0.001979773330886588,0.002862644792486431,-0.0024803809506626774,0.003356179713933306,65.81658367993386,66.13217294928909,65.80560533895427,66.14618508774366,68.74075238955292,69.98248205869295,68.65301056921075,70.09958684450525,0.1494334904533925,0.1674242311061582,0.14758420035765818,0.1699875140024594
offset_distance,seen/-5,-11.785355862775218,29295,0.010069977811913296,0.09930022188086704,0.011094043352107869,-0.0010240655401945725,66.56367274512024,69.69405467405849,0.08770287141073659,0.008467239345380798,0.011803087376200786,0.008611651760025733,0.01103634413426449,0.09038183487107604,0.11066311527248533,0.09067375036887386,0.11032003540540475,0.007729731743887773,0.014839249608257664,0.00847306814555695,0.013667421087127318,-0.004087254979703632,0.0016576690045476221,-0.0032771847382470623,0.0009626928893186557,66.02797002458837,67.18281397787138,66.08570662456336,67.00596120032961,68.43474809802235,71.1709568061966,68.60311022501519,70.73801511310091,0.07478435832719108,0.10170591367088291,0.07145196604380771,0.10266408463963568
offset_distance,seen/0,-13.753753256958518,24179,0.013234625087886183,0.08945779395343066,0.010256834443111791,0.002977790644774391,67.74208124350459,70.34032976622423,0.10350382601691502,0.011110568038627384,0.015669505246724124,0.01063759436550762,0.01611649923726469,0.0760540710171812,0.1022404207151603,0.07917691757191994,0.09983366331818708,0.008269723623940671,0.012415822612906902,0.0078511605459239,0.01289453290182952,0.0005709092853716679,0.005537946220713029,0.0005267792700991557,0.005540888394861354,67.1008179884829,68.51770745793284,66.94463388068726,68.67850161501872,69.39132928246944,71.46443237723773,69.21423113589513,71.60221964692361,0.08515217273475667,0.12312947507097292,0.08617693004169384,0.12429603379167085
offset_distance,seen/5,-16.1889420983892,20673,0.01170609006917235,0.07478353407826634,0.008465147777294055,0.0032409422918782955,67.13666666666667,69.11581280008441,0.116331096196868,0.00922855919102838,0.01438235504683002,0.00840676310907772,0.015592858868385016,0.06383817927077758,0.0852020372979296,0.06443081115576807,0.08585955458288355,0.007303930924444395,0.009596326149060768,0.007367489090687421,0.009547567409954806,0.0006533509212405371,0.0059118331611344305,-0.0004079431450121234,0.007462879925943777,66.54043621269324,67.79567597889954,66.47521630953443,67.90927532171517,68.41561125378233,69.92376021765743,68.58842278648865,69.76335888055212,0.10097006152505793,0.13371438011608036,0.10154033616991362,0.13297221551754412
offset_distance,seen/10,-10.262088594180518,33027,0.009870711841826384,0.06340267054228359,0.006570381808823084,0.0033003300330033004,66.4584499565679,68.22301150249275,0.12768595041322314,0.00841334617698825,0.011261526303156187,0.008338107008856455,0.011720620711425659,0.05506723424978074,0.0715276059851606,0.05387077874012257,0.07187529809283855,0.005646924660347216,0.0076124512579362185,0.005455690665120453,0.007974053430801771,0.0018653406146400405,0.004714439638301412,0.0017638286833213123,0.004878074783553854,66.10312115205376,66.82292763165744,66.11601245118301,66.84931890526578,67.62674998032644,68.87866402076065,67.57227361683492,68.9998469469635,0.11363644220720912,0.14293730440365798,0.11618437404019746,0.1424691750242456
offset_distance,seen/15,-13.606098887602204,28497,0.006281362950486016,0.05249675404428537,0.004561883707056884,0.0017194792434291329,65.83619131909872,67.42848633757724,0.11582089552238806,0.0046477519524490835,0.007806306868182323,0.00467164032278643,0.007944101785139806,0.04704548450153775,0.05861661606607842,0.047431375183115444,0.05812140286819881,0.003609677566452823,0.0055486591699445646,0.0036917231181097907,0.005443637182046189,0.0006090950850420273,0.0026961677154859315,0.000592382271626278,0.002834016702690153,65.45407282973662,66.25349684989789,65.46251254503801,66.29887260032001,66.79659823410512,68.0687342452413,66.71536127625873,68.23319912818627,0.09989200929073982,0.1307600873583128,0.09931535176663374,0.13488711193485592
offset_distance,seen/20,-11.144091415830546,28704,0.005016722408026756,0.05048076923076923,0.004041248606465998,0.0009754738015607581,65.30120305700808,66.6890756302521,0.10483364720652856,0.004218098396810915,0.005965284777540329,0.004060201532139656,0.006134245568406517,0.046002589742572084,0.055493782308930664,0.04548437702777183,0.0560502666291335,0.0034788233659484194,0.004679851393415165,0.003373289914280639,0.0047519562373756355,5.075770209180514e-05,0.0019534035469830962,1.9383732125841265e-05,0.002046804263261342,65.1488603124611,65.4633643815473,65.14716936952745,65.47467267815739,66.33086263992935,67.09010520855158,66.30194557354423,67.10816428126604,0.09205262131166471,0.11837126334685526,0.09026415428456168,0.12110744766959347
offset_distance,unseen/-5,-14.261546445251687,15416,0.04411001556824079,0.1868837571354437,0.01718993253762325,0.02692008303061754,73.93390645949997,76.84557423201126,0.13451277730974445,0.025876934714227497,0.059253035841470326,0.022699959826094858,0.05646635325753943,0.14309829276572283,0.2325959851995491,0.13550526128226167,0.24049912671571094,0.009423703179453955,0.024015038479934546,0.006954889915057162,0.026369052924034866,0.010069274357573457,0.04326726733347835,0.009601824840932919,0.041788544284083164,70.1567856379481,77.16178951009981,69.14380436682502,77.57195577567724,72.38093288818952,81.51449566410729,70.48933042115709,82.32462182164556,0.09457100453463946,0.16654215963446792,0.08309696906976625,0.17025906620866518
offset_distance,unseen/0,-21.37199582027168,14355,0.026332288401253918,0.12741205154998259,0.008359456635318705,0.017972831765935213,69.6299343406376,70.86996828494755,0.14046216583597643,0.012640689970598711,0.04552663577201775,0.009099398739405483,0.0489955618009821,0.09294372564130236,0.1678451939471998,0.08835796235691468,0.16818532759498991,0.0060550445618041075,0.011155545687982606,0.006151547826342309,0.011253727576066219,0.0046840506942915005,0.0359406243661523,0.0014327789280450776,0.0389368355683634,66.96033386781588,73.77809350119983,66.38927620468273,74.18748201442689,68.24324363964689,75.13742658657956,67.94439216247248,75.2705001501649,0.08719722877644463,0.1884028052664907,0.07302425792830985,0.19542856281220575
offset_distance,unseen/5,-18.381434257572693,14823,0.04439047426296971,0.15233083721244012,0.009444781758078662,0.034945692504891046,72.80614323773703,72.67072969856696,0.19375857338820301,0.019095657288688565,0.06952997572856318,0.018506927861978294,0.07241611127635379,0.0954843022969579,0.20665581554082893,0.09610669452911925,0.21570979625849815,0.006284513360716276,0.012882831871446654,0.006280623837431996,0.013008410099876385,0.012187815523008232,0.05742272414082748,0.011910171457655536,0.06058166584835337,67.5035836510879,78.56949508803103,67.42273871821777,79.42150832885203,69.01224613118723,76.96387519172366,68.97353763963825,77.45406355030548,0.130426241355599,0.22591376688937906,0.12781019949632227,0.2269327050997302
offset_distance,unseen/10,-16.86105460804256,6391,0.0067282115474886555,0.06712564543889846,0.004381161007667032,0.0023470505398216243,65.39408047888261,68.59828772872251,0.15254237288135594,0.004000205717310027,0.010796287268704267,0.0036844416204201863,0.010953000748076668,0.05328589595320069,0.08788317510625655,0.051500818839632624,0.09190489023597818,0.0029657564898456826,0.006707523481790392,0.002903907015003677,0.0067065702555147615,6.36930306819675e-05,0.005058937908738072,0.000134358512666162,0.005180378151261566,65.0059266709593,65.93661151069982,65.01935547343165,65.94351110787704,66.85286374611844,71.42787897376701,66.89429021266176,71.4096676445924,0.08054130493779124,0.23345728028940235,0.07790558052862376,0.22952431981759736
offset_distance,unseen/15,-22.775035654492466,16127,0.007192906306194581,0.07868791467724934,0.005146648477708191,0.0020462578284863894,66.20127388535032,67.7162409377329,0.08231046931407943,0.005306629617885733,0.009166127816797941,0.005549188760597392,0.009123270982767287,0.059448684095673464,0.09601711708764608,0.05771839247491581,0.09742158702575009,0.003875025639502707,0.006586870166460899,0.0035162773515742996,0.006880199447799723,-0.0003994246710258512,0.004473258324999192,-0.000389626232459725,0.004663399649861984,65.68618671592174,66.73032583601315,65.58969344067101,66.77731584899666,67.02685901490658,68.49795202962383,66.80482184668811,68.70307436551367,0.06673963873047084,0.10745016761922754,0.06596875850416084,0.10799017938914868
offset_distance,unseen/20,-13.422009253139459,9078,0.006719541749283983,0.05805243445692884,0.0040757876184181535,0.0026437541308658294,65.89114692828778,66.58950835097625,0.0663265306122449,0.004474148393986815,0.00902693940271764,0.004318512522614011,0.009136435119023,0.04973357988932731,0.06729124392595037,0.049930354867770525,0.06716478391898613,0.003078753029294995,0.005222952381845139,0.002975426358314529,0.005339095763882978,-0.00011182490646006534,0.005299088788464744,-0.0002614723899914652,0.005329904395122463,65.53445911133306,66.25228275008327,65.55791329283953,66.30132551774471,66.23555571833396,66.97234069896683,66.22074410286773,67.04127476626171,0.05440938373883552,0.07547686864690631,0.05393998044242232,0.07604473082146412
speech_run_length,all,175.55314448541736,298300,0.013345625209520616,0.08074756956084479,0.008028830036875628,0.005316795172644989,67.07533643019549,69.224047177908,0.1280818013396038,0.011387338148850578,0.01520520348685214,0.011203159127581314,0.015400216700835521,0.07491855577611348,0.08602717221500313,0.0744420189331608,0.08678612798603429,0.007385425077622861,0.008697199967832157,0.00711531552912969,0.008909951745804954,0.0033826005824453857,0.007128003698859435,0.003375994274017308,0.007200265010217392,66.6987943919547,67.44803035974397,66.6411280228827,67.50328260243252,68.81940483136029,69.62411564965103,68.69933526037084,69.73953241082341,0.11676090908423746,0.13873842789941127,0.11600506137892126,0.13988447081715394
speech_run_length,clean,173.15151987529228,57735,0.009335758205594527,0.0560665107820213,0.00885078375335585,0.00048497445223867673,65.97749202006383,69.36118852080834,0.15889830508474576,0.008041997517249176,0.010661241280899653,0.007550263831013863,0.011079300299649538,0.05184026638218931,0.06051694044242403,0.0502463087541399,0.061427151211815814,0.007186712086838782,0.010564999554567078,0.007028845833379934,0.01073147571963328,-0.001979773330886588,0.002862644792486431,-0.0024803809506626774,0.003356179713933306,65.81658367993386,66.13217294928909,65.80560533895427,66.14618508774366,68.74075238955292,69.98248205869295,68.65301056921075,70.09958684450525,0.1494334904533925,0.1674242311061582,0.14758420035765818,0.1699875140024594
speech_run_length,seen/-5,177.93449394094554,29295,0.010069977811913296,0.09930022188086704,0.011094043352107869,-0.0010240655401945725,66.56367274512024,69.69405467405849,0.08770287141073659,0.008467239345380798,0.011803087376200786,0.008611651760025733,0.01103634413426449,0.09038183487107604,0.11066311527248533,0.09067375036887386,0.11032003540540475,0.007729731743887773,0.014839249608257664,0.00847306814555695,0.013667421087127318,-0.004087254979703632,0.0016576690045476221,-0.0032771847382470623,0.0009626928893186557,66.02797002458837,67.18281397787138,66.08570662456336,67.00596120032961,68.43474809802235,71.1709568061966,68.60311022501519,70.73801511310091,0.07478435832719108,0.10170591367088291,0.07145196604380771,0.10266408463963568
speech_run_length,seen/0,177.41167955664005,24179,0.013234625087886183,0.08945779395343066,0.010256834443111791,0.002977790644774391,67.74208124350459,70.34032976622423,0.10350382601691502,0.011110568038627384,0.015669505246724124,0.01063759436550762,0.01611649923726469,0.0760540710171812,0.1022404207151603,0.07917691757191994,0.09983366331818708,0.008269723623940671,0.012415822612906902,0.0078511605459239,0.01289453290182952,0.0005709092853716679,0.005537946220713029,0.0005267792700991557,0.005540888394861354,67.1008179884829,68.51770745793284,66.94463388068726,68.67850161501872,69.39132928246944,71.46443237723773,69.21423113589513,71.60221964692361,0.08515217273475667,0.12312947507097292,0.08617693004169384,0.12429603379167085
speech_run_length,seen/5,159.85038455957044,20673,0.01170609006917235,0.07478353407826634,0.008465147777294055,0.0032409422918782955,67.13666666666667,69.11581280008441,0.116331096196868,0.00922855919102838,0.01438235504683002,0.00840676310907772,0.015592858868385016,0.06383817927077758,0.0852020372979296,0.06443081115576807,0.08585955458288355,0.007303930924444395,0.009596326149060768,0.007367489090687421,0.009547567409954806,0.0006533509212405371,0.0059118331611344305,-0.0004079431450121234,0.007462879925943777,66.54043621269324,67.79567597889954,66.47521630953443,67.90927532171517,68.41561125378233,69.92376021765743,68.58842278648865,69.76335888055212,0.10097006152505793,0.13371438011608036,0.10154033616991362,0.13297221551754412
speech_run_length,seen/10,172.5637508704999,33027,0.009870711841826384,0.06340267054228359,0.006570381808823084,0.0033003300330033004,66.4584499565679,68.22301150249275,0.12768595041322314,0.00841334617698825,0.011261526303156187,0.008338107008856455,0.011720620711425659,0.05506723424978074,0.0715276059851606,0.05387077874012257,0.07187529809283855,0.005646924660347216,0.0076124512579362185,0.005455690665120453,0.007974053430801771,0.0018653406146400405,0.004714439638301412,0.0017638286833213123,0.004878074783553854,66.10312115205376,66.82292763165744,66.11601245118301,66.84931890526578,67.62674998032644,68.87866402076065,67.57227361683492,68.9998469469635,0.11363644220720912,0.14293730440365798,0.11618437404019746,0.1424691750242456
speech_run_length,seen/15,174.85486191528932,28497,0.006281362950486016,0.05249675404428537,0.004561883707056884,0.0017194792434291329,65.83619131909872,67.42848633757724,0.11582089552238806,0.0046477519524490835,0.007806306868182323,0.00467164032278643,0.007944101785139806,0.04704548450153775,0.05861661606607842,0.047431375183115444,0.05812140286819881,0.003609677566452823,0.0055486591699445646,0.0036917231181097907,0.005443637182046189,0.0006090950850420273,0.0026961677154859315,0.000592382271626278,0.002834016702690153,65.45407282973662,66.25349684989789,65.46251254503801,66.29887260032001,66.79659823410512,68.0687342452413,66.71536127625873,68.23319912818627,0.09989200929073982,0.1307600873583128,0.09931535176663374,0.13488711193485592
speech_run_length,seen/20,171.9060758082497,28704,0.005016722408026756,0.05048076923076923,0.004041248606465998,0.0009754738015607581,65.30120305700808,66.6890756302521,0.10483364720652856,0.004218098396810915,0.005965284777540329,0.004060201532139656,0.006134245568406517,0.046002589742572084,0.055493782308930664,0.04548437702777183,0.0560502666291335,0.0034788233659484194,0.004679851393415165,0.003373289914280639,0.0047519562373756355,5.075770209180514e-05,0.0019534035469830962,1.9383732125841265e-05,0.002046804263261342,65.1488603124611,65.4633643815473,65.14716936952745,65.47467267815739,66.33086263992935,67.09010520855158,66.30194557354423,67.10816428126604,0.09205262131166471,0.11837126334685526,0.09026415428456168,0.12110744766959347
speech_run_length,unseen/-5,189.69142449403216,15416,0.04411001556824079,0.1868837571354437,0.01718993253762325,0.02692008303061754,73.93390645949997,76.84557423201126,0.13451277730974445,0.025876934714227497,0.059253035841470326,0.022699959826094858,0.05646635325753943,0.14309829276572283,0.2325959851995491,0.13550526128226167,0.24049912671571094,0.009423703179453955,0.024015038479934546,0.006954889915057162,0.026369052924034866,0.010069274357573457,0.04326726733347835,0.009601824840932919,0.041788544284083164,70.1567856379481,77.16178951009981,69.14380436682502,77.57195577567724,72.38093288818952,81.51449566410729,70.48933042115709,82.32462182164556,0.09457100453463946,0.16654215963446792,0.08309696906976625,0.17025906620866518
speech_run_length,unseen/0,194.94322535701846,14355,0.026332288401253918,0.12741205154998259,0.008359456635318705,0.017972831765935213,69.6299343406376,70.86996828494755,0.14046216583597643,0.012640689970598711,0.04552663577201775,0.009099398739405483,0.0489955618009821,0.09294372564130236,0.1678451939471998,0.08835796235691468,0.16818532759498991,0.0060550445618041075,0.011155545687982606,0.006151547826342309,0.011253727576066219,0.0046840506942915005,0.0359406243661523,0.0014327789280450776,0.0389368355683634,66.96033386781588,73.77809350119983,66.38927620468273,74.18748201442689,68.24324363964689,75.13742658657956,67.94439216247248,75.2705001501649,0.08719722877644463,0.1884028052664907,0.07302425792830985,0.19542856281220575
speech_run_length,unseen/5,182.265398367402,14823,0.04439047426296971,0.15233083721244012,0.009444781758078662,0.034945692504891046,72.80614323773703,72.67072969856696,0.19375857338820301,0.019095657288688565,0.06952997572856318,0.018506927861978294,0.07241611127635379,0.0954843022969579,0.20665581554082893,0.09610669452911925,0.21570979625849815,0.006284513360716276,0.012882831871446654,0.006280623837431996,0.013008410099876385,0.012187815523008232,0.05742272414082748,0.011910171457655536,0.06058166584835337,67.5035836510879,78.56949508803103,67.42273871821777,79.42150832885203,69.01224613118723,76.96387519172366,68.97353763963825,77.45406355030548,0.130426241355599,0.22591376688937906,0.12781019949632227,0.2269327050997302
speech_run_length,unseen/10,183.13237365044594,6391,0.0067282115474886555,0.06712564543889846,0.004381161007667032,0.0023470505398216243,65.39408047888261,68.59828772872251,0.15254237288135594,0.004000205717310027,0.010796287268704267,0.0036844416204201863,0.010953000748076668,0.05328589595320069,0.08788317510625655,0.051500818839632624,0.09190489023597818,0.0029657564898456826,0.006707523481790392,0.002903907015003677,0.0067065702555147615,6.36930306819675e-05,0.005058937908738072,0.000134358512666162,0.005180378151261566,65.0059266709593,65.93661151069982,65.01935547343165,65.94351110787704,66.85286374611844,71.42787897376701,66.89429021266176,71.4096676445924,0.08054130493779124,0.23345728028940235,0.07790558052862376,0.22952431981759736
speech_run_length,unseen/15,178.816642897005,16127,0.007192906306194581,0.07868791467724934,0.005146648477708191,0.0020462578284863894,66.20127388535032,67.7162409377329,0.08231046931407943,0.005306629617885733,0.009166127816797941,0.005549188760597392,0.009123270982767287,0.059448684095673464,0.09601711708764608,0.05771839247491581,0.09742158702575009,0.003875025639502707,0.006586870166460899,0.0035162773515742996,0.006880199447799723,-0.0003994246710258512,0.004473258324999192,-0.000389626232459725,0.004663399649861984,65.68618671592174,66.73032583601315,65.58969344067101,66.77731584899666,67.02685901490658,68.49795202962383,66.80482184668811,68.70307436551367,0.06673963873047084,0.10745016761922754,0.06596875850416084,0.10799017938914868
speech_run_length,unseen/20,161.7870676360432,9078,0.006719541749283983,0.05805243445692884,0.0040757876184181535,0.0026437541308658294,65.89114692828778,66.58950835097625,0.0663265306122449,0.004474148393986815,0.00902693940271764,0.004318512522614011,0.009136435119023,0.04973357988932731,0.06729124392595037,0.049930354867770525,0.06716478391898613,0.003078753029294995,0.005222952381845139,0.002975426358314529,0.005339095763882978,-0.00011182490646006534,0.005299088788464744,-0.0002614723899914652,0.005329904395122463,65.53445911133306,66.25228275008327,65.55791329283953,66.30132551774471,66.23555571833396,66.97234069896683,66.22074410286773,67.04127476626171,0.05440938373883552,0.07547686864690631,0.05393998044242232,0.07604473082146412
silence_run_length,all,6.183965806235333,298300,0.013345625209520616,0.08074756956084479,0.008028830036875628,0.005316795172644989,67.07533643019549,69.224047177908,0.1280818013396038,0.011387338148850578,0.01520520348685214,0.011203159127581314,0.015400216700835521,0.07491855577611348,0.08602717221500313,0.0744420189331608,0.08678612798603429,0.007385425077622861,0.008697199967832157,0.00711531552912969,0.008909951745804954,0.0033826005824453857,0.007128003698859435,0.003375994274017308,0.007200265010217392,66.6987943919547,67.44803035974397,66.6411280228827,67.50328260243252,68.81940483136029,69.62411564965103,68.69933526037084,69.73953241082341,0.11676090908423746,0.13873842789941127,0.11600506137892126,0.13988447081715394
silence_run_length,clean,6.246401662769551,57735,0.009335758205594527,0.0560665107820213,0.00885078375335585,0.00048497445223867673,65.97749202006383,69.36118852080834,0.15889830508474576,0.008041997517249176,0.010661241280899653,0.007550263831013863,0.011079300299649538,0.05184026638218931,0.06051694044242403,0.0502463087541399,0.061427151211815814,0.007186712086838782,0.010564999554567078,0.007028845833379934,0.01073147571963328,-0.001979773330886588,0.002862644792486431,-0.0024803809506626774,0.003356179713933306,65.81658367993386,66.13217294928909,65.80560533895427,66.14618508774366,68.74075238955292,69.98248205869295,68.65301056921075,70.09958684450525,0.1494334904533925,0.1674242311061582,0.14758420035765818,0.1699875140024594
silence_run_length,seen/-5,5.233657620754395,29295,0.010069977811913296,0.09930022188086704,0.011094043352107869,-0.0010240655401945725,66.56367274512024,69.69405467405849,0.08770287141073659,0.008467239345380798,0.011803087376200786,0.008611651760025733,0.01103634413426449,0.09038183487107604,0.11066311527248533,0.09067375036887386,0.11032003540540475,0.007729731743887773,0.014839249608257664,0.00847306814555695,0.013667421087127318,-0.004087254979703632,0.0016576690045476221,-0.0032771847382470623,0.0009626928893186557,66.02797002458837,67.18281397787138,66.08570662456336,67.00596120032961,68.43474809802235,71.1709568061966,68.60311022501519,70.73801511310091,0.07478435832719108,0.10170591367088291,0.07145196604380771,0.10266408463963568
silence_run_length,seen/0,6.742462467430415,24179,0.013234625087886183,0.08945779395343066,0.010256834443111791,0.002977790644774391,67.74208124350459,70.34032976622423,0.10350382601691502,0.011110568038627384,0.015669505246724124,0.01063759436550762,0.01611649923726469,0.0760540710171812,0.1022404207151603,0.07917691757191994,0.09983366331818708,0.008269723623940671,0.012415822612906902,0.0078511605459239,0.01289453290182952,0.0005709092853716679,0.005537946220713029,0.0005267792700991557,0.005540888394861354,67.1008179884829,68.51770745793284,66.94463388068726,68.67850161501872,69.39132928246944,71.46443237723773,69.21423113589513,71.60221964692361,0.08515217273475667,0.12312947507097292,0.08617693004169384,0.12429603379167085
silence_run_length,seen/5,5.165191312339767,20673,0.01170609006917235,0.07478353407826634,0.008465147777294055,0.0032409422918782955,67.13666666666667,69.11581280008441,0.116331096196868,0.00922855919102838,0.01438235504683002,0.00840676310907772,0.015592858868385016,0.06383817927077758,0.0852020372979296,0.06443081115576807,0.08585955458288355,0.007303930924444395,0.009596326149060768,0.007367489090687421,0.009547567409954806,0.0006533509212405371,0.0059118331611344305,-0.0004079431450121234,0.007462879925943777,66.54043621269324,67.79567597889954,66.47521630953443,67.90927532171517,68.41561125378233,69.92376021765743,68.58842278648865,69.76335888055212,0.10097006152505793,0.13371438011608036,0.10154033616991362,0.13297221551754412
silence_run_length,seen/10,6.083386320283404,33027,0.009870711841826384,0.06340267054228359,0.006570381808823084,0.0033003300330033004,66.4584499565679,68.22301150249275,0.12768595041322314,0.00841334617698825,0.011261526303156187,0.008338107008856455,0.011720620711425659,0.05506723424978074,0.0715276059851606,0.05387077874012257,0.07187529809283855,0.005646924660347216,0.0076124512579362185,0.005455690665120453,0.007974053430801771,0.0018653406146400405,0.004714439638301412,0.0017638286833213123,0.004878074783553854,66.10312115205376,66.82292763165744,66.11601245118301,66.84931890526578,67.62674998032644,68.87866402076065,67.57227361683492,68.9998469469635,0.11363644220720912,0.14293730440365798,0.11618437404019746,0.1424691750242456
silence_run_length,seen/15,6.484542232515704,28497,0.006281362950486016,0.05249675404428537,0.004561883707056884,0.0017194792434291329,65.83619131909872,67.42848633757724,0.11582089552238806,0.0046477519524490835,0.007806306868182323,0.00467164032278643,0.007944101785139806,0.04704548450153775,0.05861661606607842,0.047431375183115444,0.05812140286819881,0.003609677566452823,0.0055486591699445646,0.0036917231181097907,0.005443637182046189,0.0006090950850420273,0.0026961677154859315,0.000592382271626278,0.002834016702690153,65.45407282973662,66.25349684989789,65.46251254503801,66.29887260032001,66.79659823410512,68.0687342452413,66.71536127625873,68.23319912818627,0.09989200929073982,0.1307600873583128,0.09931535176663374,0.13488711193485592
silence_run_length,seen/20,6.392349498327759,28704,0.005016722408026756,0.05048076923076923,0.004041248606465998,0.0009754738015607581,65.30120305700808,66.6890756302521,0.10483364720652856,0.004218098396810915,0.005965284777540329,0.004060201532139656,0.006134245568406517,0.046002589742572084,0.055493782308930664,0.04548437702777183,0.0560502666291335,0.0034788233659484194,0.004679851393415165,0.003373289914280639,0.0047519562373756355,5.075770209180514e-05,0.0019534035469830962,1.9383732125841265e-05,0.002046804263261342,65.1488603124611,65.4633643815473,65.14716936952745,65.47467267815739,66.33086263992935,67.09010520855158,66.30194557354423,67.10816428126604,0.09205262131166471,0.11837126334685526,0.09026415428456168,0.12110744766959347
silence_run_length,unseen/-5,8.808316035288012,15416,0.04411001556824079,0.1868837571354437,0.01718993253762325,0.02692008303061754,73.93390645949997,76.84557423201126,0.13451277730974445,0.025876934714227497,0.059253035841470326,0.022699959826094858,0.05646635325753943,0.14309829276572283,0.2325959851995491,0.13550526128226167,0.24049912671571094,0.009423703179453955,0.024015038479934546,0.006954889915057162,0.026369052924034866,0.010069274357573457,0.04326726733347835,0.009601824840932919,0.041788544284083164,70.1567856379481,77.16178951009981,69.14380436682502,77.57195577567724,72.38093288818952,81.51449566410729,70.48933042115709,82.32462182164556,0.09457100453463946,0.16654215963446792,0.08309696906976625,0.17025906620866518
silence_run_length,unseen/0,5.69717868338558,14355,0.026332288401253918,0.12741205154998259,0.008359456635318705,0.017972831765935213,69.6299343406376,70.86996828494755,0.14046216583597643,0.012640689970598711,0.04552663577201775,0.009099398739405483,0.0489955618009821,0.09294372564130236,0.1678451939471998,0.08835796235691468,0.16818532759498991,0.0060550445618041075,0.011155545687982606,0.006151547826342309,0.011253727576066219,0.0046840506942915005,0.0359406243661523,0.0014327789280450776,0.0389368355683634,66.96033386781588,73.77809350119983,66.38927620468273,74.18748201442689,68.24324363964689,75.13742658657956,67.94439216247248,75.2705001501649,0.08719722877644463,0.1884028052664907,0.07302425792830985,0.19542856281220575
silence_run_length,unseen/5,5.3359643796802265,14823,0.04439047426296971,0.15233083721244012,0.009444781758078662,0.034945692504891046,72.80614323773703,72.67072969856696,0.19375857338820301,0.019095657288688565,0.06952997572856318,0.018506927861978294,0.07241611127635379,0.0954843022969579,0.20665581554082893,0.09610669452911925,0.21570979625849815,0.006284513360716276,0.012882831871446654,0.006280623837431996,0.013008410099876385,0.012187815523008232,0.05742272414082748,0.011910171457655536,0.06058166584835337,67.5035836510879,78.56949508803103,67.42273871821777,79.42150832885203,69.01224613118723,76.96387519172366,68.97353763963825,77.45406355030548,0.130426241355599,0.22591376688937906,0.12781019949632227,0.2269327050997302
silence_run_length,unseen/10,5.871694570489751,6391,0.0067282115474886555,0.06712564543889846,0.004381161007667032,0.0023470505398216243,65.39408047888261,68.59828772872251,0.15254237288135594,0.004000205717310027,0.010796287268704267,0.0036844416204201863,0.010953000748076668,0.05328589595320069,0.08788317510625655,0.051500818839632624,0.09190489023597818,0.0029657564898456826,0.006707523481790392,0.002903907015003677,0.0067065702555147615,6.36930306819675e-05,0.005058937908738072,0.000134358512666162,0.005180378151261566,65.0059266709593,65.93661151069982,65.01935547343165,65.94351110787704,66.85286374611844,71.42787897376701,66.89429021266176,71.4096676445924,0.08054130493779124,0.23345728028940235,0.07790558052862376,0.22952431981759736
silence_run_length,unseen/15,6.633161778384077,16127,0.007192906306194581,0.07868791467724934,0.005146648477708191,0.0020462578284863894,66.20127388535032,67.7162409377329,0.08231046931407943,0.005306629617885733,0.009166127816797941,0.005549188760597392,0.009123270982767287,0.059448684095673464,0.09601711708764608,0.05771839247491581,0.09742158702575009,0.003875025639502707,0.006586870166460899,0.0035162773515742996,0.006880199447799723,-0.0003994246710258512,0.004473258324999192,-0.000389626232459725,0.004663399649861984,65.68618671592174,66.73032583601315,65.58969344067101,66.77731584899666,67.02685901490658,68.49795202962383,66.80482184668811,68.70307436551367,0.06673963873047084,0.10745016761922754,0.06596875850416084,0.10799017938914868
silence_run_length,unseen/20,5.569178233090989,9078,0.006719541749283983,0.05805243445692884,0.0040757876184181535,0.0026437541308658294,65.89114692828778,66.58950835097625,0.0663265306122449,0.004474148393986815,0.00902693940271764,0.004318512522614011,0.009136435119023,0.04973357988932731,0.06729124392595037,0.049930354867770525,0.06716478391898613,0.003078753029294995,0.005222952381845139,0.002975426358314529,0.005339095763882978,-0.00011182490646006534,0.005299088788464744,-0.0002614723899914652,0.005329904395122463,65.53445911133306,66.25228275008327,65.55791329283953,66.30132551774471,66.23555571833396,66.97234069896683,66.22074410286773,67.04127476626171,0.05440938373883552,0.07547686864690631,0.05393998044242232,0.07604473082146412
posterior_transition_distance,all,69.06110962118673,298300,0.013345625209520616,0.08074756956084479,0.008028830036875628,0.005316795172644989,67.07533643019549,69.224047177908,0.1280818013396038,0.011387338148850578,0.01520520348685214,0.011203159127581314,0.015400216700835521,0.07491855577611348,0.08602717221500313,0.0744420189331608,0.08678612798603429,0.007385425077622861,0.008697199967832157,0.00711531552912969,0.008909951745804954,0.0033826005824453857,0.007128003698859435,0.003375994274017308,0.007200265010217392,66.6987943919547,67.44803035974397,66.6411280228827,67.50328260243252,68.81940483136029,69.62411564965103,68.69933526037084,69.73953241082341,0.11676090908423746,0.13873842789941127,0.11600506137892126,0.13988447081715394
posterior_transition_distance,clean,38.74121416818221,57735,0.009335758205594527,0.0560665107820213,0.00885078375335585,0.00048497445223867673,65.97749202006383,69.36118852080834,0.15889830508474576,0.008041997517249176,0.010661241280899653,0.007550263831013863,0.011079300299649538,0.05184026638218931,0.06051694044242403,0.0502463087541399,0.061427151211815814,0.007186712086838782,0.010564999554567078,0.007028845833379934,0.01073147571963328,-0.001979773330886588,0.002862644792486431,-0.0024803809506626774,0.003356179713933306,65.81658367993386,66.13217294928909,65.80560533895427,66.14618508774366,68.74075238955292,69.98248205869295,68.65301056921075,70.09958684450525,0.1494334904533925,0.1674242311061582,0.14758420035765818,0.1699875140024594
posterior_transition_distance,seen/-5,74.2968424645844,29295,0.010069977811913296,0.09930022188086704,0.011094043352107869,-0.0010240655401945725,66.56367274512024,69.69405467405849,0.08770287141073659,0.008467239345380798,0.011803087376200786,0.008611651760025733,0.01103634413426449,0.09038183487107604,0.11066311527248533,0.09067375036887386,0.11032003540540475,0.007729731743887773,0.014839249608257664,0.00847306814555695,0.013667421087127318,-0.004087254979703632,0.0016576690045476221,-0.0032771847382470623,0.0009626928893186557,66.02797002458837,67.18281397787138,66.08570662456336,67.00596120032961,68.43474809802235,71.1709568061966,68.60311022501519,70.73801511310091,0.07478435832719108,0.10170591367088291,0.07145196604380771,0.10266408463963568
posterior_transition_distance,seen/0,80.9061582364862,24179,0.013234625087886183,0.08945779395343066,0.010256834443111791,0.002977790644774391,67.74208124350459,70.34032976622423,0.10350382601691502,0.011110568038627384,0.015669505246724124,0.01063759436550762,0.01611649923726469,0.0760540710171812,0.1022404207151603,0.07917691757191994,0.09983366331818708,0.008269723623940671,0.012415822612906902,0.0078511605459239,0.01289453290182952,0.0005709092853716679,0.005537946220713029,0.0005267792700991557,0.005540888394861354,67.1008179884829,68.51770745793284,66.94463388068726,68.67850161501872,69.39132928246944,71.46443237723773,69.21423113589513,71.60221964692361,0.08515217273475667,0.12312947507097292,0.08617693004169384,0.12429603379167085
posterior_transition_distance,seen/5,79.00546606685049,20673,0.01170609006917235,0.07478353407826634,0.008465147777294055,0.0032409422918782955,67.13666666666667,69.11581280008441,0.116331096196868,0.00922855919102838,0.01438235504683002,0.00840676310907772,0.015592858868385016,0.06383817927077758,0.0852020372979296,0.06443081115576807,0.08585955458288355,0.007303930924444395,0.009596326149060768,0.007367489090687421,0.009547567409954806,0.0006533509212405371,0.0059118331611344305,-0.0004079431450121234,0.007462879925943777,66.54043621269324,67.79567597889954,66.47521630953443,67.90927532171517,68.41561125378233,69.92376021765743,68.58842278648865,69.76335888055212,0.10097006152505793,0.13371438011608036,0.10154033616991362,0.13297221551754412
posterior_transition_distance,seen/10,51.409059254549305,33027,0.009870711841826384,0.06340267054228359,0.006570381808823084,0.0033003300330033004,66.4584499565679,68.22301150249275,0.12768595041322314,0.00841334617698825,0.011261526303156187,0.008338107008856455,0.011720620711425659,0.05506723424978074,0.0715276059851606,0.05387077874012257,0.07187529809283855,0.005646924660347216,0.0076124512579362185,0.005455690665120453,0.007974053430801771,0.0018653406146400405,0.004714439638301412,0.0017638286833213123,0.004878074783553854,66.10312115205376,66.82292763165744,66.11601245118301,66.84931890526578,67.62674998032644,68.87866402076065,67.57227361683492,68.9998469469635,0.11363644220720912,0.14293730440365798,0.11618437404019746,0.1424691750242456
posterior_transition_distance,seen/15,47.377373056813,28497,0.006281362950486016,0.05249675404428537,0.004561883707056884,0.0017194792434291329,65.83619131909872,67.42848633757724,0.11582089552238806,0.0046477519524490835,0.007806306868182323,0.00467164032278643,0.007944101785139806,0.04704548450153775,0.05861661606607842,0.047431375183115444,0.05812140286819881,0.003609677566452823,0.0055486591699445646,0.0036917231181097907,0.005443637182046189,0.0006090950850420273,0.0026961677154859315,0.000592382271626278,0.002834016702690153,65.45407282973662,66.25349684989789,65.46251254503801,66.29887260032001,66.79659823410512,68.0687342452413,66.71536127625873,68.23319912818627,0.09989200929073982,0.1307600873583128,0.09931535176663374,0.13488711193485592
posterior_transition_distance,seen/20,45.56960702341137,28704,0.005016722408026756,0.05048076923076923,0.004041248606465998,0.0009754738015607581,65.30120305700808,66.6890756302521,0.10483364720652856,0.004218098396810915,0.005965284777540329,0.004060201532139656,0.006134245568406517,0.046002589742572084,0.055493782308930664,0.04548437702777183,0.0560502666291335,0.0034788233659484194,0.004679851393415165,0.003373289914280639,0.0047519562373756355,5.075770209180514e-05,0.0019534035469830962,1.9383732125841265e-05,0.002046804263261342,65.1488603124611,65.4633643815473,65.14716936952745,65.47467267815739,66.33086263992935,67.09010520855158,66.30194557354423,67.10816428126604,0.09205262131166471,0.11837126334685526,0.09026415428456168,0.12110744766959347
posterior_transition_distance,unseen/-5,142.73761027503892,15416,0.04411001556824079,0.1868837571354437,0.01718993253762325,0.02692008303061754,73.93390645949997,76.84557423201126,0.13451277730974445,0.025876934714227497,0.059253035841470326,0.022699959826094858,0.05646635325753943,0.14309829276572283,0.2325959851995491,0.13550526128226167,0.24049912671571094,0.009423703179453955,0.024015038479934546,0.006954889915057162,0.026369052924034866,0.010069274357573457,0.04326726733347835,0.009601824840932919,0.041788544284083164,70.1567856379481,77.16178951009981,69.14380436682502,77.57195577567724,72.38093288818952,81.51449566410729,70.48933042115709,82.32462182164556,0.09457100453463946,0.16654215963446792,0.08309696906976625,0.17025906620866518
posterior_transition_distance,unseen/0,200.52929292929292,14355,0.026332288401253918,0.12741205154998259,0.008359456635318705,0.017972831765935213,69.6299343406376,70.86996828494755,0.14046216583597643,0.012640689970598711,0.04552663577201775,0.009099398739405483,0.0489955618009821,0.09294372564130236,0.1678451939471998,0.08835796235691468,0.16818532759498991,0.0060550445618041075,0.011155545687982606,0.006151547826342309,0.011253727576066219,0.0046840506942915005,0.0359406243661523,0.0014327789280450776,0.0389368355683634,66.96033386781588,73.77809350119983,66.38927620468273,74.18748201442689,68.24324363964689,75.13742658657956,67.94439216247248,75.2705001501649,0.08719722877644463,0.1884028052664907,0.07302425792830985,0.19542856281220575
posterior_transition_distance,unseen/5,87.04142211428186,14823,0.04439047426296971,0.15233083721244012,0.009444781758078662,0.034945692504891046,72.80614323773703,72.67072969856696,0.19375857338820301,0.019095657288688565,0.06952997572856318,0.018506927861978294,0.07241611127635379,0.0954843022969579,0.20665581554082893,0.09610669452911925,0.21570979625849815,0.006284513360716276,0.012882831871446654,0.006280623837431996,0.013008410099876385,0.012187815523008232,0.05742272414082748,0.011910171457655536,0.06058166584835337,67.5035836510879,78.56949508803103,67.42273871821777,79.42150832885203,69.01224613118723,76.96387519172366,68.97353763963825,77.45406355030548,0.130426241355599,0.22591376688937906,0.12781019949632227,0.2269327050997302
posterior_transition_distance,unseen/10,54.16836175872321,6391,0.0067282115474886555,0.06712564543889846,0.004381161007667032,0.0023470505398216243,65.39408047888261,68.59828772872251,0.15254237288135594,0.004000205717310027,0.010796287268704267,0.0036844416204201863,0.010953000748076668,0.05328589595320069,0.08788317510625655,0.051500818839632624,0.09190489023597818,0.0029657564898456826,0.006707523481790392,0.002903907015003677,0.0067065702555147615,6.36930306819675e-05,0.005058937908738072,0.000134358512666162,0.005180378151261566,65.0059266709593,65.93661151069982,65.01935547343165,65.94351110787704,66.85286374611844,71.42787897376701,66.89429021266176,71.4096676445924,0.08054130493779124,0.23345728028940235,0.07790558052862376,0.22952431981759736
posterior_transition_distance,unseen/15,62.52942270726111,16127,0.007192906306194581,0.07868791467724934,0.005146648477708191,0.0020462578284863894,66.20127388535032,67.7162409377329,0.08231046931407943,0.005306629617885733,0.009166127816797941,0.005549188760597392,0.009123270982767287,0.059448684095673464,0.09601711708764608,0.05771839247491581,0.09742158702575009,0.003875025639502707,0.006586870166460899,0.0035162773515742996,0.006880199447799723,-0.0003994246710258512,0.004473258324999192,-0.000389626232459725,0.004663399649861984,65.68618671592174,66.73032583601315,65.58969344067101,66.77731584899666,67.02685901490658,68.49795202962383,66.80482184668811,68.70307436551367,0.06673963873047084,0.10745016761922754,0.06596875850416084,0.10799017938914868
posterior_transition_distance,unseen/20,57.091980612469705,9078,0.006719541749283983,0.05805243445692884,0.0040757876184181535,0.0026437541308658294,65.89114692828778,66.58950835097625,0.0663265306122449,0.004474148393986815,0.00902693940271764,0.004318512522614011,0.009136435119023,0.04973357988932731,0.06729124392595037,0.049930354867770525,0.06716478391898613,0.003078753029294995,0.005222952381845139,0.002975426358314529,0.005339095763882978,-0.00011182490646006534,0.005299088788464744,-0.0002614723899914652,0.005329904395122463,65.53445911133306,66.25228275008327,65.55791329283953,66.30132551774471,66.23555571833396,66.97234069896683,66.22074410286773,67.04127476626171,0.05440938373883552,0.07547686864690631,0.05393998044242232,0.07604473082146412
uncertainty_persistence,all,5.449993323541194,14978,0.20656963546534918,0.24662838830284417,0.11797302710642275,0.08859660835892642,110.9077466524275,169.53669873527187,0.3548909840895698,0.19210454210122466,0.2194629733384089,0.1932951454723783,0.2175997234169764,0.23664184577018457,0.2572007763573392,0.2372344379048272,0.2567415881125134,0.10969518436592371,0.1272921936524674,0.1100252361792959,0.12691317188823553,0.06717553508146915,0.10847739191069425,0.06900914862622826,0.1060421253934219,108.1576969326627,113.73221157743943,107.68712010753472,114.22842738732346,163.618589884413,176.94217462073433,161.64680117133474,178.53982157547887,0.3341503618456459,0.37457801811354546,0.33220378666019684,0.3775303067048026
uncertainty_persistence,clean,4.345960572091226,2587,0.17897178198685737,0.24159257827599537,0.1399304213374565,0.03904136064940085,97.41857209519365,176.21407795229786,0.3704044117647059,0.15858808426274545,0.19912767805375062,0.15348793865459856,0.2032039221227108,0.22349572690801184,0.25976759728241466,0.21881681885177595,0.2643127420084225,0.11830217320203211,0.1614751722034062,0.11720830617204293,0.16362326434682156,0.0003389070221501693,0.07775883656196717,-0.008318273703922399,0.08359860702684183,94.04077554599777,100.90616898282178,93.63497124991906,101.57378666122892,163.0509946252581,189.9424945152872,160.33908721217355,194.03244262394256,0.33981131545237264,0.401758219976716,0.33475527479526823,0.409113546920842
uncertainty_persistence,seen/-5,6.844540407156076,1621,0.15484268969771744,0.2899444787168415,0.16409623689080816,-0.009253547193090685,106.6488740617181,182.48648648648648,0.2884882108183079,0.13565966727323805,0.17685882121751445,0.13482224599374787,0.17839616093263816,0.2665878557408998,0.3144819372142335,0.2648975186200746,0.31437315235589286,0.12992478965017773,0.1969759004240777,0.1372738881163717,0.18731487098264332,-0.05028561565892755,0.037583585533323347,-0.038890784266658755,0.02584395265292134,100.29250468661266,112.96635080744709,102.03660548434708,111.51416327304986,166.51235133507745,199.18855342546823,168.516655259419,194.30299456260107,0.2561825178319331,0.3253751634300693,0.26388498628040735,0.31338165862221035
uncertainty_persistence,seen/0,7.200139958012596,1429,0.17914625612316304,0.2547235829251225,0.14555633310007,0.03358992302309307,113.29122807017544,179.37614678899084,0.29838709677419356,0.1527930978014657,0.20911549647745614,0.15275160304682697,0.20880784653741155,0.22350457950178476,0.2818759821286447,0.22610143739208585,0.2821759275277578,0.1284768872660705,0.161214679416147,0.12701099977242436,0.16060091741053376,-0.0019133996796845594,0.0757704200220623,-0.0016780515505650177,0.07638079197502069,105.92509234649577,121.45343563860709,106.02577331878118,122.25066415857013,168.00313335238425,189.979182649109,168.34418568992,191.59165876792596,0.2579009747849936,0.3317741665522196,0.2594935705079051,0.3389861666888386
uncertainty_persistence,seen/5,6.190523198420533,1013,0.19743336623889438,0.2734452122408687,0.13919052319842054,0.05824284304047384,119.5746835443038,184.69505962521293,0.36058700209643607,0.163529966198487,0.23496049268218516,0.151385043031233,0.2506967893841586,0.24098052579372417,0.301968979595267,0.2404662286702308,0.3056858021450833,0.12509769130694556,0.15484852845933408,0.12479269437502123,0.154127634001521,0.020447858845064473,0.09957472716088839,0.004591620226513224,0.12072499693136948,111.08807175823367,128.58866768197186,111.64321418346827,128.4899111912046,171.6033059163019,199.15702111677757,176.0749125597337,195.06011981376176,0.3114842040227495,0.41433841549702893,0.3194493934064098,0.3976448085698569
uncertainty_persistence,seen/10,5.193844138834316,1527,0.18140144073346431,0.2645710543549443,0.11067452521283562,0.07072691552062868,110.38436482084691,168.86993603411514,0.3568281938325991,0.16335340973686963,0.19918422208220146,0.16396762304002854,0.20209939402611019,0.2449273624656338,0.2828878424664784,0.24677355164022186,0.27939892890430834,0.10009797497730864,0.12223098986592344,0.09748523695641063,0.1263125814007013,0.049262780988251945,0.09159144593256885,0.04829576105107155,0.09405739454614001,104.44469980924725,115.80135806828466,107.09365785566796,113.23359960700422,160.15552126134267,177.242947622996,161.525412227524,176.3822889012028,0.3240125033653355,0.3867034956905491,0.32035505782581375,0.38713395591592176
uncertainty_persistence,seen/15,4.142561983471074,968,0.16632231404958678,0.28615702479338845,0.10950413223140495,0.056818181818181816,120.5089058524173,190.5630397236615,0.3721461187214612,0.14074203611656352,0.18770450488178891,0.14274211036299622,0.1862740114405263,0.26550416233642665,0.31028058163577094,0.2677502715659129,0.3068846296641046,0.0993183566132195,0.12007260254863039,0.09871019182944087,0.12081726931059472,0.027156809750698792,0.08051532245286178,0.028997998439243545,0.08055301953045893,110.82274170849736,130.9860046923613,112.49891209423627,129.4685015130991,175.24192329466777,208.4337079975424,175.3355337138026,208.71119182422248,0.3267821549284738,0.4208941602658672,0.33223771201339003,0.4173772913891666
uncertainty_persistence,seen/20,3.5068322981366458,805,0.14285714285714285,0.2795031055900621,0.12546583850931678,0.017391304347826087,103.13884555382215,184.08247422680412,0.34411764705882353,0.1261975313877499,0.1602875618507845,0.1243542923316816,0.16129468769640043,0.2611535096616809,0.29878225048334356,0.26253099822439996,0.29937215963146563,0.11107865608670192,0.1395088944286949,0.11146979439130836,0.1392340771608939,-0.006635112211267805,0.04209470655146551,-0.009340657780709296,0.04528660368488382,98.07214234023616,108.57915347349984,97.30433348241388,109.4803388538749,170.6495251028506,197.00925034647926,170.9795912208725,198.7399862413889,0.31731490376690874,0.3698538852095745,0.3180364076332183,0.3682383806770634
uncertainty_persistence,unseen/-5,5.91131498470948,1635,0.28256880733944956,0.1853211009174312,0.07767584097859327,0.20489296636085627,113.29163636363636,130.15232443125618,0.34509803921568627,0.22836213910571873,0.3491525575798626,0.22881014709727346,0.35440329353519096,0.1320916426280454,0.23880618726362024,0.12175873185033037,0.2367626266589307,0.05348123257409088,0.09890651142106825,0.05740378250463463,0.09328040173689041,0.13833204814436506,0.2886163428683433,0.13662896520920542,0.29620501051098636,100.04692531881103,124.60642036224715,94.61885289732423,127.31682370936674,109.10550643224063,152.76699327371438,106.88254050085708,157.96012909784332,0.20725653989019796,0.4465005020451419,0.15948009103594266,0.467848201133909
uncertainty_persistence,unseen/0,5.786235662148071,959,0.26903023983315955,0.21897810218978103,0.09280500521376434,0.1762252346193952,116.82164821648216,156.8585690515807,0.38247863247863245,0.2012710203141799,0.3168939768272754,0.174094396474186,0.3208481788538108,0.1978256036892995,0.24548525983648867,0.1975121306063213,0.25799756646167066,0.06255288261500593,0.1383520719579608,0.059725799675862126,0.15234357575104351,0.06583873158432826,0.25059456078693987,0.022574257959373963,0.2581301040182182,110.00578034573546,121.54030885625349,109.20592220146138,121.35403143812256,145.51944190381667,175.83256417575316,145.55751973325076,182.20000524266382,0.3267639224642154,0.41767527320966524,0.31586008320468706,0.41880337694681946
uncertainty_persistence,unseen/5,6.35251798561151,1251,0.37170263788968827,0.18305355715427657,0.05515587529976019,0.31654676258992803,123.37488708220415,148.82539682539684,0.4452449567723343,0.2881118625815326,0.4095147021416479,0.28629917658563236,0.4126798508314978,0.16580609961389528,0.21619931809130147,0.16588937995610264,0.2162566384451584,0.040369561045328003,0.08948101333148636,0.03614679634292023,0.09010324480516105,0.20089152400835353,0.3669138793249044,0.19592967634680394,0.37570156201532723,108.86066680505174,130.6832059011291,108.78423909665928,131.35852408135352,141.24530618428895,163.90380323073123,140.12573095511985,164.4760469918275,0.3708244979481214,0.4834795972495115,0.37211618962752474,0.4876979639530161
uncertainty_persistence,unseen/10,3.3485477178423237,241,0.15767634854771784,0.2946058091286307,0.08713692946058091,0.07053941908713693,97.55339805825243,195.90243902439025,0.48623853211009177,0.12835551489564886,0.18815416990050832,0.12228634752319081,0.19071569245522424,0.23254982646863676,0.3386110091436958,0.21949450950180524,0.3539470053932634,0.059994302238823245,0.13072233630334695,0.059380119445078074,0.12879793468573025,0.02299249312993905,0.10301025275352844,0.01696790824915825,0.11018452174093828,89.40820025855972,108.03545481388804,89.03052618183361,109.67400420394894,173.99117554544847,214.1712952476387,173.00009849444208,214.298947821294,0.3455576150820105,0.5859456581260297,0.3345982394958462,0.5926155480033984
uncertainty_persistence,unseen/15,4.461897356143079,643,0.14463452566096424,0.26594090202177295,0.12130637636080871,0.02332814930015552,112.85207100591715,174.44102564102565,0.3106060606060606,0.11676889124124497,0.1725304033706707,0.12003742272918579,0.17326247571385794,0.2078817296153984,0.3177111844163535,0.2018380047771467,0.31914369348485155,0.09264486512188867,0.15275368633454792,0.08773187736488121,0.15648536404461674,-0.027470131847596748,0.0726094901046889,-0.02789858010914342,0.08007109076851805,100.92917782458514,124.34700739920939,99.02463382873447,123.74782164130346,152.35489734167192,199.81999013397527,143.1948043005469,203.25544779482354,0.2750174831855038,0.35610214534177714,0.27110299799680404,0.35089972956105664
uncertainty_persistence,unseen/20,3.782608695652174,299,0.18394648829431437,0.22742474916387959,0.10033444816053512,0.08361204013377926,121.00840336134453,152.64171122994654,0.25203252032520324,0.13719403043398715,0.2300531644689452,0.13303317549820476,0.228303753633695,0.1734781552593056,0.2785879233326524,0.17167271322388913,0.2842076048758755,0.07167210028989256,0.1333214002480495,0.07167758094717099,0.13313567035848395,0.012707433592279646,0.1510289350395389,0.007725585779457369,0.14787585449820445,104.93597087957518,138.90977254756285,105.51866979443963,139.05925737444463,130.92127494056462,180.78946120613207,132.08214491665115,181.5683055980869,0.20557755424086785,0.3008283241422234,0.20441377639880506,0.3000505377791552
