seed,role,group,frames,p_value_plus,p_value_minus,mean_value,availability_net,refinable_rate,refinement_harm_rate,source_ci95_low_availability_net,source_ci95_high_availability_net,left_seed,right_seed,comparison_role,sign_agreement,pairwise_value_agreement,value_correlation,condition_level_direction_agreement,condition_level_groups_compared
73,independent_initialization_replicate,all,298300,0.009748575259805565,0.007076768354006034,0.0026718069057995305,0.0026718069057995305,0.009748575259805565,0.007076768354006034,0.001976922479257887,0.003390959568488028,,,,,,,,
73,independent_initialization_replicate,clean,57735,0.0071360526543691,0.007846193816575734,-0.0007101411622066337,-0.0007101411622066337,0.0071360526543691,0.007846193816575734,-0.0021463581355087064,0.0008214049359318134,,,,,,,,
73,independent_initialization_replicate,seen/-5,29295,0.008602150537634409,0.006792968083290664,0.0018091824543437446,0.0018091824543437446,0.008602150537634409,0.006792968083290664,-0.00016193833342818462,0.0034418498196658576,,,,,,,,
73,independent_initialization_replicate,seen/0,24179,0.009636461392117126,0.008850655527523885,0.000785805864593242,0.000785805864593242,0.009636461392117126,0.008850655527523885,-0.0009035837110064917,0.0024258518086431808,,,,,,,,
73,independent_initialization_replicate,seen/5,20673,0.010109805059739758,0.006917235040874571,0.0031925700188651864,0.0031925700188651864,0.010109805059739758,0.006917235040874571,0.00035529892328220133,0.005993008315968164,,,,,,,,
73,independent_initialization_replicate,seen/10,33027,0.007024555666575832,0.007206225209676931,-0.0001816695431010991,-0.0001816695431010991,0.007024555666575832,0.007206225209676931,-0.000834419152420081,0.0005958077720296592,,,,,,,,
73,independent_initialization_replicate,seen/15,28497,0.005860265992911534,0.0047373407727129176,0.0011229252201986175,0.0011229252201986175,0.005860265992911534,0.0047373407727129176,-0.00034133297560789326,0.002589117856096764,,,,,,,,
73,independent_initialization_replicate,seen/20,28704,0.00487736900780379,0.004041248606465998,0.0008361204013377926,0.0008361204013377926,0.00487736900780379,0.004041248606465998,0.00012860723787173447,0.0015909788824950413,,,,,,,,
73,independent_initialization_replicate,unseen/-5,15416,0.03100674623767514,0.009600415153087702,0.021406331084587442,0.021406331084587442,0.03100674623767514,0.009600415153087702,0.014042212997009671,0.02878089831539597,,,,,,,,
73,independent_initialization_replicate,unseen/0,14355,0.016300940438871474,0.010240334378265412,0.006060606060606061,0.006060606060606061,0.016300940438871474,0.010240334378265412,0.00039534021115351665,0.013063661151559608,,,,,,,,
73,independent_initialization_replicate,unseen/5,14823,0.022195237131484854,0.01160358901706807,0.010591648114416785,0.010591648114416785,0.022195237131484854,0.01160358901706807,0.002935868015752568,0.017887947583277174,,,,,,,,
73,independent_initialization_replicate,unseen/10,6391,0.007667031763417305,0.005319981223595682,0.0023470505398216243,0.0023470505398216243,0.007667031763417305,0.005319981223595682,-0.00024578235003009096,0.004182505152416657,,,,,,,,
73,independent_initialization_replicate,unseen/15,16127,0.007006882867241273,0.004154523469957215,0.0028523593972840577,0.0028523593972840577,0.007006882867241273,0.004154523469957215,0.001339600813388491,0.004340763144604083,,,,,,,,
73,independent_initialization_replicate,unseen/20,9078,0.006609385327164574,0.00495703899537343,0.0016523463317911435,0.0016523463317911435,0.006609385327164574,0.00495703899537343,0.00012482006882332707,0.0029615394010781664,,,,,,,,
79,independent_initialization_replicate,all,298300,0.012564532349983238,0.005682199128394234,0.006882333221589004,0.006882333221589004,0.012564532349983238,0.005682199128394234,0.00508817755400268,0.008632027652533942,,,,,,,,
79,independent_initialization_replicate,clean,57735,0.00911059149562657,0.0050402702000519614,0.004070321295574608,0.004070321295574608,0.00911059149562657,0.0050402702000519614,0.002534794082091794,0.005562723423518066,,,,,,,,
79,independent_initialization_replicate,seen/-5,29295,0.00914831882573818,0.006690561529271207,0.002457757296466974,0.002457757296466974,0.00914831882573818,0.006690561529271207,0.0006727786131073922,0.004215848297582982,,,,,,,,
79,independent_initialization_replicate,seen/0,24179,0.0077339840357334875,0.0064105215269448694,0.0013234625087886183,0.0013234625087886183,0.0077339840357334875,0.0064105215269448694,0.0002862956695179741,0.0024596033680763674,,,,,,,,
79,independent_initialization_replicate,seen/5,20673,0.0065786291297828085,0.005707928215546849,0.0008707009142359599,0.0008707009142359599,0.0065786291297828085,0.005707928215546849,-0.00044951826974294374,0.002301977286476278,,,,,,,,
79,independent_initialization_replicate,seen/10,33027,0.007963181639264844,0.0039361734338571475,0.004027008205407696,0.004027008205407696,0.007963181639264844,0.0039361734338571475,0.0026029908234051135,0.005631563319242855,,,,,,,,
79,independent_initialization_replicate,seen/15,28497,0.0056848089272555,0.004772432185844124,0.0009123767414113766,0.0009123767414113766,0.0056848089272555,0.004772432185844124,-8.980273342758942e-05,0.0018799575686695843,,,,,,,,
79,independent_initialization_replicate,seen/20,28704,0.006027034559643255,0.0034489966555183945,0.0025780379041248605,0.0025780379041248605,0.006027034559643255,0.0034489966555183945,0.0017149913843466644,0.003405578171235954,,,,,,,,
79,independent_initialization_replicate,unseen/-5,15416,0.05864037363777893,0.014530358069538143,0.04411001556824079,0.04411001556824079,0.05864037363777893,0.014530358069538143,0.026888631268584196,0.05970428204513987,,,,,,,,
79,independent_initialization_replicate,unseen/0,14355,0.01839080459770115,0.006199930337861373,0.012190874259839777,0.012190874259839777,0.01839080459770115,0.006199930337861373,0.0028107913688132672,0.0236933943537995,,,,,,,,
79,independent_initialization_replicate,unseen/5,14823,0.045334952438777575,0.00823045267489712,0.03710449976388046,0.03710449976388046,0.045334952438777575,0.00823045267489712,0.011176285155579887,0.06451521153352553,,,,,,,,
79,independent_initialization_replicate,unseen/10,6391,0.007823501799405413,0.002659990611797841,0.0051635111876075735,0.0051635111876075735,0.007823501799405413,0.002659990611797841,0.0025753981578560837,0.008645979846978792,,,,,,,,
79,independent_initialization_replicate,unseen/15,16127,0.0057667266075525515,0.004960625038754883,0.0008061015687976685,0.0008061015687976685,0.0057667266075525515,0.004960625038754883,-0.0016948794556243096,0.003370039113218854,,,,,,,,
79,independent_initialization_replicate,unseen/20,9078,0.0055078211059704785,0.004185944040537563,0.0013218770654329147,0.0013218770654329147,0.0055078211059704785,0.004185944040537563,-0.001146934115897025,0.003665334753891271,,,,,,,,
83,independent_initialization_replicate,all,298300,0.009979886020784446,0.0071337579617834395,0.0028461280590010058,0.0028461280590010058,0.009979886020784446,0.0071337579617834395,0.0015390515890272042,0.004136251103626276,,,,,,,,
83,independent_initialization_replicate,clean,57735,0.007430501428942583,0.00978609162553044,-0.0023555901965878583,-0.0023555901965878583,0.007430501428942583,0.00978609162553044,-0.004452323265689694,-0.00025704622672561764,,,,,,,,
83,independent_initialization_replicate,seen/-5,29295,0.005564089435057177,0.007134323263355521,-0.0015702338282983445,-0.0015702338282983445,0.005564089435057177,0.007134323263355521,-0.0026979071667804283,-0.0004863235542241361,,,,,,,,
83,independent_initialization_replicate,seen/0,24179,0.008312998883328508,0.007154969188138467,0.001158029695190041,0.001158029695190041,0.008312998883328508,0.007154969188138467,-0.0013535107362911431,0.0032428764459005227,,,,,,,,
83,independent_initialization_replicate,seen/5,20673,0.006675373675809026,0.006433512310743482,0.00024186136506554442,0.00024186136506554442,0.006675373675809026,0.006433512310743482,-0.001530323892496521,0.0019285825872732108,,,,,,,,
83,independent_initialization_replicate,seen/10,33027,0.00617676446543737,0.004541738577527477,0.001635025887909892,0.001635025887909892,0.00617676446543737,0.004541738577527477,0.0005880659524496624,0.002691799790415012,,,,,,,,
83,independent_initialization_replicate,seen/15,28497,0.0046320665333192965,0.004877706425237744,-0.00024563989191844754,-0.00024563989191844754,0.0046320665333192965,0.004877706425237744,-0.0014390183524046853,0.0008334872202353357,,,,,,,,
83,independent_initialization_replicate,seen/20,28704,0.004250278706800446,0.003170289855072464,0.0010799888517279822,0.0010799888517279822,0.004250278706800446,0.003170289855072464,0.0002015834523418652,0.0019184971879424746,,,,,,,,
83,independent_initialization_replicate,unseen/-5,15416,0.038012454592631036,0.01251946030098599,0.025492994291645043,0.025492994291645043,0.038012454592631036,0.01251946030098599,0.01393461786982077,0.03601048521290319,,,,,,,,
83,independent_initialization_replicate,unseen/0,14355,0.022013235806339255,0.007732497387669801,0.014280738418669453,0.014280738418669453,0.022013235806339255,0.007732497387669801,0.004582685897166546,0.027290811302718637,,,,,,,,
83,independent_initialization_replicate,unseen/5,14823,0.03244957161168455,0.01153612629022465,0.020913445321459893,0.020913445321459893,0.03244957161168455,0.01153612629022465,0.0068436101350028596,0.03471317238471196,,,,,,,,
83,independent_initialization_replicate,unseen/10,6391,0.009388202159286497,0.008136441871381631,0.0012517602879048662,0.0012517602879048662,0.009388202159286497,0.008136441871381631,-0.003111211703812057,0.005445235019854026,,,,,,,,
83,independent_initialization_replicate,unseen/15,16127,0.005890742233521424,0.006014757859490296,-0.00012401562596887208,-0.00012401562596887208,0.005890742233521424,0.006014757859490296,-0.0021011437974383642,0.0018527912444280185,,,,,,,,
83,independent_initialization_replicate,unseen/20,9078,0.0055078211059704785,0.004846882573254021,0.0006609385327164573,0.0006609385327164573,0.0055078211059704785,0.004846882573254021,-0.002125563904980654,0.003292177240058281,,,,,,,,
89,independent_initialization_replicate,all,298300,0.009674824002681864,0.005021790144150185,0.00465303385853168,0.00465303385853168,0.009674824002681864,0.005021790144150185,0.00341867627529233,0.005812158129045961,,,,,,,,
89,independent_initialization_replicate,clean,57735,0.006858924395946999,0.004191564908634277,0.002667359487312722,0.002667359487312722,0.006858924395946999,0.004191564908634277,0.0016303109591175725,0.0037302763346556056,,,,,,,,
89,independent_initialization_replicate,seen/-5,29295,0.009489674005803039,0.006383341867212835,0.003106332138590203,0.003106332138590203,0.009489674005803039,0.006383341867212835,0.0015118389101281622,0.0043968484619713605,,,,,,,,
89,independent_initialization_replicate,seen/0,24179,0.008023491459530997,0.0058728648827494935,0.0021506265767815046,0.0021506265767815046,0.008023491459530997,0.0058728648827494935,0.000711350782495721,0.0034680650651323715,,,,,,,,
89,independent_initialization_replicate,seen/5,20673,0.006627001402795918,0.005949789580612393,0.0006772118221835244,0.0006772118221835244,0.006627001402795918,0.005949789580612393,-0.0007060074515807826,0.002202646396054221,,,,,,,,
89,independent_initialization_replicate,seen/10,33027,0.006418990522905501,0.005510642807400006,0.0009083477155054955,0.0009083477155054955,0.006418990522905501,0.005510642807400006,-0.0004693847314550792,0.0020403767178437345,,,,,,,,
89,independent_initialization_replicate,seen/15,28497,0.005123346317156192,0.0038600554444327474,0.0012632908727234445,0.0012632908727234445,0.005123346317156192,0.0038600554444327474,1.2105408025480262e-05,0.0026199080762162063,,,,,,,,
89,independent_initialization_replicate,seen/20,28704,0.004528985507246377,0.002926421404682274,0.0016025641025641025,0.0016025641025641025,0.004528985507246377,0.002926421404682274,0.0008483911609160491,0.002412179788425774,,,,,,,,
89,independent_initialization_replicate,unseen/-5,15416,0.03548261546445252,0.010768033212247017,0.024714582252205502,0.024714582252205502,0.03548261546445252,0.010768033212247017,0.011658824095109219,0.039090278557260896,,,,,,,,
89,independent_initialization_replicate,unseen/0,14355,0.020968303726924417,0.00557297109021247,0.015395332636711946,0.015395332636711946,0.020968303726924417,0.00557297109021247,0.005158043071531064,0.02841683276837384,,,,,,,,
89,independent_initialization_replicate,unseen/5,14823,0.02536598529312555,0.00546448087431694,0.01990150441880861,0.01990150441880861,0.02536598529312555,0.00546448087431694,0.007590886762044858,0.03231015389433686,,,,,,,,
89,independent_initialization_replicate,unseen/10,6391,0.0068846815834767644,0.005319981223595682,0.0015647003598810829,0.0015647003598810829,0.0068846815834767644,0.005319981223595682,-0.0011932146346788131,0.00411286360727852,,,,,,,,
89,independent_initialization_replicate,unseen/15,16127,0.004588578160848267,0.0024803125193774414,0.0021082656414708255,0.0021082656414708255,0.004588578160848267,0.0024803125193774414,0.0009476199218240201,0.0035057455217769855,,,,,,,,
89,independent_initialization_replicate,unseen/20,9078,0.0056179775280898875,0.002974223397224058,0.0026437541308658294,0.0026437541308658294,0.0056179775280898875,0.002974223397224058,-2.7258666246568303e-05,0.005117128836515877,,,,,,,,
97,independent_initialization_replicate,all,298300,0.01027153871940999,0.006828695943680858,0.0034428427757291317,0.0034428427757291317,0.01027153871940999,0.006828695943680858,0.0022930599535716497,0.0045589917099055945,,,,,,,,
97,independent_initialization_replicate,clean,57735,0.007846193816575734,0.009405040270200051,-0.001558846453624318,-0.001558846453624318,0.007846193816575734,0.009405040270200051,-0.0033829593694455445,0.00012431788593595492,,,,,,,,
97,independent_initialization_replicate,seen/-5,29295,0.012800819252432157,0.007680491551459293,0.005120327700972862,0.005120327700972862,0.012800819252432157,0.007680491551459293,0.00232505627007762,0.007746088293676939,,,,,,,,
97,independent_initialization_replicate,seen/0,24179,0.008767939120724596,0.008561148103726374,0.0002067910169982216,0.0002067910169982216,0.008767939120724596,0.008561148103726374,-0.0018997440324132568,0.002137947650890307,,,,,,,,
97,independent_initialization_replicate,seen/5,20673,0.008997242780438253,0.006530256856769699,0.002466985923668553,0.002466985923668553,0.008997242780438253,0.006530256856769699,5.013660982298342e-05,0.005169943097354526,,,,,,,,
97,independent_initialization_replicate,seen/10,33027,0.007115390438126382,0.005692312350501105,0.0014230780876252763,0.0014230780876252763,0.007115390438126382,0.005692312350501105,0.0005079485897315847,0.0022603044621999644,,,,,,,,
97,independent_initialization_replicate,seen/15,28497,0.006176088711092396,0.005333894795943432,0.0008421939151489631,0.0008421939151489631,0.006176088711092396,0.005333894795943432,-0.000694546759097521,0.0022223504916094095,,,,,,,,
97,independent_initialization_replicate,seen/20,28704,0.004563823857302118,0.003971571906354515,0.0005922519509476031,0.0005922519509476031,0.004563823857302118,0.003971571906354515,-0.00024541096360002556,0.001343482620720321,,,,,,,,
97,independent_initialization_replicate,unseen/-5,15416,0.03956927867151012,0.009016606123508044,0.030552672548002077,0.030552672548002077,0.03956927867151012,0.009016606123508044,0.018543877418806066,0.040643943282111225,,,,,,,,
97,independent_initialization_replicate,unseen/0,14355,0.013932427725531174,0.005433646812957158,0.008498780912574016,0.008498780912574016,0.013932427725531174,0.005433646812957158,0.0018077586703820997,0.016462718564491538,,,,,,,,
97,independent_initialization_replicate,unseen/5,14823,0.018687175335627065,0.006678809957498482,0.012008365378128584,0.012008365378128584,0.018687175335627065,0.006678809957498482,0.005502739404280427,0.018784269602602523,,,,,,,,
97,independent_initialization_replicate,unseen/10,6391,0.006102331403536223,0.006102331403536223,0.0,0.0,0.006102331403536223,0.006102331403536223,-0.002616954203436233,0.0035782768478406566,,,,,,,,
97,independent_initialization_replicate,unseen/15,16127,0.006696843802319092,0.004588578160848267,0.0021082656414708255,0.0021082656414708255,0.006696843802319092,0.004588578160848267,0.00040781283950442915,0.0035609304018294308,,,,,,,,
97,independent_initialization_replicate,unseen/20,9078,0.006829698171403393,0.004846882573254021,0.0019828155981493722,0.0019828155981493722,0.006829698171403393,0.004846882573254021,0.0002138644982319242,0.003447880342839577,,,,,,,,
,,,298300,,,,,,,,,73,79,replication_pair,0.969651357693597,0.969651357693597,0.09571437130759833,0.8571428571428571,14
,,,298300,,,,,,,,,73,83,replication_pair,0.9704391552128729,0.9704391552128729,0.09422419988073485,0.7142857142857143,14
,,,298300,,,,,,,,,73,89,replication_pair,0.9721589004358029,0.9721589004358029,0.08819113222417005,0.8571428571428571,14
,,,298300,,,,,,,,,73,97,replication_pair,0.9702145491116326,0.9702145491116326,0.08804735070419142,0.8571428571428571,14
,,,298300,,,,,,,,,79,83,replication_pair,0.9700972175662085,0.9700972175662085,0.13359876157335476,0.7142857142857143,14
,,,298300,,,,,,,,,79,89,replication_pair,0.9718672477371774,0.9718672477371774,0.12768289415456344,1.0,14
,,,298300,,,,,,,,,79,97,replication_pair,0.9697787462286289,0.9697787462286289,0.11860563290111861,0.8571428571428571,14
,,,298300,,,,,,,,,83,89,replication_pair,0.9722259470331881,0.9722259470331881,0.09734069140928578,0.7142857142857143,14
,,,298300,,,,,,,,,83,97,replication_pair,0.9695105598390882,0.9695105598390882,0.07275986919367072,0.7142857142857143,14
,,,298300,,,,,,,,,89,97,replication_pair,0.9723265169292659,0.9723265169292659,0.10504689005528271,0.8571428571428571,14
