seed,stage,command,checkpoint,checkpoint_sha256,log
73,stage_a,C:\Users\20547\Desktop\light-VAD\.venv\Scripts\python.exe -m reproductions.difficulty_adaptive_context.train_context --train-manifest C:\Users\20547\Desktop\light-VAD\data\librivad\manifests\LibriSpeech_train_medium.tsv --val-manifest C:\Users\20547\Desktop\light-VAD\data\librivad\manifests\LibriSpeech_val_medium.tsv --data-root C:\Users\20547\Desktop\light-VAD\data\librivad --results-dir C:\Users\20547\Desktop\light-VAD\results\difficulty_adaptive_context\ae_mechanism\ae4_replication_training\seed73\stage_a --rf-profile short --train-rows 8640 --val-rows 432 --context-seconds 4.0 --target-seconds 4.0 --batch-size 128 --num-workers 0 --epochs 30 --seed 73 --max-lr 0.01 --min-lr 0.001 --warmup-ratio 0.03 --hold-ratio 0.25 --decay-power 2.0 --momentum 0.9 --weight-decay 0.001,C:\Users\20547\Desktop\light-VAD\results\difficulty_adaptive_context\ae_mechanism\ae4_replication_training\seed73\stage_a\last.pt,C94BD2D14963672C01FDA32741796E71028C8F2974A84935393853D05B90B903,C:\Users\20547\Desktop\light-VAD\results\difficulty_adaptive_context\ae_mechanism\ae4_replication_training\seed73\stage_a.log
73,stage_b,C:\Users\20547\Desktop\light-VAD\.venv\Scripts\python.exe -m reproductions.difficulty_adaptive_context.train_context --train-manifest C:\Users\20547\Desktop\light-VAD\data\librivad\manifests\LibriSpeech_train_medium.tsv --val-manifest C:\Users\20547\Desktop\light-VAD\data\librivad\manifests\LibriSpeech_val_medium.tsv --data-root C:\Users\20547\Desktop\light-VAD\data\librivad --results-dir C:\Users\20547\Desktop\light-VAD\results\difficulty_adaptive_context\ae_mechanism\ae4_replication_training\seed73\stage_b --rf-profile short --train-rows 8640 --val-rows 432 --context-seconds 4.0 --target-seconds 4.0 --batch-size 128 --num-workers 0 --epochs 40 --seed 73 --max-lr 0.001 --min-lr 0.001 --warmup-ratio 0.0 --hold-ratio 0.0 --decay-power 2.0 --momentum 0.9 --weight-decay 0.001 --resume C:\Users\20547\Desktop\light-VAD\results\difficulty_adaptive_context\ae_mechanism\ae4_replication_training\seed73\stage_a\last.pt,C:\Users\20547\Desktop\light-VAD\results\difficulty_adaptive_context\ae_mechanism\ae4_replication_training\seed73\stage_b\last.pt,CCB9504FFD3D2B547C4F057F5F9B85DF7225C5BC7F10134BBCA030E7922783AD,C:\Users\20547\Desktop\light-VAD\results\difficulty_adaptive_context\ae_mechanism\ae4_replication_training\seed73\stage_b.log
73,refiner,C:\Users\20547\Desktop\light-VAD\.venv\Scripts\python.exe -m reproductions.difficulty_adaptive_context.train_adaptive --train-manifest C:\Users\20547\Desktop\light-VAD\data\librivad\manifests\LibriSpeech_train_medium.tsv --val-manifest C:\Users\20547\Desktop\light-VAD\data\librivad\manifests\LibriSpeech_val_medium.tsv --data-root C:\Users\20547\Desktop\light-VAD\data\librivad --short-checkpoint C:\Users\20547\Desktop\light-VAD\results\difficulty_adaptive_context\ae_mechanism\ae4_replication_training\seed73\stage_b\last.pt --long-checkpoint C:\Users\20547\Desktop\light-VAD\results\difficulty_adaptive_context\formal_long_ext40\best.pt --results-dir C:\Users\20547\Desktop\light-VAD\results\difficulty_adaptive_context\ae_mechanism\ae4_replication_training\seed73\refiner --train-rows 8640 --val-rows 432 --context-seconds 4.0 --target-seconds 4.0 --batch-size 128 --num-workers 0 --epochs 20 --seed 73 --rf-span 384 --training-threshold 0.13 --activation-threshold 0.13 --label-weight 2.0 --distill-weight 0.25 --max-lr 0.001 --min-lr 0.0001 --weight-decay 0.0001 --max-residual 2.0,C:\Users\20547\Desktop\light-VAD\results\difficulty_adaptive_context\ae_mechanism\ae4_replication_training\seed73\refiner\best.pt,6015F0422B3F1C3746A615060F03BC7DB5546594C8563DEC616961206886C059,C:\Users\20547\Desktop\light-VAD\results\difficulty_adaptive_context\ae_mechanism\ae4_replication_training\seed73\refiner.log
79,stage_a,C:\Users\20547\Desktop\light-VAD\.venv\Scripts\python.exe -m reproductions.difficulty_adaptive_context.train_context --train-manifest C:\Users\20547\Desktop\light-VAD\data\librivad\manifests\LibriSpeech_train_medium.tsv --val-manifest C:\Users\20547\Desktop\light-VAD\data\librivad\manifests\LibriSpeech_val_medium.tsv --data-root C:\Users\20547\Desktop\light-VAD\data\librivad --results-dir C:\Users\20547\Desktop\light-VAD\results\difficulty_adaptive_context\ae_mechanism\ae4_replication_training\seed79\stage_a --rf-profile short --train-rows 8640 --val-rows 432 --context-seconds 4.0 --target-seconds 4.0 --batch-size 128 --num-workers 0 --epochs 30 --seed 79 --max-lr 0.01 --min-lr 0.001 --warmup-ratio 0.03 --hold-ratio 0.25 --decay-power 2.0 --momentum 0.9 --weight-decay 0.001,C:\Users\20547\Desktop\light-VAD\results\difficulty_adaptive_context\ae_mechanism\ae4_replication_training\seed79\stage_a\last.pt,BDAC4EB1C8607035CFFDD15271AE263133DD4BFF273D42084A7EFEA929834AD8,C:\Users\20547\Desktop\light-VAD\results\difficulty_adaptive_context\ae_mechanism\ae4_replication_training\seed79\stage_a.log
79,stage_b,C:\Users\20547\Desktop\light-VAD\.venv\Scripts\python.exe -m reproductions.difficulty_adaptive_context.train_context --train-manifest C:\Users\20547\Desktop\light-VAD\data\librivad\manifests\LibriSpeech_train_medium.tsv --val-manifest C:\Users\20547\Desktop\light-VAD\data\librivad\manifests\LibriSpeech_val_medium.tsv --data-root C:\Users\20547\Desktop\light-VAD\data\librivad --results-dir C:\Users\20547\Desktop\light-VAD\results\difficulty_adaptive_context\ae_mechanism\ae4_replication_training\seed79\stage_b --rf-profile short --train-rows 8640 --val-rows 432 --context-seconds 4.0 --target-seconds 4.0 --batch-size 128 --num-workers 0 --epochs 40 --seed 79 --max-lr 0.001 --min-lr 0.001 --warmup-ratio 0.0 --hold-ratio 0.0 --decay-power 2.0 --momentum 0.9 --weight-decay 0.001 --resume C:\Users\20547\Desktop\light-VAD\results\difficulty_adaptive_context\ae_mechanism\ae4_replication_training\seed79\stage_a\last.pt,C:\Users\20547\Desktop\light-VAD\results\difficulty_adaptive_context\ae_mechanism\ae4_replication_training\seed79\stage_b\last.pt,076FD2DD7F71EBB1F9D12DDA22EC0B068F9C8EB88108457AE0CA8E45B9B56A4F,C:\Users\20547\Desktop\light-VAD\results\difficulty_adaptive_context\ae_mechanism\ae4_replication_training\seed79\stage_b.log
79,refiner,C:\Users\20547\Desktop\light-VAD\.venv\Scripts\python.exe -m reproductions.difficulty_adaptive_context.train_adaptive --train-manifest C:\Users\20547\Desktop\light-VAD\data\librivad\manifests\LibriSpeech_train_medium.tsv --val-manifest C:\Users\20547\Desktop\light-VAD\data\librivad\manifests\LibriSpeech_val_medium.tsv --data-root C:\Users\20547\Desktop\light-VAD\data\librivad --short-checkpoint C:\Users\20547\Desktop\light-VAD\results\difficulty_adaptive_context\ae_mechanism\ae4_replication_training\seed79\stage_b\last.pt --long-checkpoint C:\Users\20547\Desktop\light-VAD\results\difficulty_adaptive_context\formal_long_ext40\best.pt --results-dir C:\Users\20547\Desktop\light-VAD\results\difficulty_adaptive_context\ae_mechanism\ae4_replication_training\seed79\refiner --train-rows 8640 --val-rows 432 --context-seconds 4.0 --target-seconds 4.0 --batch-size 128 --num-workers 0 --epochs 20 --seed 79 --rf-span 384 --training-threshold 0.13 --activation-threshold 0.13 --label-weight 2.0 --distill-weight 0.25 --max-lr 0.001 --min-lr 0.0001 --weight-decay 0.0001 --max-residual 2.0,C:\Users\20547\Desktop\light-VAD\results\difficulty_adaptive_context\ae_mechanism\ae4_replication_training\seed79\refiner\best.pt,3F7758ABF0BEC9E11324113803C7D90768928FEFEF6521E58924E0BB092427A1,C:\Users\20547\Desktop\light-VAD\results\difficulty_adaptive_context\ae_mechanism\ae4_replication_training\seed79\refiner.log
83,stage_a,C:\Users\20547\Desktop\light-VAD\.venv\Scripts\python.exe -m reproductions.difficulty_adaptive_context.train_context --train-manifest C:\Users\20547\Desktop\light-VAD\data\librivad\manifests\LibriSpeech_train_medium.tsv --val-manifest C:\Users\20547\Desktop\light-VAD\data\librivad\manifests\LibriSpeech_val_medium.tsv --data-root C:\Users\20547\Desktop\light-VAD\data\librivad --results-dir C:\Users\20547\Desktop\light-VAD\results\difficulty_adaptive_context\ae_mechanism\ae4_replication_training\seed83\stage_a --rf-profile short --train-rows 8640 --val-rows 432 --context-seconds 4.0 --target-seconds 4.0 --batch-size 128 --num-workers 0 --epochs 30 --seed 83 --max-lr 0.01 --min-lr 0.001 --warmup-ratio 0.03 --hold-ratio 0.25 --decay-power 2.0 --momentum 0.9 --weight-decay 0.001,C:\Users\20547\Desktop\light-VAD\results\difficulty_adaptive_context\ae_mechanism\ae4_replication_training\seed83\stage_a\last.pt,89378D5A191DE7F446149F2618B55B5759B4FA3E25BF52E259AB28168208CD4F,C:\Users\20547\Desktop\light-VAD\results\difficulty_adaptive_context\ae_mechanism\ae4_replication_training\seed83\stage_a.log
83,stage_b,C:\Users\20547\Desktop\light-VAD\.venv\Scripts\python.exe -m reproductions.difficulty_adaptive_context.train_context --train-manifest C:\Users\20547\Desktop\light-VAD\data\librivad\manifests\LibriSpeech_train_medium.tsv --val-manifest C:\Users\20547\Desktop\light-VAD\data\librivad\manifests\LibriSpeech_val_medium.tsv --data-root C:\Users\20547\Desktop\light-VAD\data\librivad --results-dir C:\Users\20547\Desktop\light-VAD\results\difficulty_adaptive_context\ae_mechanism\ae4_replication_training\seed83\stage_b --rf-profile short --train-rows 8640 --val-rows 432 --context-seconds 4.0 --target-seconds 4.0 --batch-size 128 --num-workers 0 --epochs 40 --seed 83 --max-lr 0.001 --min-lr 0.001 --warmup-ratio 0.0 --hold-ratio 0.0 --decay-power 2.0 --momentum 0.9 --weight-decay 0.001 --resume C:\Users\20547\Desktop\light-VAD\results\difficulty_adaptive_context\ae_mechanism\ae4_replication_training\seed83\stage_a\last.pt,C:\Users\20547\Desktop\light-VAD\results\difficulty_adaptive_context\ae_mechanism\ae4_replication_training\seed83\stage_b\last.pt,0290BC1078052569CD6B4D80FA913E08F5DBD12EC70FDEF315E1129646309E59,C:\Users\20547\Desktop\light-VAD\results\difficulty_adaptive_context\ae_mechanism\ae4_replication_training\seed83\stage_b.log
83,refiner,C:\Users\20547\Desktop\light-VAD\.venv\Scripts\python.exe -m reproductions.difficulty_adaptive_context.train_adaptive --train-manifest C:\Users\20547\Desktop\light-VAD\data\librivad\manifests\LibriSpeech_train_medium.tsv --val-manifest C:\Users\20547\Desktop\light-VAD\data\librivad\manifests\LibriSpeech_val_medium.tsv --data-root C:\Users\20547\Desktop\light-VAD\data\librivad --short-checkpoint C:\Users\20547\Desktop\light-VAD\results\difficulty_adaptive_context\ae_mechanism\ae4_replication_training\seed83\stage_b\last.pt --long-checkpoint C:\Users\20547\Desktop\light-VAD\results\difficulty_adaptive_context\formal_long_ext40\best.pt --results-dir C:\Users\20547\Desktop\light-VAD\results\difficulty_adaptive_context\ae_mechanism\ae4_replication_training\seed83\refiner --train-rows 8640 --val-rows 432 --context-seconds 4.0 --target-seconds 4.0 --batch-size 128 --num-workers 0 --epochs 20 --seed 83 --rf-span 384 --training-threshold 0.13 --activation-threshold 0.13 --label-weight 2.0 --distill-weight 0.25 --max-lr 0.001 --min-lr 0.0001 --weight-decay 0.0001 --max-residual 2.0,C:\Users\20547\Desktop\light-VAD\results\difficulty_adaptive_context\ae_mechanism\ae4_replication_training\seed83\refiner\best.pt,C4B43F17D29FA5579CA9AF7D7CD433A03F4228FAECA9DBFF9F98E7E588A477AA,C:\Users\20547\Desktop\light-VAD\results\difficulty_adaptive_context\ae_mechanism\ae4_replication_training\seed83\refiner.log
89,stage_a,C:\Users\20547\Desktop\light-VAD\.venv\Scripts\python.exe -m reproductions.difficulty_adaptive_context.train_context --train-manifest C:\Users\20547\Desktop\light-VAD\data\librivad\manifests\LibriSpeech_train_medium.tsv --val-manifest C:\Users\20547\Desktop\light-VAD\data\librivad\manifests\LibriSpeech_val_medium.tsv --data-root C:\Users\20547\Desktop\light-VAD\data\librivad --results-dir C:\Users\20547\Desktop\light-VAD\results\difficulty_adaptive_context\ae_mechanism\ae4_replication_training\seed89\stage_a --rf-profile short --train-rows 8640 --val-rows 432 --context-seconds 4.0 --target-seconds 4.0 --batch-size 128 --num-workers 0 --epochs 30 --seed 89 --max-lr 0.01 --min-lr 0.001 --warmup-ratio 0.03 --hold-ratio 0.25 --decay-power 2.0 --momentum 0.9 --weight-decay 0.001,C:\Users\20547\Desktop\light-VAD\results\difficulty_adaptive_context\ae_mechanism\ae4_replication_training\seed89\stage_a\last.pt,49DD4A3C69C4D28724904FEF5988FBC957B206AA762A97EBF2953F31D056DCC3,C:\Users\20547\Desktop\light-VAD\results\difficulty_adaptive_context\ae_mechanism\ae4_replication_training\seed89\stage_a.log
89,stage_b,C:\Users\20547\Desktop\light-VAD\.venv\Scripts\python.exe -m reproductions.difficulty_adaptive_context.train_context --train-manifest C:\Users\20547\Desktop\light-VAD\data\librivad\manifests\LibriSpeech_train_medium.tsv --val-manifest C:\Users\20547\Desktop\light-VAD\data\librivad\manifests\LibriSpeech_val_medium.tsv --data-root C:\Users\20547\Desktop\light-VAD\data\librivad --results-dir C:\Users\20547\Desktop\light-VAD\results\difficulty_adaptive_context\ae_mechanism\ae4_replication_training\seed89\stage_b --rf-profile short --train-rows 8640 --val-rows 432 --context-seconds 4.0 --target-seconds 4.0 --batch-size 128 --num-workers 0 --epochs 40 --seed 89 --max-lr 0.001 --min-lr 0.001 --warmup-ratio 0.0 --hold-ratio 0.0 --decay-power 2.0 --momentum 0.9 --weight-decay 0.001 --resume C:\Users\20547\Desktop\light-VAD\results\difficulty_adaptive_context\ae_mechanism\ae4_replication_training\seed89\stage_a\last.pt,C:\Users\20547\Desktop\light-VAD\results\difficulty_adaptive_context\ae_mechanism\ae4_replication_training\seed89\stage_b\last.pt,69898C8E0F8EE401891E8244BDC68FB9C4DF1A6E79877154CB92292F68E494AB,C:\Users\20547\Desktop\light-VAD\results\difficulty_adaptive_context\ae_mechanism\ae4_replication_training\seed89\stage_b.log
89,refiner,C:\Users\20547\Desktop\light-VAD\.venv\Scripts\python.exe -m reproductions.difficulty_adaptive_context.train_adaptive --train-manifest C:\Users\20547\Desktop\light-VAD\data\librivad\manifests\LibriSpeech_train_medium.tsv --val-manifest C:\Users\20547\Desktop\light-VAD\data\librivad\manifests\LibriSpeech_val_medium.tsv --data-root C:\Users\20547\Desktop\light-VAD\data\librivad --short-checkpoint C:\Users\20547\Desktop\light-VAD\results\difficulty_adaptive_context\ae_mechanism\ae4_replication_training\seed89\stage_b\last.pt --long-checkpoint C:\Users\20547\Desktop\light-VAD\results\difficulty_adaptive_context\formal_long_ext40\best.pt --results-dir C:\Users\20547\Desktop\light-VAD\results\difficulty_adaptive_context\ae_mechanism\ae4_replication_training\seed89\refiner --train-rows 8640 --val-rows 432 --context-seconds 4.0 --target-seconds 4.0 --batch-size 128 --num-workers 0 --epochs 20 --seed 89 --rf-span 384 --training-threshold 0.13 --activation-threshold 0.13 --label-weight 2.0 --distill-weight 0.25 --max-lr 0.001 --min-lr 0.0001 --weight-decay 0.0001 --max-residual 2.0,C:\Users\20547\Desktop\light-VAD\results\difficulty_adaptive_context\ae_mechanism\ae4_replication_training\seed89\refiner\best.pt,1D6ED0A243A39681BD1B40A4352899A3A75E3174E66613DE78617D6B58D1D7BD,C:\Users\20547\Desktop\light-VAD\results\difficulty_adaptive_context\ae_mechanism\ae4_replication_training\seed89\refiner.log
97,stage_a,C:\Users\20547\Desktop\light-VAD\.venv\Scripts\python.exe -m reproductions.difficulty_adaptive_context.train_context --train-manifest C:\Users\20547\Desktop\light-VAD\data\librivad\manifests\LibriSpeech_train_medium.tsv --val-manifest C:\Users\20547\Desktop\light-VAD\data\librivad\manifests\LibriSpeech_val_medium.tsv --data-root C:\Users\20547\Desktop\light-VAD\data\librivad --results-dir C:\Users\20547\Desktop\light-VAD\results\difficulty_adaptive_context\ae_mechanism\ae4_replication_training\seed97\stage_a --rf-profile short --train-rows 8640 --val-rows 432 --context-seconds 4.0 --target-seconds 4.0 --batch-size 128 --num-workers 0 --epochs 30 --seed 97 --max-lr 0.01 --min-lr 0.001 --warmup-ratio 0.03 --hold-ratio 0.25 --decay-power 2.0 --momentum 0.9 --weight-decay 0.001,C:\Users\20547\Desktop\light-VAD\results\difficulty_adaptive_context\ae_mechanism\ae4_replication_training\seed97\stage_a\last.pt,ACFB1DCF9CB74B4261ED513D57F0B36F9474751851D8CBEC8E8C97FBECD6707E,C:\Users\20547\Desktop\light-VAD\results\difficulty_adaptive_context\ae_mechanism\ae4_replication_training\seed97\stage_a.log
97,stage_b,C:\Users\20547\Desktop\light-VAD\.venv\Scripts\python.exe -m reproductions.difficulty_adaptive_context.train_context --train-manifest C:\Users\20547\Desktop\light-VAD\data\librivad\manifests\LibriSpeech_train_medium.tsv --val-manifest C:\Users\20547\Desktop\light-VAD\data\librivad\manifests\LibriSpeech_val_medium.tsv --data-root C:\Users\20547\Desktop\light-VAD\data\librivad --results-dir C:\Users\20547\Desktop\light-VAD\results\difficulty_adaptive_context\ae_mechanism\ae4_replication_training\seed97\stage_b --rf-profile short --train-rows 8640 --val-rows 432 --context-seconds 4.0 --target-seconds 4.0 --batch-size 128 --num-workers 0 --epochs 40 --seed 97 --max-lr 0.001 --min-lr 0.001 --warmup-ratio 0.0 --hold-ratio 0.0 --decay-power 2.0 --momentum 0.9 --weight-decay 0.001 --resume C:\Users\20547\Desktop\light-VAD\results\difficulty_adaptive_context\ae_mechanism\ae4_replication_training\seed97\stage_a\last.pt,C:\Users\20547\Desktop\light-VAD\results\difficulty_adaptive_context\ae_mechanism\ae4_replication_training\seed97\stage_b\last.pt,2B86775ACFDF3FA7398516D2C9522DB42EA0C302A8C0BF6F787FEF1CE08B91E4,C:\Users\20547\Desktop\light-VAD\results\difficulty_adaptive_context\ae_mechanism\ae4_replication_training\seed97\stage_b.log
97,refiner,C:\Users\20547\Desktop\light-VAD\.venv\Scripts\python.exe -m reproductions.difficulty_adaptive_context.train_adaptive --train-manifest C:\Users\20547\Desktop\light-VAD\data\librivad\manifests\LibriSpeech_train_medium.tsv --val-manifest C:\Users\20547\Desktop\light-VAD\data\librivad\manifests\LibriSpeech_val_medium.tsv --data-root C:\Users\20547\Desktop\light-VAD\data\librivad --short-checkpoint C:\Users\20547\Desktop\light-VAD\results\difficulty_adaptive_context\ae_mechanism\ae4_replication_training\seed97\stage_b\last.pt --long-checkpoint C:\Users\20547\Desktop\light-VAD\results\difficulty_adaptive_context\formal_long_ext40\best.pt --results-dir C:\Users\20547\Desktop\light-VAD\results\difficulty_adaptive_context\ae_mechanism\ae4_replication_training\seed97\refiner --train-rows 8640 --val-rows 432 --context-seconds 4.0 --target-seconds 4.0 --batch-size 128 --num-workers 0 --epochs 20 --seed 97 --rf-span 384 --training-threshold 0.13 --activation-threshold 0.13 --label-weight 2.0 --distill-weight 0.25 --max-lr 0.001 --min-lr 0.0001 --weight-decay 0.0001 --max-residual 2.0,C:\Users\20547\Desktop\light-VAD\results\difficulty_adaptive_context\ae_mechanism\ae4_replication_training\seed97\refiner\best.pt,8FD17F70C796B4361F04BE3E48A94916C3A8613408098D50BB979AF8EA76180C,C:\Users\20547\Desktop\light-VAD\results\difficulty_adaptive_context\ae_mechanism\ae4_replication_training\seed97\refiner.log
