group,domain,snr_db,classification,classification_reason,availability_net,observability_auroc,gate_utility,activation_rate,refinable_rate,refinement_harm_rate,rf384_irreducible_rate,mean_stable_sufficient_span,stable_sufficient_long_rate,non_monotone_rate,uncertainty_persistence_availability_net,checkpoint_value_agreement,replication_value_agreement,checkpoint_availability_net,replication_availability_net
all,,,OBSERVABILITY_LIMITED,availability is positive but observability AUROC <= 0.5,2.3291240610408904e-05,0.032192965635270805,0.0011754643133593601,0.06705300392581294,0.013345625209520616,0.008028830036875628,0.08074756956084479,69.224047177908,0.01378723529650107,0.1280818013396038,,0.9761666107945022,0.9708270197787463,0.005084646329198793,0.00409922896413007
seen/-5,seen,-5,OBSERVABILITY_LIMITED,availability is positive but observability AUROC <= 0.5,0.002033771307768471,0.04402999580582345,0.002649254729856298,0.09763886287207757,0.010069977811913296,0.011094043352107869,0.09930022188086704,69.69405467405849,0.01479640604090996,0.08770287141073659,,0.9761666107945022,0.9708270197787463,5.9737156511350024e-05,0.0021846731524150878
seen/0,seen,0,VALUE_SCARCITY,availability_net <= 0,-0.001761709795106461,0.03636123781847607,-0.0002007011158982044,0.08271561989884664,0.013234625087886183,0.010256834443111791,0.08945779395343066,70.34032976622423,0.017912092959169613,0.10350382601691502,,0.9761666107945022,0.9708270197787463,0.002884734687125191,0.0011249431324703255
seen/5,seen,5,VALUE_SCARCITY,availability_net <= 0,-0.0055081306252062765,0.034611498575829194,-0.0028677959449454537,0.07522723826344474,0.01170609006917235,0.008465147777294055,0.07478353407826634,69.11581280008441,0.01435129003324012,0.116331096196868,,0.9761666107945022,0.9708270197787463,0.0016809364872055338,0.0014898660088037536
seen/10,seen,10,VALUE_SCARCITY,availability_net <= 0,-0.005971973204171015,0.026809855367358387,-0.0031041772592255612,0.05930494973552053,0.009870711841826384,0.006570381808823084,0.06340267054228359,68.22301150249275,0.012056437159894426,0.12768595041322314,,0.9761666107945022,0.9708270197787463,0.0034290126260332456,0.0015623580706694523
seen/15,seen,15,VALUE_SCARCITY,availability_net <= 0,-0.003826701276459097,0.01956688159074083,-0.0020649914813526365,0.04596947559028428,0.006281362950486016,0.004561883707056884,0.05249675404428537,67.42848633757724,0.009009009009009009,0.11582089552238806,,0.9761666107945022,0.9708270197787463,0.001254518019440643,0.0007790293715127909
seen/20,seen,20,VALUE_SCARCITY,availability_net <= 0,-0.0034877393918310187,0.01604252422907761,-0.001824150142274791,0.039627320327901026,0.005016722408026756,0.004041248606465998,0.05048076923076923,66.6890756302521,0.007076514816452897,0.10483364720652856,,0.9761666107945022,0.9708270197787463,0.0011496655518394648,0.0013377926421404682
unseen/-5,unseen,-5,OBSERVABILITY_LIMITED,availability is positive but observability AUROC <= 0.5,0.017099735074527014,0.04905689797974999,0.013469274889168385,0.09426708412498773,0.04411001556824079,0.01718993253762325,0.1868837571354437,76.84557423201126,0.032872402086610915,0.13451277730974445,,0.9761666107945022,0.9708270197787463,0.030633757135443695,0.029255319148936178
unseen/0,unseen,0,OBSERVABILITY_LIMITED,availability is positive but observability AUROC <= 0.5,0.011569304325332048,0.047840400720391384,0.010668379316188997,0.0921084321228826,0.026332288401253918,0.008359456635318705,0.12741205154998259,70.86996828494755,0.0171586565829064,0.14046216583597643,,0.9761666107945022,0.9708270197787463,0.017746429815395332,0.01128526645768025
unseen/5,unseen,5,OBSERVABILITY_LIMITED,availability is positive but observability AUROC <= 0.5,0.004781146583175002,0.04060522576666762,0.0053877099556673535,0.0773992703399431,0.04439047426296971,0.009444781758078662,0.15233083721244012,72.67072969856696,0.02067204743864273,0.19375857338820301,,0.9761666107945022,0.9708270197787463,0.03174121297982865,0.02010389259933887
unseen/10,unseen,10,OBSERVABILITY_LIMITED,availability is positive but observability AUROC <= 0.5,0.003933741871604806,0.026923761468576585,0.004290543855423836,0.05383249930869616,0.0067282115474886555,0.004381161007667032,0.06712564543889846,68.59828772872251,0.011918751049185832,0.15254237288135594,,0.9761666107945022,0.9708270197787463,0.0023861680488186515,0.002065404475043029
unseen/15,unseen,15,OBSERVABILITY_LIMITED,availability is positive but observability AUROC <= 0.5,0.0008117245131882933,0.020350124796490177,0.0019178106630272863,0.04500165020917516,0.007192906306194581,0.005146648477708191,0.07868791467724934,67.7162409377329,0.010908598143505657,0.08231046931407943,,0.9761666107945022,0.9708270197787463,0.0006510820363365785,0.001550195324610901
unseen/20,unseen,20,VALUE_SCARCITY,availability_net <= 0,-0.0007314440668290115,0.017713051302495664,0.00024976138867332105,0.04337820118279857,0.006719541749283983,0.0040757876184181535,0.05805243445692884,66.58950835097625,0.007410021171489062,0.0663265306122449,,0.9761666107945022,0.9708270197787463,0.0023683630755673055,0.0016523463317911435
