activation_rate,activation_rate_ci95_high,activation_rate_ci95_low,actual_ssr,analytical_macs_per_frame,bootstrap_repeats,cache_bytes,cluster_count,condition,correction,correction_rate_selected,domain,estimated_ms_per_frame,estimated_relative_to_always_refine,f1,far,frames,frames_per_stratum,gate,gate_setting,gated_error,gated_error_rate,harm,harm_rate_selected,is_major_development_cell,long_error,long_error_rate,miss_rate,net_utility_per_frame,net_utility_per_frame_ci95_high,net_utility_per_frame_ci95_low,net_utility_per_selected,net_utility_per_selected_ci95_high,net_utility_per_selected_ci95_low,precision,recall,section,selected,short_error,short_error_rate,signed_utility,strata,target_ssr
0.12777777777777777,0.14650922731583166,0.11092813293107186,0.1,87674,1000,230912,94,all_noisy,208,0.22608695652173913,all,2.323277761498041,0.7361783972341062,0.407942238267148,0.2972222222222222,7200,160,raw,0.13,1968,0.2733333333333333,71,0.07717391304347826,True,1963,0.2726388888888889,0.058333333333333334,0.01902777777777778,0.0291095119656202,0.009978993380803004,0.14891304347826087,0.20956131348299037,0.08580738924086563,0.26036866359447003,0.9416666666666667,ssr_sweep,920,2105,0.2923611111111111,137,45,0.1
0.14041666666666666,0.162662010789152,0.12045636190470708,0.1,87717,1000,230912,94,all_noisy,209,0.20672601384767555,all,2.3321008939980414,0.7389741884434389,0.4074743821579264,0.29660493827160495,7200,160,source_rank,0.05,1966,0.27305555555555555,70,0.06923837784371908,True,1963,0.2726388888888889,0.06111111111111111,0.019305555555555555,0.029908913281835932,0.00999617526202378,0.13748763600395647,0.1971020901322837,0.07812355157226487,0.2602001539645881,0.9388888888888889,ssr_sweep,1011,2105,0.2923611111111111,139,45,0.1
0.0973611111111111,0.10933506390236859,0.08644768302750157,0.3,87568,1000,230912,95,all_noisy,172,0.24536376604850213,all,2.3020440689980415,0.7294500645435146,0.7190375088464261,0.2896825396825397,7200,160,raw,0.13,1588,0.22055555555555556,71,0.10128388017118402,True,1604,0.22277777777777777,0.05925925925925926,0.014027777777777778,0.021288525250735685,0.006731579339300702,0.14407988587731813,0.21352760736196316,0.07281628868051516,0.581901489117984,0.9407407407407408,ssr_sweep,701,1689,0.23458333333333334,101,45,0.3
0.1075,0.12129545899393228,0.09355371871590203,0.3,87604,1000,230912,95,all_noisy,170,0.21963824289405684,all,2.3091219664980414,0.7316928421070451,0.7191368942341705,0.2898809523809524,7200,160,source_rank,0.05,1588,0.22055555555555556,69,0.08914728682170543,True,1604,0.22277777777777777,0.0587962962962963,0.014027777777777778,0.02050651967828536,0.007598767821993734,0.13049095607235142,0.17717104539958226,0.07765599503828348,0.5818546078992559,0.9412037037037037,ssr_sweep,774,1689,0.23458333333333334,101,45,0.3
0.08930555555555555,0.09977235991482938,0.07859007199134162,0.5,87541,1000,230912,93,all_noisy,158,0.24572317262830481,all,2.2964205339980412,0.727668131684819,0.8396681936362511,0.3016666666666667,7200,160,raw,0.13,1295,0.1798611111111111,60,0.09331259720062209,True,1296,0.18,0.058055555555555555,0.01361111111111111,0.01839648121148198,0.008389188922701827,0.15241057542768274,0.19634361217475968,0.1008094614503192,0.7574268483359392,0.9419444444444445,ssr_sweep,643,1393,0.1934722222222222,98,45,0.5
0.09444444444444444,0.10573292643157085,0.08433126246838724,0.5,87558,1000,230912,93,all_noisy,150,0.22058823529411764,all,2.300007961498041,0.7288048819567454,0.8399405351833498,0.3005555555555556,7200,160,source_rank,0.05,1292,0.17944444444444443,49,0.07205882352941176,True,1296,0.18,0.058333333333333334,0.014027777777777778,0.01941769145049234,0.009059420023204676,0.14852941176470588,0.19584670947030494,0.10169427226665982,0.7580500894454383,0.9416666666666667,ssr_sweep,680,1393,0.1934722222222222,101,45,0.5
0.06666666666666667,0.07664505635580313,0.057765590913341096,0.7,87462,1000,230912,94,all_noisy,103,0.21458333333333332,all,2.2806164614980413,0.7226602858922783,0.9076128538638103,0.3106481481481482,7200,160,raw,0.13,966,0.13416666666666666,48,0.1,True,964,0.1338888888888889,0.05853174603174603,0.007638888888888889,0.011515164301662498,0.003952220240181787,0.11458333333333333,0.16931243280844874,0.063310250713042,0.8761078286558346,0.941468253968254,ssr_sweep,480,1021,0.14180555555555555,55,45,0.7
0.06777777777777778,0.074991606641038,0.06049456450324968,0.7,87466,1000,230912,94,all_noisy,95,0.19467213114754098,all,2.2813921214980413,0.7229060697348569,0.9070190558268697,0.3087962962962963,7200,160,source_rank,0.05,971,0.1348611111111111,45,0.09221311475409837,True,964,0.1338888888888889,0.06031746031746032,0.006944444444444444,0.010611379928230111,0.0032766820650726876,0.10245901639344263,0.15264876932829854,0.05020542682768021,0.8765500647788266,0.9396825396825397,ssr_sweep,488,1021,0.14180555555555555,50,45,0.7
0.04736111111111111,0.05578052062744438,0.039032400973808695,0.9,87396,1000,230912,92,all_noisy,91,0.2668621700879765,all,2.2671393689980412,0.7183897916274735,0.9562845788202291,0.3013888888888889,7200,160,raw,0.13,561,0.07791666666666666,33,0.0967741935483871,True,553,0.07680555555555556,0.05308641975308642,0.008055555555555555,0.012207645969725926,0.004431140128112499,0.17008797653958943,0.24234871748922754,0.10076258902123905,0.965842908861955,0.9469135802469136,ssr_sweep,341,619,0.08597222222222223,58,45,0.9
0.04388888888888889,0.048530516969312563,0.03952958797601817,0.9,87384,1000,230912,92,all_noisy,79,0.25,all,2.264715431498041,0.717621717119415,0.955619686451915,0.2986111111111111,7200,160,source_rank,0.05,569,0.07902777777777778,29,0.09177215189873418,True,553,0.07680555555555556,0.05462962962962963,0.006944444444444444,0.010285404222633233,0.004003131608476112,0.15822784810126583,0.2305084745762712,0.09198501522621245,0.9660936760763287,0.9453703703703704,ssr_sweep,316,619,0.08597222222222223,50,45,0.9
0.14208333333333334,0.16373504130566394,0.12135513020651305,0.1,87723,1000,230912,90,all_noisy,174,0.25513196480938416,seen,2.333264383998041,0.7393428642073068,0.40547703180212014,0.30671296296296297,4800,160,raw,0.13,1346,0.28041666666666665,37,0.054252199413489736,True,1316,0.27416666666666667,0.04375,0.028541666666666667,0.03836281290243139,0.018765328063119136,0.20087976539589442,0.25315480278649916,0.14432062120690112,0.25728699551569506,0.95625,ssr_sweep,682,1483,0.30895833333333333,137,30,0.1
0.150625,0.17213917780436958,0.12609843813746416,0.1,87753,1000,230912,90,all_noisy,178,0.24619640387275243,seen,2.3392272702480414,0.7412323274971305,0.40725984949092525,0.3053240740740741,4800,160,source_rank,0.05,1339,0.2789583333333333,34,0.04702627939142462,True,1316,0.27416666666666667,0.041666666666666664,0.03,0.040045011328977254,0.019553770126161538,0.1991701244813278,0.2490512640917884,0.14513045896406637,0.25857223159078135,0.9583333333333334,ssr_sweep,723,1483,0.30895833333333333,144,30,0.1
0.12041666666666667,0.13902331691805783,0.10252419051060517,0.3,87648,1000,230912,90,all_noisy,150,0.25951557093425603,seen,2.3181390139980413,0.7345500792770224,0.7222367389600208,0.29910714285714285,4800,160,raw,0.13,1063,0.22145833333333334,38,0.0657439446366782,True,1039,0.21645833333333334,0.04027777777777778,0.023333333333333334,0.031979973587544654,0.01515462454475294,0.19377162629757785,0.24494425572685308,0.13272507611697232,0.578969417679095,0.9597222222222223,ssr_sweep,578,1175,0.24479166666666666,112,30,0.3
0.13,0.147961412571157,0.1106140946195366,0.3,87681,1000,230912,90,all_noisy,157,0.2516025641025641,seen,2.3248290814980415,0.7366699649192636,0.7237048665620094,0.29732142857142857,4800,160,source_rank,0.05,1056,0.22,38,0.060897435897435896,True,1039,0.21645833333333334,0.03958333333333333,0.024791666666666667,0.03346833902521733,0.01651144865543194,0.1907051282051282,0.23812710911136103,0.13729787555626033,0.5806045340050378,0.9604166666666667,ssr_sweep,624,1175,0.24479166666666666,119,30,0.3
0.08875,0.10355136042158827,0.07424715483633428,0.5,87539,1000,230912,90,all_noisy,115,0.2699530516431925,seen,2.2960327039980415,0.7275452397635298,0.8440939104915628,0.3129166666666667,4800,160,raw,0.13,850,0.17708333333333334,36,0.08450704225352113,True,835,0.17395833333333333,0.04125,0.016458333333333332,0.0232975448416232,0.009985401590839063,0.18544600938967137,0.25167446267445726,0.11924860948627959,0.7539318479685452,0.95875,ssr_sweep,426,929,0.19354166666666667,79,30,0.5
0.09479166666666666,0.108694359541078,0.08059216462138144,0.5,87560,1000,230912,90,all_noisy,119,0.26153846153846155,seen,2.3002503552480413,0.7288816894075514,0.8447136563876652,0.31125,4800,160,source_rank,0.05,846,0.17625,36,0.07912087912087912,True,835,0.17395833333333333,0.04125,0.017291666666666667,0.023211029379843564,0.011119978775022089,0.1824175824175824,0.23953101456554493,0.12336812402257429,0.7549212598425197,0.95875,ssr_sweep,455,929,0.19354166666666667,83,30,0.5
0.06645833333333333,0.07603944632858559,0.056960755427686686,0.7,87462,1000,230912,89,all_noisy,77,0.2413793103448276,seen,2.2804710252480414,0.7226142014217948,0.9180094110936832,0.3013888888888889,4800,160,raw,0.13,575,0.11979166666666667,41,0.12852664576802508,True,566,0.11791666666666667,0.04196428571428571,0.0075,0.012676302786095401,0.0028289383673307596,0.11285266457680251,0.18773334567558395,0.043288039121372454,0.8811935395565289,0.9580357142857143,ssr_sweep,319,611,0.12729166666666666,36,30,0.7
0.0675,0.075947440402989,0.05862037387899457,0.7,87465,1000,230912,89,all_noisy,74,0.22839506172839505,seen,2.281198206498041,0.7228446237742122,0.9181403308613804,0.30069444444444443,4800,160,source_rank,0.05,574,0.11958333333333333,37,0.11419753086419752,True,566,0.11791666666666667,0.04196428571428571,0.0077083333333333335,0.012383679723166079,0.0031039546536643266,0.11419753086419752,0.182118745484104,0.04814161784114121,0.8814348302300109,0.9580357142857143,ssr_sweep,324,611,0.12729166666666666,37,30,0.7
0.036041666666666666,0.045293929103553704,0.02795158045102553,0.9,87357,1000,230912,87,all_noisy,29,0.1676300578034682,seen,2.2592373327480413,0.7158858687312031,0.9609784507862551,0.2916666666666667,4800,160,raw,0.13,335,0.06979166666666667,31,0.1791907514450867,True,334,0.06958333333333333,0.04513888888888889,-0.0004166666666666667,0.002335725597518377,-0.0031324453890149233,-0.011560693641618497,0.06930014430014426,-0.0843812335434453,0.9671746776084408,0.9548611111111112,ssr_sweep,173,333,0.069375,-2,30,0.9
0.035416666666666666,0.04220931178553323,0.028168428669273767,0.9,87354,1000,230912,87,all_noisy,31,0.18235294117647058,seen,2.2588010239980414,0.7157476153197526,0.9618160651920837,0.28958333333333336,4800,160,source_rank,0.05,328,0.06833333333333333,26,0.15294117647058825,True,334,0.06958333333333333,0.04375,0.0010416666666666667,0.0036983427753073915,-0.0015383365456430557,0.029411764705882353,0.10959497980837753,-0.04460036983768235,0.9674473067915691,0.95625,ssr_sweep,170,333,0.069375,5,30,0.9
0.08875,0.10475458631272712,0.06881823273011889,0.1,87539,1000,230912,57,all_noisy,38,0.1784037558685446,unseen,2.2960327039980415,0.7275452397635298,0.42186001917545535,0.26990740740740743,2400,160,raw,0.13,603,0.25125,31,0.14553990610328638,True,636,0.265,0.08333333333333333,0.002916666666666667,0.01261388910698769,-0.006946163366336633,0.03286384976525822,0.13814073050951503,-0.08254449838187702,0.273972602739726,0.9166666666666666,ssr_sweep,213,610,0.25416666666666665,7,15,0.1
0.10666666666666667,0.13758214652884593,0.07480230951414447,0.1,87601,1000,230912,57,all_noisy,38,0.1484375,unseen,2.3085402214980415,0.7315085042251112,0.42034548944337813,0.26990740740740743,2400,160,source_rank,0.05,604,0.25166666666666665,32,0.125,True,636,0.265,0.0875,0.0025,0.011591999396276663,-0.006512521190096739,0.0234375,0.10050793536025451,-0.0731973586111407,0.2730673316708229,0.9125,ssr_sweep,256,610,0.25416666666666665,6,15,0.1
0.08583333333333333,0.10045772602387158,0.07149408681628813,0.3,87529,1000,230912,56,all_noisy,36,0.17475728155339806,unseen,2.293996596498041,0.7269000571767605,0.7132714363735664,0.2726190476190476,2400,160,raw,0.13,525,0.21875,23,0.11165048543689321,True,545,0.22708333333333333,0.09305555555555556,0.005416666666666667,0.014489781606644448,-0.004702931049523037,0.06310679611650485,0.16668410041841003,-0.05466757741347905,0.5877587758775877,0.9069444444444444,ssr_sweep,206,538,0.22416666666666665,13,15,0.3
0.09625,0.11746131456623818,0.07340829700811966,0.3,87565,1000,230912,56,all_noisy,35,0.15151515151515152,unseen,2.301268408998041,0.7292042807009358,0.713347921225383,0.2714285714285714,2400,160,source_rank,0.05,524,0.21833333333333332,21,0.09090909090909091,True,545,0.22708333333333333,0.09444444444444444,0.005833333333333334,0.01386626306753771,-0.003963856655758616,0.06060606060606061,0.1383972804890903,-0.04519504876219054,0.5884476534296029,0.9055555555555556,ssr_sweep,231,538,0.22416666666666665,14,15,0.3
0.07833333333333334,0.09196264895236336,0.06548120707673932,0.5,87503,1000,230912,57,all_noisy,35,0.18617021276595744,unseen,2.2887608914980415,0.7252410162393546,0.8195345288057992,0.2891666666666667,2400,160,raw,0.13,473,0.19708333333333333,20,0.10638297872340426,True,481,0.20041666666666666,0.105,0.00625,0.014680355806556649,-0.0009500224633051957,0.0797872340425532,0.18224772669866127,-0.014018043025676611,0.7558057705840957,0.895,ssr_sweep,188,488,0.20333333333333334,15,15,0.5
0.08708333333333333,0.1030241313185045,0.07094541641955435,0.5,87533,1000,230912,57,all_noisy,30,0.14354066985645933,unseen,2.2948692139980413,0.7271765639996617,0.8173113749521256,0.2866666666666667,2400,160,source_rank,0.05,477,0.19875,19,0.09090909090909091,True,481,0.20041666666666666,0.11083333333333334,0.004583333333333333,0.011457935038258553,-0.0020403432038715967,0.05263157894736842,0.13011216071701381,-0.024115093916036816,0.7562012756909993,0.8891666666666667,ssr_sweep,209,488,0.20333333333333334,11,15,0.5
0.06208333333333333,0.07885475634894891,0.04717300523022513,0.7,87447,1000,230912,56,all_noisy,39,0.26174496644295303,unseen,2.277416863998041,0.7216464275416411,0.8985932004689331,0.2763888888888889,2400,160,raw,0.13,346,0.14416666666666667,12,0.08053691275167785,True,344,0.14333333333333334,0.0875,0.01125,0.01876688453159041,0.004914501768435659,0.18120805369127516,0.2624215766503,0.09148278560250392,0.8851039260969977,0.9125,ssr_sweep,149,373,0.15541666666666668,27,15,0.7
0.065,0.077378687524744,0.0534474914988195,0.7,87457,1000,230912,56,all_noisy,34,0.21794871794871795,unseen,2.279452971498041,0.7222916101284101,0.8970976253298153,0.2791666666666667,2400,160,source_rank,0.05,351,0.14625,12,0.07692307692307693,True,344,0.14333333333333334,0.08928571428571429,0.009166666666666667,0.016394565461486637,0.002258224469214275,0.14102564102564102,0.24641208156983452,0.03626630875834946,0.8838821490467937,0.9107142857142857,ssr_sweep,156,373,0.15541666666666668,22,15,0.7
0.0525,0.0709553018214974,0.03735406237552898,0.9,87413,1000,230912,54,all_noisy,28,0.2222222222222222,unseen,2.270726796498041,0.7195265418993999,0.928912213740458,0.3541666666666667,2400,160,raw,0.13,298,0.12416666666666666,7,0.05555555555555555,True,286,0.11916666666666667,0.09861111111111111,0.00875,0.015591070434298441,0.0033769447491772218,0.16666666666666666,0.27835051546391754,0.061068702290076333,0.9581692913385826,0.9013888888888889,ssr_sweep,126,319,0.13291666666666666,21,15,0.9
0.0525,0.06446250707673008,0.04022983479967654,0.9,87413,1000,230912,54,all_noisy,21,0.16666666666666666,unseen,2.270726796498041,0.7195265418993999,0.9270858235715993,0.35,2400,160,source_rank,0.05,305,0.12708333333333333,7,0.05555555555555555,True,286,0.11916666666666667,0.10231481481481482,0.005833333333333334,0.010965514748409485,0.0016025277261006096,0.1111111111111111,0.2019382911392405,0.031727574750830566,0.9584775086505191,0.8976851851851851,ssr_sweep,126,319,0.13291666666666666,14,15,0.9
0.05021119678176333,0.05698603958999092,0.04378637628874261,0.8429936305732484,87406,1000,230912,96,overall,3094,0.20656963546534918,all,2.2691289967042096,0.7190202461345038,0.9463690131184429,0.23937226433223016,298300,,raw,0.13,26741,0.08964465303385853,1767,0.11797302710642275,False,26482,0.08877639959772042,0.06175809754836657,0.004448541736506872,0.0067512419839911774,0.002346671964583871,0.08859660835892642,0.12261652526518226,0.05096418310025359,0.9546381491102425,0.9382419024516334,acoustic_cell,14978,28068,0.0940931947703654,1327,,
0.05000670465973852,0.05002617546922804,0.049987352928223844,0.8429936305732484,87405,1000,230912,96,overall,2762,0.18515787356707114,all,2.2689862419807767,0.7189750113609282,0.9458455931053584,0.2380057649193979,298300,,source_rank,0.05,26982,0.09045256453234998,1676,0.11235503117248777,False,26482,0.08877639959772042,0.06297098999860816,0.003640630238015421,0.005241846774616565,0.002174062888367635,0.07280284239458336,0.10483038708167475,0.04345974559288442,0.9548296640286574,0.9370290100013918,acoustic_cell,14917,28068,0.0940931947703654,1086,,
0.02922026361759568,0.03450426129751523,0.02469399393867806,0.840691334497909,87333,1000,230912,47,20,170,0.1539855072463768,all,2.254475352207903,0.7143769371433423,0.9660485021398003,0.14171789333776375,37782,,raw,0.13,2142,0.05669366364935684,131,0.11865942028985507,True,2129,0.05634958445820761,0.04058180902307717,0.0010322375734476735,0.0027216308140845767,-0.0003894807637689257,0.035326086956521736,0.09055093639597914,-0.013616429717954596,0.97277109202924,0.9594181909769228,acoustic_cell,1104,2181,0.05772590122280451,39,,
0.03154941506537504,0.035688515244385315,0.02759308866139363,0.840691334497909,87341,1000,230912,47,20,176,0.1476510067114094,all,2.2561013188586894,0.7148921581568469,0.966149260357375,0.13955806612394087,37782,,source_rank,0.05,2135,0.05650839023873802,130,0.10906040268456375,True,2129,0.05634958445820761,0.04077070805654378,0.0012175109840664867,0.002831389106964323,-0.0002435944714573365,0.03859060402684564,0.08906705878146454,-0.00831770110922553,0.9731697968570333,0.9592292919434562,acoustic_cell,1192,2181,0.05772590122280451,46,,
0.04485260540869653,0.05394823179142723,0.03713144535280516,0.843827692932163,87387,1000,230912,52,10,315,0.17816742081447964,all,2.26538819621822,0.7178348964738706,0.958376581374009,0.22092267706302793,39418,,raw,0.13,2767,0.07019635699426657,190,0.1074660633484163,True,2768,0.07022172611497285,0.04230052311947568,0.00317114008828454,0.004947497382184363,0.0015509324350987802,0.07070135746606335,0.10167530544242873,0.03670358224468219,0.9590546439861508,0.9576994768805244,acoustic_cell,1768,2892,0.07336749708255112,125,,
0.050078644274189454,0.057556883127935096,0.0434361099503988,0.843827692932163,87405,1000,230912,52,10,308,0.15602836879432624,all,2.2690364625939874,0.7189909247963143,0.9582681429774943,0.22108512020792723,39418,,source_rank,0.05,2774,0.07037394083921052,190,0.09625126646403243,True,2768,0.07022172611497285,0.042480909145571524,0.002993556243340606,0.004777587928279138,0.0013301656714531187,0.05977710233029382,0.08635679303464537,0.029329561819591732,0.9590183679614573,0.9575190908544284,acoustic_cell,1974,2892,0.07336749708255112,118,,
0.06378183457290962,0.09046149903650429,0.04123484612389215,0.8481800766283525,87452,1000,230912,53,5,665,0.29372791519434627,all,2.278602577522382,0.7220221452868001,0.9282784463987307,0.3041380590090926,35496,,raw,0.13,4249,0.11970362857786793,210,0.09275618374558305,True,4119,0.11604124408384044,0.08669080280333477,0.012818345729096237,0.026286216465368113,0.0025317179972020065,0.20097173144876326,0.2947901644931466,0.05878548616652251,0.9437465678198792,0.9133091971966653,acoustic_cell,2264,4704,0.13252197430696416,455,,
0.05654158215010142,0.06634225153271861,0.046841438800637805,0.8481800766283525,87427,1000,230912,53,5,487,0.24265072247135028,all,2.273548200747534,0.7204205619312544,0.9250813228517213,0.299870105771015,35496,,source_rank,0.05,4422,0.12457741717376605,205,0.10214250124564025,True,4119,0.11604124408384044,0.0932009167303285,0.007944557133198107,0.014556015463077429,0.0021486069911356774,0.14050822122571002,0.23034793205446844,0.042171623244287956,0.9441159179721271,0.9067990832696715,acoustic_cell,2007,4704,0.13252197430696416,282,,
0.06197124617221155,0.08378488897377735,0.04491990675176696,0.84416359578554,87446,1000,230912,47,0,514,0.2152428810720268,all,2.277338616623385,0.7216216332497933,0.9314724311736859,0.39034138218151543,38534,,raw,0.13,4473,0.11607930658639123,297,0.12437185929648241,True,4360,0.11314683136969948,0.06544929140151864,0.0056313904603726575,0.011638353810367435,0.0009683796212703907,0.09087102177554439,0.1519764496287761,0.019330571648619444,0.9284143659907158,0.9345507085984813,acoustic_cell,2388,4690,0.12171069704676389,217,,
0.05823428660403799,0.07491771222701915,0.0444263663974365,0.84416359578554,87433,1000,230912,47,0,446,0.19875222816399288,all,2.2747298675706005,0.720794997395789,0.9308991691958675,0.39034138218151543,38534,,source_rank,0.05,4508,0.11698759537032231,264,0.11764705882352941,True,4360,0.11314683136969948,0.0665252543883919,0.004723101676441584,0.009623751171089448,0.0011399464274107073,0.08110516934046345,0.1349254338933238,0.021889541136715308,0.9283377663639977,0.9334747456116081,acoustic_cell,2244,4690,0.12171069704676389,182,,
0.07282324260249155,0.09909336344240603,0.05012883392477342,0.8447138288117019,87484,1000,230912,46,-5,713,0.21898034398034397,all,2.284914330219385,0.7240221540938493,0.9133002407952971,0.37779058044073166,44711,,raw,0.13,6445,0.144147972534723,393,0.1207002457002457,True,6380,0.1426941915859632,0.10119678034314764,0.00715707544004831,0.01585378701191971,-0.0002575854598113279,0.09828009828009827,0.19404018883415428,-0.0038310730106162942,0.9282725806010556,0.8988032196568524,acoustic_cell,3256,6765,0.15130504797477132,320,,
0.06602402093444566,0.08094293043311059,0.05232695445287035,0.8447138288117019,87460,1000,230912,46,-5,637,0.21578590785907859,all,2.2801678343682523,0.7225181291485444,0.912743725088872,0.37505401123433674,44711,,source_rank,0.05,6480,0.14493077766097828,352,0.11924119241192412,True,6380,0.1426941915859632,0.10262656216903199,0.006374270313793027,0.013028666724711173,0.0011988643730330535,0.09654471544715447,0.1869045128664045,0.02062476537298057,0.9286497150372643,0.897373437830968,acoustic_cell,2952,6765,0.15130504797477132,285,,
0.044797622799513756,0.050002521115193606,0.040332190190494076,0.8435910134617982,87387,1000,230912,96,overall,1723,0.17316582914572864,seen,2.265349813188645,0.7178227340206065,0.9556244158111955,0.2189119170984456,222110,,raw,0.13,16569,0.07459817207689884,1353,0.13597989949748743,False,16616,0.07480977893836388,0.047841169877781926,0.0016658412498311648,0.0029531687722947502,0.00032313867270483215,0.0371859296482412,0.06489431762906551,0.007686513323643815,0.959115321136922,0.952158830122218,acoustic_cell,9950,16939,0.07626401332673,370,,
0.04786817342758093,0.05068286342014883,0.044678074790282525,0.8435910134617982,87397,1000,230912,96,overall,1715,0.16130549285176823,seen,2.267493346158795,0.7185019565795854,0.955738749886173,0.2181922855497985,222110,,source_rank,0.05,16526,0.07440457431002656,1302,0.12246049661399548,False,16616,0.07480977893836388,0.04774510327160164,0.0018594390167034351,0.0030989206935558905,0.0007876843939973212,0.03884499623777276,0.06325551962573213,0.016676991582604727,0.9592481882110062,0.9522548967283984,acoustic_cell,10632,16939,0.07626401332673,413,,
0.028044871794871796,0.03405076027716345,0.023417115014337984,0.8384197324414716,87329,1000,230912,40,20,115,0.14285714285714285,seen,2.2536548182288105,0.7141169340564901,0.9668562792552634,0.11729193617938767,28704,,raw,0.13,1579,0.05500975473801561,101,0.12546583850931678,True,1565,0.05452201783723523,0.043006731488406884,0.00048773690078037906,0.0017417615215432572,-0.0006664417448898733,0.017391304347826087,0.059053518825011184,-0.022980950649554844,0.9769247083775185,0.9569932685115932,acoustic_cell,805,1593,0.055497491638795984,14,,
0.03152870680044593,0.03601762773988735,0.028156042359081878,0.8384197324414716,87341,1000,230912,40,20,122,0.13480662983425415,seen,2.256086862543192,0.7148875773756123,0.9670145085770676,0.11492022423458387,28704,,source_rank,0.05,1571,0.05473104793756968,100,0.11049723756906077,True,1565,0.05452201783723523,0.0431313886811269,0.0007664437012263099,0.0019008952184009402,-0.0004056000951381921,0.02430939226519337,0.05958936141578628,-0.01225765306122449,0.977377870209244,0.9568686113188731,acoustic_cell,905,1593,0.055497491638795984,22,,
0.04623489871922972,0.054566307179105794,0.03820098458752143,0.8441275320192569,87392,1000,230912,41,10,277,0.18140144073346431,seen,2.266353166884543,0.7181406672991607,0.9584993717465445,0.2198912198912199,33027,,raw,0.13,2312,0.07000333060829018,169,0.11067452521283562,True,2311,0.06997305235110667,0.04232576491265827,0.003270051775819784,0.005156731600124355,0.0012590436802937736,0.07072691552062868,0.10519186204402645,0.030615831542957467,0.9593259315152168,0.9576742350873417,acoustic_cell,1527,2420,0.07327338238410996,108,,
0.05126108941169346,0.05841872420448723,0.04399960979990225,0.8441275320192569,87409,1000,230912,41,10,273,0.16125221500295334,seen,2.269861920449808,0.7192524881148951,0.9584432836088821,0.2198912198912199,33027,,source_rank,0.05,2315,0.07009416537984074,168,0.09923213230950975,True,2311,0.06997305235110667,0.04243337278955486,0.003179217004269234,0.005117854766193778,0.0012575962572563678,0.06202008269344359,0.09064730217551033,0.027378805831744887,0.9593215466436682,0.9575666272104452,acoustic_cell,1693,2420,0.07327338238410996,105,,
0.0490011125622793,0.05951604671503429,0.0380544289213905,0.8463696609103661,87401,1000,230912,38,5,200,0.19743336623889438,seen,2.268284244171093,0.718752568900126,0.9508932375244965,0.3060453400503778,20673,,raw,0.13,1729,0.08363566003966526,141,0.13919052319842054,True,1721,0.08324868185556039,0.04326455963879522,0.0028539641077734244,0.006034576776857651,-0.0005274381706785874,0.05824284304047384,0.1269302238786356,-0.011330502844727116,0.9451219512195121,0.9567354403612047,acoustic_cell,1013,1788,0.08648962414743869,59,,
0.05277414985730179,0.06238541410349822,0.04314198444121191,0.8463696609103661,87414,1000,230912,38,5,210,0.1924839596700275,seen,2.2709181788685244,0.7195871853442329,0.95110934348456,0.3035264483627204,20673,,source_rank,0.05,1721,0.08324868185556039,143,0.1310724106324473,True,1721,0.08324868185556039,0.04326455963879522,0.0032409422918782955,0.00753880282659295,-0.0008238423496520764,0.0614115490375802,0.1374132542437514,-0.015878966552315604,0.9455490284681428,0.9567354403612047,acoustic_cell,1091,1788,0.08648962414743869,67,,
0.05910087265809173,0.07996796167330023,0.04517534726038046,0.8374622606393978,87436,1000,230912,36,0,256,0.17914625612316304,seen,2.275334826095419,0.7209866909610505,0.9408822743936488,0.3977099236641221,24179,,raw,0.13,2435,0.10070722527813392,208,0.14555633310007,True,2411,0.09971462839654245,0.04306385500518544,0.001985193763182927,0.0057800778565073084,-0.0014841247663355055,0.03358992302309307,0.10051245457631806,-0.02069475362730703,0.9253581661891117,0.9569361449948146,acoustic_cell,1429,2483,0.10269241904131685,48,,
0.05562678357252161,0.06883463131624346,0.04562628847019405,0.8374622606393978,87424,1000,230912,36,0,248,0.18438661710037174,seen,2.2729095853493173,0.7202182034926297,0.9414048283391969,0.3984732824427481,24179,,source_rank,0.05,2415,0.09988006121014104,180,0.13382899628252787,True,2411,0.09971462839654245,0.04192799644426885,0.0028123578311758136,0.006444926678037568,-2.6857832086364404e-05,0.05055762081784387,0.10562102021040974,-0.0005853422227701969,0.9253076409424783,0.9580720035557312,acoustic_cell,1345,2483,0.10269241904131685,68,,
0.0553336746885134,0.07251101205497454,0.041160928526771626,0.8563577402287079,87423,1000,230912,32,-5,251,0.15484268969771744,seen,2.2727049677960443,0.7201533662076046,0.936602658788774,0.4538973384030418,29295,,raw,0.13,3219,0.10988223246287762,266,0.16409623689080816,True,3234,0.11039426523297491,0.05217841910152669,-0.0005120327700972862,0.0031224806830145264,-0.005732357176995569,-0.009253547193090685,0.0660026630991973,-0.08394511737300481,0.9256462161320461,0.9478215808984733,acoustic_cell,1621,3204,0.10937019969278033,-15,,
0.055845707458610686,0.06484779413263002,0.04599345373674143,0.8563577402287079,87425,1000,230912,32,-5,249,0.152200488997555,seen,2.273062414800653,0.7202666306511893,0.9369880277252678,0.4527091254752852,29295,,source_rank,0.05,3200,0.10923365762075439,245,0.1497555012224939,True,3234,0.11039426523297491,0.05162036114322159,0.00013654207202594298,0.0029192642256945047,-0.003374440705690336,0.0024449877750611247,0.05968298744332053,-0.05724550234124703,0.9258668327042067,0.9483796388567785,acoustic_cell,1636,3204,0.10937019969278033,4,,
0.06599291245570285,0.08432383467848303,0.048025450970750845,0.8412521328258301,87460,1000,230912,64,overall,1371,0.272673031026253,unseen,2.280146117725893,0.7225112477832464,0.9187734568394155,0.2981397271599835,76190,,raw,0.13,10172,0.13350833442709018,414,0.08233890214797136,False,9866,0.12949205932537078,0.10244168811919807,0.012560703504396902,0.0201989902513655,0.005886203338675849,0.19033412887828163,0.2581826418434981,0.11055758305290163,0.9410157847386931,0.8975583118808019,acoustic_cell,5028,11129,0.14606903793148707,957,,
0.056240976506103164,0.06467339317882283,0.047915969002695694,0.8412521328258301,87426,1000,230912,64,overall,1047,0.24434072345390898,unseen,2.273338349751093,0.7203540663219999,0.9162635743344972,0.29491525423728815,76190,,source_rank,0.05,10456,0.1372358577241108,374,0.08728121353558926,False,9866,0.12949205932537078,0.10748108276776659,0.008833180207376296,0.012767107054675946,0.004650586983370944,0.1570595099183197,0.214344492872749,0.09019371692806408,0.9413061721488161,0.8925189172322334,acoustic_cell,4285,11129,0.14606903793148707,673,,
0.03293677021370346,0.04068592077146371,0.02437308764958665,0.8478739810530954,87346,1000,230912,17,20,55,0.18394648829431437,unseen,2.2570698231636066,0.7151990486882868,0.9635575118130623,0.22375090514120202,9078,,raw,0.13,563,0.06201806565322758,30,0.10033444816053512,True,564,0.06212822207534699,0.032999870079251654,0.0027539105529852392,0.0069132263739020575,-0.0008065062542534995,0.08361204013377926,0.19603273542600894,-0.025212743325178172,0.9601393188854489,0.9670001299207484,acoustic_cell,299,588,0.06477197620621282,25,,
0.03161489314827055,0.03883364545373822,0.023496137847091092,0.8478739810530954,87341,1000,230912,17,20,54,0.18815331010452963,unseen,2.25614702871549,0.7149066422661837,0.9634809634809635,0.222302679217958,9078,,source_rank,0.05,564,0.06212822207534699,30,0.10452961672473868,True,564,0.06212822207534699,0.03338963232428219,0.0026437541308658294,0.006754343889435609,-0.0009012160566832472,0.08362369337979095,0.20052573364695342,-0.028057575757575753,0.9603717568090874,0.9666103676757178,acoustic_cell,287,588,0.06477197620621282,24,,
0.037709278673134096,0.06697567131942726,0.023574996061692617,0.8422782037239869,87362,1000,230912,17,10,38,0.15767634854771784,unseen,2.260401482684084,0.716254753609395,0.9577412464010402,0.2261904761904762,6391,,raw,0.13,455,0.07119386637458927,21,0.08713692946058091,True,457,0.07150680644656549,0.04216979379528144,0.002659990611797841,0.007508560131503569,-0.00040137230856559917,0.07053941908713693,0.13250427881065843,-0.012835570469798656,0.9576523031203567,0.9578302062047186,acoustic_cell,241,472,0.0738538569863871,17,,
0.043968080112658424,0.0556520821773662,0.03345590088664452,0.8422782037239869,87384,1000,230912,17,10,35,0.12455516014234876,unseen,2.2647707144162075,0.717639234650364,0.9573618207152811,0.22718253968253968,6391,,source_rank,0.05,459,0.0718197465185417,22,0.07829181494661921,True,457,0.07150680644656549,0.042727103845439346,0.002034110467845408,0.006153410278163649,-0.000839314531622224,0.046263345195729534,0.1207063943756277,-0.021278868885251864,0.9574507617985879,0.9572728961545607,acoustic_cell,281,472,0.0738538569863871,13,,
0.08439587128111718,0.14248193548957697,0.03188257200068328,0.8507049854955138,87524,1000,230912,25,5,465,0.37170263788968827,unseen,2.2929931128641616,0.7265820827246814,0.895148539568944,0.30140081337550834,14823,,raw,0.13,2520,0.1700060716454159,69,0.05515587529976019,True,2398,0.1617756189705188,0.14694686756542427,0.02671523982999393,0.05530888697209069,0.0016566943294197614,0.31654676258992803,0.391936921771851,0.052157795059838016,0.9416141456582633,0.8530531324345757,acoustic_cell,1251,2916,0.19672131147540983,396,,
0.061795857788571815,0.08310235483306312,0.03947828957746082,0.8507049854955138,87446,1000,230912,25,5,277,0.30240174672489084,unseen,2.2772161790450967,0.7215828363820062,0.8866221718507324,0.2946226841391776,14823,,source_rank,0.05,2701,0.18221682520407476,62,0.06768558951965066,True,2398,0.1617756189705188,0.16249008723235528,0.014504486271335087,0.028260349207475503,0.0018816165979285012,0.23471615720524017,0.36183147278186745,0.040649771341463414,0.9418532061000624,0.8375099127676447,acoustic_cell,916,2916,0.19672131147540983,215,,
0.06680599094392198,0.12161358487750264,0.032666670392438875,0.855451062347614,87463,1000,230912,17,0,258,0.26903023983315955,unseen,2.2807137229400474,0.7226911051828836,0.9153795050656037,0.3763855421686747,14355,,raw,0.13,2038,0.14197143852316266,89,0.09280500521376434,True,1949,0.1357715081853013,0.10236156351791531,0.011772901428073843,0.03317730311073573,-0.0011776870117083467,0.1762252346193952,0.29348692234720153,-0.02483756434317825,0.9338359878007455,0.8976384364820847,acoustic_cell,959,2207,0.1537443399512365,169,,
0.06262626262626263,0.10482535260277044,0.035865707773456726,0.855451062347614,87448,1000,230912,17,0,198,0.22024471635150167,unseen,2.2777958796798594,0.7217665264647193,0.9128751613037506,0.37493975903614457,14355,,source_rank,0.05,2093,0.14580285614768373,84,0.09343715239154617,True,1949,0.1357715081853013,0.10708469055374593,0.007941483803552769,0.025494977648025562,-0.0017569591557690515,0.12680756395995552,0.26391002415458936,-0.03505919561614179,0.9337477646257345,0.8929153094462541,acoustic_cell,899,2207,0.1537443399512365,114,,
0.10605864037363778,0.1470837978938588,0.04582452118677629,0.8225869226777374,87599,1000,230912,17,-5,462,0.28256880733944956,unseen,2.3081157619910355,0.7313740054902905,0.8630846277905101,0.2606946983546618,15416,,raw,0.13,3226,0.20926310326933056,127,0.07767584097859327,True,3146,0.20407368967306694,0.19817049128617617,0.02173066943435392,0.036512585776523054,0.0057747987446772125,0.20489296636085627,0.35140597543482155,0.10959102070852987,0.9344729344729344,0.8018295087138239,acoustic_cell,1635,3561,0.23099377270368449,335,,
0.08536585365853659,0.11856071913581637,0.049005806213234034,0.8225869226777374,87527,1000,230912,17,-5,388,0.2948328267477204,unseen,2.293670251741944,0.7267966481210416,0.8603066439522998,0.2555758683729433,15416,,source_rank,0.05,3280,0.2127659574468085,107,0.08130699088145897,True,3146,0.20407368967306694,0.2035328444129012,0.018227815256875973,0.030114395911592946,0.005526106292501202,0.2135258358662614,0.3475108966376089,0.10169336582357498,0.9352717844244838,0.7964671555870988,acoustic_cell,1316,3561,0.23099377270368449,281,,
