row_type,condition_or_contrast,contrast,seed,frames,estimate,direction_positive,positive_seed_count,finite_seed_count,required_positive_seed_count,seed_direction_stable
condition_seed,C1_SAME_UTT_DIFFERENT_TIME,,101,240565,0.0008758933598429743,True,,,,
condition_seed,C1_SAME_UTT_DIFFERENT_TIME,,211,240565,0.0008533776807934572,True,,,,
condition_seed,C1_SAME_UTT_DIFFERENT_TIME,,307,240565,0.0009812957136523808,True,,,,
condition_seed,C1_SAME_UTT_DIFFERENT_TIME,,401,240565,0.0008403856487605384,True,,,,
condition_seed,C1_SAME_UTT_DIFFERENT_TIME,,503,240565,0.0009411754937206817,True,,,,
condition_summary,C1_SAME_UTT_DIFFERENT_TIME,,-1,240565,-1.5557565177776396e-05,,5.0,5.0,4.0,True
condition_seed,C2_SAME_NOISE_INSTANCE,,101,0,,False,,,,
condition_seed,C2_SAME_NOISE_INSTANCE,,211,0,,False,,,,
condition_seed,C2_SAME_NOISE_INSTANCE,,307,0,,False,,,,
condition_seed,C2_SAME_NOISE_INSTANCE,,401,0,,False,,,,
condition_seed,C2_SAME_NOISE_INSTANCE,,503,0,,False,,,,
condition_summary,C2_SAME_NOISE_INSTANCE,,-1,0,,,0.0,0.0,4.0,False
condition_seed,C3_SAME_NOISE_CLASS,,101,240565,0.019664863457413823,True,,,,
condition_seed,C3_SAME_NOISE_CLASS,,211,240565,0.01915158239804241,True,,,,
condition_seed,C3_SAME_NOISE_CLASS,,307,240565,0.02116214312117118,True,,,,
condition_seed,C3_SAME_NOISE_CLASS,,401,240565,0.02332617505244994,True,,,,
condition_seed,C3_SAME_NOISE_CLASS,,503,240565,0.020484164411491187,True,,,,
condition_summary,C3_SAME_NOISE_CLASS,,-1,240565,0.01469826493367407,,5.0,5.0,4.0,True
condition_seed,C4_SAME_CLASS_WRONG_SNR,,101,240565,0.014928216587832048,True,,,,
condition_seed,C4_SAME_CLASS_WRONG_SNR,,211,240565,0.01581610835051089,True,,,,
condition_seed,C4_SAME_CLASS_WRONG_SNR,,307,240565,0.013179547955548888,True,,,,
condition_seed,C4_SAME_CLASS_WRONG_SNR,,401,240565,0.015512477840424947,True,,,,
condition_seed,C4_SAME_CLASS_WRONG_SNR,,503,240565,0.01531354727183155,True,,,,
condition_summary,C4_SAME_CLASS_WRONG_SNR,,-1,240565,0.011575476368575694,,5.0,5.0,4.0,True
condition_seed,C5_DIFFERENT_NOISE_CLASS_MATCHED_SNR,,101,240565,0.024363033778246525,True,,,,
condition_seed,C5_DIFFERENT_NOISE_CLASS_MATCHED_SNR,,211,240565,0.03024997356403495,True,,,,
condition_seed,C5_DIFFERENT_NOISE_CLASS_MATCHED_SNR,,307,240565,0.023378214012470314,True,,,,
condition_seed,C5_DIFFERENT_NOISE_CLASS_MATCHED_SNR,,401,240565,0.01725893884235662,True,,,,
condition_seed,C5_DIFFERENT_NOISE_CLASS_MATCHED_SNR,,503,240565,0.025416040352991658,True,,,,
condition_summary,C5_DIFFERENT_NOISE_CLASS_MATCHED_SNR,,-1,240565,0.018953840872256815,,5.0,5.0,4.0,True
condition_seed,C6_SPEECH_STATE_MISMATCH,,101,67417,0.011203658358396444,True,,,,
condition_seed,C6_SPEECH_STATE_MISMATCH,,211,67306,0.011666677706594335,True,,,,
condition_seed,C6_SPEECH_STATE_MISMATCH,,307,67490,0.011744703103275064,True,,,,
condition_seed,C6_SPEECH_STATE_MISMATCH,,401,67499,0.01137844443008744,True,,,,
condition_seed,C6_SPEECH_STATE_MISMATCH,,503,67319,0.011412288107285527,True,,,,
condition_summary,C6_SPEECH_STATE_MISMATCH,,-1,67607,0.01148088509357114,,5.0,5.0,4.0,True
condition_seed,C7_BEST_METADATA_MATCHED_DIFFERENT_SOURCE,,101,240565,0.02580251323381559,True,,,,
condition_seed,C7_BEST_METADATA_MATCHED_DIFFERENT_SOURCE,,211,240565,0.029156005678979736,True,,,,
condition_seed,C7_BEST_METADATA_MATCHED_DIFFERENT_SOURCE,,307,240565,0.015768066801314314,True,,,,
condition_seed,C7_BEST_METADATA_MATCHED_DIFFERENT_SOURCE,,401,240565,0.03247152341204045,True,,,,
condition_seed,C7_BEST_METADATA_MATCHED_DIFFERENT_SOURCE,,503,240565,0.029590046656724624,True,,,,
condition_summary,C7_BEST_METADATA_MATCHED_DIFFERENT_SOURCE,,-1,240565,0.019638670554482835,,5.0,5.0,4.0,True
contrast_seed,P1_UTTERANCE,P1_UTTERANCE,101,240565,0.02492661987397262,True,,,,
contrast_seed,P1_UTTERANCE,P1_UTTERANCE,211,240565,0.02830262799818628,True,,,,
contrast_seed,P1_UTTERANCE,P1_UTTERANCE,307,240565,0.014786771087661934,True,,,,
contrast_seed,P1_UTTERANCE,P1_UTTERANCE,401,240565,0.031631137763279915,True,,,,
contrast_seed,P1_UTTERANCE,P1_UTTERANCE,503,240565,0.02864887116300395,True,,,,
contrast_summary,P1_UTTERANCE,P1_UTTERANCE,-1,240565,0.019654228119660614,,5.0,5.0,4.0,True
contrast_seed,P2_NOISE_INSTANCE,P2_NOISE_INSTANCE,101,0,,False,,,,
contrast_seed,P2_NOISE_INSTANCE,P2_NOISE_INSTANCE,211,0,,False,,,,
contrast_seed,P2_NOISE_INSTANCE,P2_NOISE_INSTANCE,307,0,,False,,,,
contrast_seed,P2_NOISE_INSTANCE,P2_NOISE_INSTANCE,401,0,,False,,,,
contrast_seed,P2_NOISE_INSTANCE,P2_NOISE_INSTANCE,503,0,,False,,,,
contrast_summary,P2_NOISE_INSTANCE,P2_NOISE_INSTANCE,-1,0,,,0.0,0.0,4.0,False
contrast_seed,P3_NOISE_CLASS,P3_NOISE_CLASS,101,240565,0.004698170320832705,True,,,,
contrast_seed,P3_NOISE_CLASS,P3_NOISE_CLASS,211,240565,0.011098391165992542,True,,,,
contrast_seed,P3_NOISE_CLASS,P3_NOISE_CLASS,307,240565,0.0022160708912991405,True,,,,
contrast_seed,P3_NOISE_CLASS,P3_NOISE_CLASS,401,240565,-0.006067236210093321,False,,,,
contrast_seed,P3_NOISE_CLASS,P3_NOISE_CLASS,503,240565,0.004931875941500468,True,,,,
contrast_summary,P3_NOISE_CLASS,P3_NOISE_CLASS,-1,240565,0.004255575938582742,,4.0,5.0,4.0,True
contrast_seed,P4_SNR,P4_SNR,101,240565,-0.004736646869581769,False,,,,
contrast_seed,P4_SNR,P4_SNR,211,240565,-0.003335474047531518,False,,,,
contrast_seed,P4_SNR,P4_SNR,307,240565,-0.007982595165622287,False,,,,
contrast_seed,P4_SNR,P4_SNR,401,240565,-0.007813697212024994,False,,,,
contrast_seed,P4_SNR,P4_SNR,503,240565,-0.005170617139659631,False,,,,
contrast_summary,P4_SNR,P4_SNR,-1,240565,-0.003122788565098376,,0.0,5.0,4.0,False
contrast_seed,P5_SPEECH_STATE,P5_SPEECH_STATE,101,67417,8.758975303265388e-05,True,,,,
contrast_seed,P5_SPEECH_STATE,P5_SPEECH_STATE,211,67306,0.00264816919718013,True,,,,
contrast_seed,P5_SPEECH_STATE,P5_SPEECH_STATE,307,67490,-0.002120554164609649,False,,,,
contrast_seed,P5_SPEECH_STATE,P5_SPEECH_STATE,401,67499,-0.004819724514220751,False,,,,
contrast_seed,P5_SPEECH_STATE,P5_SPEECH_STATE,503,67319,0.0018315100696652319,True,,,,
contrast_summary,P5_SPEECH_STATE,P5_SPEECH_STATE,-1,67607,0.003386523805887278,,3.0,5.0,4.0,False
contrast_seed,P6_RESIDUAL_IDENTITY,P6_RESIDUAL_IDENTITY,101,240565,0.02580251323381559,True,,,,
contrast_seed,P6_RESIDUAL_IDENTITY,P6_RESIDUAL_IDENTITY,211,240565,0.029156005678979736,True,,,,
contrast_seed,P6_RESIDUAL_IDENTITY,P6_RESIDUAL_IDENTITY,307,240565,0.015768066801314314,True,,,,
contrast_seed,P6_RESIDUAL_IDENTITY,P6_RESIDUAL_IDENTITY,401,240565,0.03247152341204045,True,,,,
contrast_seed,P6_RESIDUAL_IDENTITY,P6_RESIDUAL_IDENTITY,503,240565,0.029590046656724624,True,,,,
contrast_summary,P6_RESIDUAL_IDENTITY,P6_RESIDUAL_IDENTITY,-1,240565,0.019638670554482835,,5.0,5.0,4.0,True
