condition,short_name,full_taxonomy,intervention_taxonomy,full_state_frames,count,proportion
C0_FULL,C0,SS,SS,214389,214389,1.0
C0_FULL,C0,SS,R,214389,0,0.0
C0_FULL,C0,SS,I,214389,0,0.0
C0_FULL,C0,SS,H,214389,0,0.0
C0_FULL,C0,R,SS,3442,0,0.0
C0_FULL,C0,R,R,3442,3442,1.0
C0_FULL,C0,R,I,3442,0,0.0
C0_FULL,C0,R,H,3442,0,0.0
C0_FULL,C0,I,SS,20850,0,0.0
C0_FULL,C0,I,R,20850,0,0.0
C0_FULL,C0,I,I,20850,20850,1.0
C0_FULL,C0,I,H,20850,0,0.0
C0_FULL,C0,H,SS,1884,0,0.0
C0_FULL,C0,H,R,1884,0,0.0
C0_FULL,C0,H,I,1884,0,0.0
C0_FULL,C0,H,H,1884,1884,1.0
C1_SAME_UTT_DIFFERENT_TIME,C1,SS,SS,214389,213986,0.9981202393779531
C1_SAME_UTT_DIFFERENT_TIME,C1,SS,R,214389,0,0.0
C1_SAME_UTT_DIFFERENT_TIME,C1,SS,I,214389,0,0.0
C1_SAME_UTT_DIFFERENT_TIME,C1,SS,H,214389,403,0.00187976062204684
C1_SAME_UTT_DIFFERENT_TIME,C1,R,SS,3442,0,0.0
C1_SAME_UTT_DIFFERENT_TIME,C1,R,R,3442,2761,0.8021499128413713
C1_SAME_UTT_DIFFERENT_TIME,C1,R,I,3442,681,0.1978500871586287
C1_SAME_UTT_DIFFERENT_TIME,C1,R,H,3442,0,0.0
C1_SAME_UTT_DIFFERENT_TIME,C1,I,SS,20850,0,0.0
C1_SAME_UTT_DIFFERENT_TIME,C1,I,R,20850,567,0.027194244604316548
C1_SAME_UTT_DIFFERENT_TIME,C1,I,I,20850,20283,0.9728057553956835
C1_SAME_UTT_DIFFERENT_TIME,C1,I,H,20850,0,0.0
C1_SAME_UTT_DIFFERENT_TIME,C1,H,SS,1884,583,0.309447983014862
C1_SAME_UTT_DIFFERENT_TIME,C1,H,R,1884,0,0.0
C1_SAME_UTT_DIFFERENT_TIME,C1,H,I,1884,0,0.0
C1_SAME_UTT_DIFFERENT_TIME,C1,H,H,1884,1301,0.690552016985138
C2_SAME_NOISE_INSTANCE,C2,SS,SS,0,0,
C2_SAME_NOISE_INSTANCE,C2,SS,R,0,0,
C2_SAME_NOISE_INSTANCE,C2,SS,I,0,0,
C2_SAME_NOISE_INSTANCE,C2,SS,H,0,0,
C2_SAME_NOISE_INSTANCE,C2,R,SS,0,0,
C2_SAME_NOISE_INSTANCE,C2,R,R,0,0,
C2_SAME_NOISE_INSTANCE,C2,R,I,0,0,
C2_SAME_NOISE_INSTANCE,C2,R,H,0,0,
C2_SAME_NOISE_INSTANCE,C2,I,SS,0,0,
C2_SAME_NOISE_INSTANCE,C2,I,R,0,0,
C2_SAME_NOISE_INSTANCE,C2,I,I,0,0,
C2_SAME_NOISE_INSTANCE,C2,I,H,0,0,
C2_SAME_NOISE_INSTANCE,C2,H,SS,0,0,
C2_SAME_NOISE_INSTANCE,C2,H,R,0,0,
C2_SAME_NOISE_INSTANCE,C2,H,I,0,0,
C2_SAME_NOISE_INSTANCE,C2,H,H,0,0,
C3_SAME_NOISE_CLASS,C3,SS,SS,214389,213041,0.993712363973898
C3_SAME_NOISE_CLASS,C3,SS,R,214389,0,0.0
C3_SAME_NOISE_CLASS,C3,SS,I,214389,0,0.0
C3_SAME_NOISE_CLASS,C3,SS,H,214389,1348,0.006287636026102086
C3_SAME_NOISE_CLASS,C3,R,SS,3442,0,0.0
C3_SAME_NOISE_CLASS,C3,R,R,3442,1442,0.4189424753050552
C3_SAME_NOISE_CLASS,C3,R,I,3442,2000,0.5810575246949448
C3_SAME_NOISE_CLASS,C3,R,H,3442,0,0.0
C3_SAME_NOISE_CLASS,C3,I,SS,20850,0,0.0
C3_SAME_NOISE_CLASS,C3,I,R,20850,769,0.036882494004796165
C3_SAME_NOISE_CLASS,C3,I,I,20850,20081,0.9631175059952038
C3_SAME_NOISE_CLASS,C3,I,H,20850,0,0.0
C3_SAME_NOISE_CLASS,C3,H,SS,1884,1049,0.5567940552016986
C3_SAME_NOISE_CLASS,C3,H,R,1884,0,0.0
C3_SAME_NOISE_CLASS,C3,H,I,1884,0,0.0
C3_SAME_NOISE_CLASS,C3,H,H,1884,835,0.4432059447983015
C4_SAME_CLASS_WRONG_SNR,C4,SS,SS,214389,212986,0.9934558209609635
C4_SAME_CLASS_WRONG_SNR,C4,SS,R,214389,0,0.0
C4_SAME_CLASS_WRONG_SNR,C4,SS,I,214389,0,0.0
C4_SAME_CLASS_WRONG_SNR,C4,SS,H,214389,1403,0.006544179039036518
C4_SAME_CLASS_WRONG_SNR,C4,R,SS,3442,0,0.0
C4_SAME_CLASS_WRONG_SNR,C4,R,R,3442,1693,0.49186519465427075
C4_SAME_CLASS_WRONG_SNR,C4,R,I,3442,1749,0.5081348053457292
C4_SAME_CLASS_WRONG_SNR,C4,R,H,3442,0,0.0
C4_SAME_CLASS_WRONG_SNR,C4,I,SS,20850,0,0.0
C4_SAME_CLASS_WRONG_SNR,C4,I,R,20850,957,0.04589928057553957
C4_SAME_CLASS_WRONG_SNR,C4,I,I,20850,19893,0.9541007194244604
C4_SAME_CLASS_WRONG_SNR,C4,I,H,20850,0,0.0
C4_SAME_CLASS_WRONG_SNR,C4,H,SS,1884,971,0.5153927813163482
C4_SAME_CLASS_WRONG_SNR,C4,H,R,1884,0,0.0
C4_SAME_CLASS_WRONG_SNR,C4,H,I,1884,0,0.0
C4_SAME_CLASS_WRONG_SNR,C4,H,H,1884,913,0.4846072186836518
C5_DIFFERENT_NOISE_CLASS_MATCHED_SNR,C5,SS,SS,214389,213239,0.9946359188204619
C5_DIFFERENT_NOISE_CLASS_MATCHED_SNR,C5,SS,R,214389,0,0.0
C5_DIFFERENT_NOISE_CLASS_MATCHED_SNR,C5,SS,I,214389,0,0.0
C5_DIFFERENT_NOISE_CLASS_MATCHED_SNR,C5,SS,H,214389,1150,0.005364081179538129
C5_DIFFERENT_NOISE_CLASS_MATCHED_SNR,C5,R,SS,3442,0,0.0
C5_DIFFERENT_NOISE_CLASS_MATCHED_SNR,C5,R,R,3442,1203,0.3495061011040093
C5_DIFFERENT_NOISE_CLASS_MATCHED_SNR,C5,R,I,3442,2239,0.6504938988959907
C5_DIFFERENT_NOISE_CLASS_MATCHED_SNR,C5,R,H,3442,0,0.0
C5_DIFFERENT_NOISE_CLASS_MATCHED_SNR,C5,I,SS,20850,0,0.0
C5_DIFFERENT_NOISE_CLASS_MATCHED_SNR,C5,I,R,20850,596,0.028585131894484413
C5_DIFFERENT_NOISE_CLASS_MATCHED_SNR,C5,I,I,20850,20254,0.9714148681055156
C5_DIFFERENT_NOISE_CLASS_MATCHED_SNR,C5,I,H,20850,0,0.0
C5_DIFFERENT_NOISE_CLASS_MATCHED_SNR,C5,H,SS,1884,1079,0.5727176220806794
C5_DIFFERENT_NOISE_CLASS_MATCHED_SNR,C5,H,R,1884,0,0.0
C5_DIFFERENT_NOISE_CLASS_MATCHED_SNR,C5,H,I,1884,0,0.0
C5_DIFFERENT_NOISE_CLASS_MATCHED_SNR,C5,H,H,1884,805,0.4272823779193206
C6_SPEECH_STATE_MISMATCH,C6,SS,SS,60513,59720,0.9868953778526928
C6_SPEECH_STATE_MISMATCH,C6,SS,R,60513,0,0.0
C6_SPEECH_STATE_MISMATCH,C6,SS,I,60513,0,0.0
C6_SPEECH_STATE_MISMATCH,C6,SS,H,60513,793,0.01310462214730719
C6_SPEECH_STATE_MISMATCH,C6,R,SS,1102,0,0.0
C6_SPEECH_STATE_MISMATCH,C6,R,R,1102,774,0.7023593466424682
C6_SPEECH_STATE_MISMATCH,C6,R,I,1102,328,0.29764065335753176
C6_SPEECH_STATE_MISMATCH,C6,R,H,1102,0,0.0
C6_SPEECH_STATE_MISMATCH,C6,I,SS,5526,0,0.0
C6_SPEECH_STATE_MISMATCH,C6,I,R,5526,638,0.11545421643141512
C6_SPEECH_STATE_MISMATCH,C6,I,I,5526,4888,0.8845457835685848
C6_SPEECH_STATE_MISMATCH,C6,I,H,5526,0,0.0
C6_SPEECH_STATE_MISMATCH,C6,H,SS,466,260,0.5579399141630901
C6_SPEECH_STATE_MISMATCH,C6,H,R,466,0,0.0
C6_SPEECH_STATE_MISMATCH,C6,H,I,466,0,0.0
C6_SPEECH_STATE_MISMATCH,C6,H,H,466,206,0.44206008583690987
C7_BEST_METADATA_MATCHED_DIFFERENT_SOURCE,C7,SS,SS,214389,212788,0.9925322661143995
C7_BEST_METADATA_MATCHED_DIFFERENT_SOURCE,C7,SS,R,214389,0,0.0
C7_BEST_METADATA_MATCHED_DIFFERENT_SOURCE,C7,SS,I,214389,0,0.0
C7_BEST_METADATA_MATCHED_DIFFERENT_SOURCE,C7,SS,H,214389,1601,0.007467733885600474
C7_BEST_METADATA_MATCHED_DIFFERENT_SOURCE,C7,R,SS,3442,0,0.0
C7_BEST_METADATA_MATCHED_DIFFERENT_SOURCE,C7,R,R,3442,1332,0.38698431144683326
C7_BEST_METADATA_MATCHED_DIFFERENT_SOURCE,C7,R,I,3442,2110,0.6130156885531668
C7_BEST_METADATA_MATCHED_DIFFERENT_SOURCE,C7,R,H,3442,0,0.0
C7_BEST_METADATA_MATCHED_DIFFERENT_SOURCE,C7,I,SS,20850,0,0.0
C7_BEST_METADATA_MATCHED_DIFFERENT_SOURCE,C7,I,R,20850,678,0.03251798561151079
C7_BEST_METADATA_MATCHED_DIFFERENT_SOURCE,C7,I,I,20850,20172,0.9674820143884892
C7_BEST_METADATA_MATCHED_DIFFERENT_SOURCE,C7,I,H,20850,0,0.0
C7_BEST_METADATA_MATCHED_DIFFERENT_SOURCE,C7,H,SS,1884,1036,0.5498938428874734
C7_BEST_METADATA_MATCHED_DIFFERENT_SOURCE,C7,H,R,1884,0,0.0
C7_BEST_METADATA_MATCHED_DIFFERENT_SOURCE,C7,H,I,1884,0,0.0
C7_BEST_METADATA_MATCHED_DIFFERENT_SOURCE,C7,H,H,1884,848,0.45010615711252655
