scope,seed,group,frames,p_SS,p_R,p_I,p_H,availability_net,mean_value,source_ci95_low_p_SS,source_ci95_high_p_SS,speaker_ci95_low_p_SS,speaker_ci95_high_p_SS,source_ci95_low_p_R,source_ci95_high_p_R,speaker_ci95_low_p_R,speaker_ci95_high_p_R,source_ci95_low_p_I,source_ci95_high_p_I,speaker_ci95_low_p_I,speaker_ci95_high_p_I,source_ci95_low_p_H,source_ci95_high_p_H,speaker_ci95_low_p_H,speaker_ci95_high_p_H,source_ci95_low_availability_net,source_ci95_high_availability_net,speaker_ci95_low_availability_net,speaker_ci95_high_availability_net,source_ci95_low_mean_value,source_ci95_high_mean_value,speaker_ci95_low_mean_value,speaker_ci95_high_mean_value
seed,41,all,298300,0.8558933959101576,0.022655045256453236,0.11294669795507878,0.008504860878310426,0.01415018437814281,0.029578291182259485,0.8364102514205478,0.8750211383796795,0.8324127817145027,0.8784796168060837,0.018548126220731573,0.026541815491135726,0.017496617664390687,0.02812170136769141,0.09701513700774417,0.12965544208089783,0.09545846710077269,0.13186014298463855,0.006924416447474484,0.010183116177550529,0.006817950970330378,0.010107761808655665,0.01050405878857496,0.017754269955845,0.009449102268617324,0.019267965398665654,0.022884882795444,0.03672281648261253,0.02088771713642751,0.039477236387964736
seed,41,clean,57735,0.8746167835801507,0.04882653503074392,0.06851996189486446,0.008036719494240929,0.04078981553650299,0.0700046674062636,0.8572369305166823,0.8911495794991685,0.8495348187968265,0.8971731696492867,0.03877746079602234,0.06015748208776338,0.03582942819915687,0.06542866584722541,0.059242436229913986,0.07782680078233005,0.056259304982571985,0.0817377828859813,0.00609313749186459,0.010173451698140679,0.005617791926999854,0.01066947079757801,0.030935211661331723,0.05166558337939459,0.028480735125158006,0.05571530924997567,0.057993594811087845,0.08209394436776431,0.054235493612444195,0.0883408437188752
seed,41,seen,164375,0.8844106463878327,0.013481368821292776,0.09393155893536122,0.008176425855513309,0.005304942965779467,0.012640659625230127,0.8732199702326242,0.8958057975444967,0.8739458109824018,0.8932309374011086,0.010375274317478271,0.017026401188017858,0.01009883433558887,0.017350187068273095,0.08392572950333856,0.10397354998501836,0.08653973711970261,0.10318655936446379,0.0061072651600458374,0.010501237847635035,0.006051720548382589,0.010430302962647332,0.001969027581279751,0.00916650425659221,0.0017823749777223289,0.009928662495503992,0.006810370697389849,0.019356546504960763,0.006332833073718429,0.01998591002026777
seed,41,unseen,76190,0.7801811261320383,0.022614516340727128,0.18763617272607955,0.009568184801155007,0.013046331539572121,0.0354859740263837,0.72087867732238,0.8331033542226427,0.712502218142499,0.8396667994366899,0.014591371966201262,0.03071770314974639,0.014046574725403898,0.03129298085963367,0.13898347300220773,0.24199713927077154,0.13590200932303106,0.24684537372793733,0.0073295309586098555,0.011935009783130038,0.006932287845168671,0.01205188964411883,0.005654307124918452,0.02056559144969996,0.005416263531108793,0.02068015443446797,0.016403169103652904,0.056451168924287004,0.015488242701461069,0.05851949650489058
seed,41,seen/-5,29295,0.8489503328213006,0.018194231097456905,0.1261990100699778,0.006656426011264721,0.011537805086192184,0.022959427862688692,0.8190003543930247,0.8769854286598617,0.8316798971567525,0.8658265866045864,0.006785953272311395,0.029000308625688195,0.0066514430981828125,0.030235768390613423,0.10596829137979023,0.15034531127204948,0.11192881914026735,0.14443015937951434,0.0023978887278619794,0.013930929940740114,0.002227309489477438,0.011426669012924223,-0.003117426680965765,0.024576597467902802,-0.003738096928896504,0.02730920508958636,-0.0020726654387488675,0.045830405986142166,0.00027589617057287866,0.049287308828595645
seed,41,seen/0,24179,0.8590926010174118,0.009719177798916415,0.1223375656561479,0.008850655527523885,0.00086852227139253,0.006313416326082263,0.8321177036235857,0.8827257961022624,0.8390748326393097,0.8784826681126802,0.006100012739751862,0.01525957245047486,0.006419591389666032,0.014890188348540499,0.09570669763002387,0.1509639566048689,0.09881486100055384,0.14464580366413682,0.0046506449220103585,0.014294502945515423,0.004010765637588909,0.015662386105256776,-0.004456389777110546,0.005621533814016888,-0.005235588504810291,0.0058419352130464845,-0.0007335043487867619,0.013237169813429001,0.0002555149441312982,0.010959050116342375
seed,41,seen/5,20673,0.8664925264838195,0.017994485560876506,0.10603202244473468,0.009480965510569341,0.008513520050307165,0.01917880957801204,0.8475064223640986,0.8867463474246899,0.8480517097697419,0.8850659367820621,0.008815807690303651,0.02773469789904269,0.010800653217923221,0.02726035390555955,0.0848905752679335,0.12815536323945595,0.08508216980812644,0.13038461727187672,0.004272694067535371,0.015994727255060803,0.004376423659796367,0.015124599599015803,0.0002917218736093007,0.018542230355443824,0.0014900392457942132,0.019889090687120928,0.00905901734257971,0.030165706501399662,0.011601354741859384,0.031171984319027565
seed,41,seen/10,33027,0.8946619432585461,0.010355163956762649,0.0867169285735913,0.00826596421110001,0.002089199745662639,0.003549845408140154,0.8768162157635224,0.9121525877609952,0.8772907087758849,0.9134141531015252,0.007486990149204646,0.013861197599922598,0.007046570823705062,0.013419892902716541,0.07000456938841977,0.10293787452268696,0.0699783803854927,0.10208488898476029,0.005341775377940912,0.011590235665465196,0.0051777504781253154,0.011811339673896989,-0.0017468007815889606,0.005916029464897488,-0.0011599334073456801,0.00573439040778564,-0.004977211244138829,0.011612248962214215,-0.003920499011700721,0.012225175129898342
seed,41,seen/15,28497,0.9118854616275397,0.011369617854511,0.06902480962908376,0.007720110888865495,0.0036495069656455057,0.008009493446007944,0.8950634868129936,0.9262469906848412,0.8970817892037977,0.9236551157910302,0.007852240123511742,0.015261014374176944,0.007532826777378158,0.01581705450472402,0.056715506384052206,0.08446615866154461,0.05828475670905018,0.0823240425700666,0.0034396011061026775,0.013753654762420449,0.0034236581423495527,0.0132962919886384,-0.0025289271901116016,0.009449938777893354,-0.001985534549807881,0.00987254621451108,0.00028663602060748555,0.016033521554528782,0.00014259374433891233,0.016936717952869513
seed,41,seen/20,28704,0.9157608695652174,0.014283723522853958,0.06138517279821628,0.008570234113712374,0.005713489409141584,0.017788081238838405,0.9014300232829098,0.9277182486840599,0.8995375428838547,0.9287383026863615,0.009358932742777258,0.019849592751984387,0.0077050379905793925,0.02158697266728831,0.05208035782115212,0.07297405534963888,0.05185938973363839,0.07248228266360343,0.005167921249795737,0.012886837442987215,0.005346974661964812,0.011793590308884308,-0.0006301458230901547,0.012525643228051797,0.00017695830431657575,0.01236940054784333,0.009783054156222935,0.026226961942220507,0.008797133007424917,0.02805070324014544
seed,41,unseen/-5,15416,0.6674883238194084,0.03866113129216399,0.2842501297353399,0.009600415153087702,0.029060716139076286,0.06722734166095719,0.5404431554023806,0.8265936086707578,0.5575033601206937,0.8612354908036091,0.013897499989868656,0.05736875904026597,0.008979910973315674,0.05481463201118365,0.14877201442468968,0.4063609494916539,0.11489425049838621,0.3899921501817535,0.00496886891192608,0.01486085336522386,0.0041872564631839325,0.014953606567848169,0.004402698596812208,0.047189236246952294,-0.0002380236491342198,0.0470972106053441,-0.016416714006033017,0.1224274201247347,-0.03219793268162938,0.12908749229954758
seed,41,unseen/0,14355,0.7866248693834901,0.01853012887495646,0.18007662835249041,0.014768373389063044,0.003761755485893418,0.013766638707038013,0.6288701840949256,0.8723669903560725,0.6192625805922177,0.8831048908440235,0.004860673885516568,0.04407961387436846,0.004704448971234002,0.04183168251349722,0.10196489373481442,0.3175732216503019,0.0894217912474805,0.32779150431989057,0.00617892980408743,0.023582365500683832,0.0063018495776085825,0.025762180600513208,-0.012198046092766214,0.030189613660624646,-0.01260589693475049,0.02939559077497113,-0.009036377459630788,0.052155204644715354,-0.012061078688947924,0.05261885013493926
seed,41,unseen/5,14823,0.7069419145921878,0.016798218984011334,0.27045807191526683,0.005801794508534035,0.0109964244754773,0.05260107337122718,0.5132949034181941,0.8801449086423714,0.4750143756145376,0.8745351727279834,0.0037529215770249983,0.027803061051071998,0.0034894348358108615,0.029901609889040195,0.1025371249247016,0.46090925317659137,0.10749909819756431,0.4909998514299239,0.0019307201326885944,0.010791621876913723,0.001511792965272697,0.010905449857950195,7.276842513938053e-05,0.021850233481173327,6.967069590388094e-05,0.0236492862932678,0.0015430646687761358,0.11801388266231375,0.0007401795960740265,0.12294810584707525
seed,41,unseen/10,6391,0.8400876232201533,0.01361289313096542,0.1419183226412142,0.004381161007667032,0.009231732123298388,0.021683056549223065,0.6867192925587718,0.9135367587957851,0.6839681612598556,0.9180946658305839,0.0032196114105312998,0.03124697157710795,0.0030549178339230915,0.03198081086705924,0.07579482301807289,0.27690093069916655,0.07084648912091587,0.2799446445567432,0.0017929697245989697,0.007337649207713523,0.0019156904695871136,0.007780529855763975,-0.0018385328807748816,0.027489776123118856,-0.0021764821715562583,0.027260393166197074,-0.0013198795755144602,0.06553653890611708,-0.0034117696432073553,0.06756585916207082
seed,41,unseen/15,16127,0.863210764556334,0.021144664227692688,0.10541328207354127,0.010231289142431946,0.010913375085260742,0.02220571639930769,0.8107464250867152,0.905751443970419,0.8067382437125015,0.9072240721505368,0.008988632451382176,0.03898124170791836,0.009131859694176661,0.03987884508507904,0.06683208075719971,0.14550119248047105,0.0646105648640148,0.14754078938262719,0.005100400016547696,0.016503231646079274,0.005297934071964696,0.016311306854613444,-0.0019211256267241226,0.027677622175662917,-0.0018134388918210093,0.028230138897103532,0.005271087285871719,0.045085824428075794,0.004724970142793258,0.04732309873583735
seed,41,unseen/20,9078,0.8912756113681428,0.02026878166997136,0.07854152897113902,0.00991407799074686,0.0103547036792245,0.021291677685162748,0.8483889217331197,0.9274480838230756,0.8475750415336154,0.9283879278719454,0.005480704591894464,0.0424389479985146,0.005761928931586724,0.04374174072876402,0.058505507390226995,0.09856685088825967,0.0567608176868295,0.09822141609314254,0.003408188538225513,0.016530798437945717,0.0036755082276923564,0.017518033108384016,-0.000779455898966279,0.028076111536529964,-0.0005517441735531869,0.029668397661468674,0.004776853964693452,0.04347882903240198,0.00652578311475183,0.04367763861375447
seed,41,noise/Babble_noise,23330,0.8482640377196743,0.006043720531504501,0.14020574367766825,0.005486498071153022,0.0005572224603514787,0.004503091185318947,0.8189058121005475,0.871300818731748,0.8195599696620529,0.8703531004837558,0.002479828343969871,0.010046382774692334,0.0025639954128624126,0.00981610567076087,0.1143371309222022,0.1728151182017582,0.11653166441938205,0.17117720735990344,0.0016784353732805645,0.009992774116121058,0.0018732892868751527,0.00946588634072301,-0.004298764340993757,0.0056939771528044195,-0.0038267210109236365,0.005749142718274249,-0.0032537942087390694,0.011953893884532388,-0.0016654157194958637,0.011616466177229109
seed,41,noise/City_noise,27887,0.8899487216265644,0.01520421701868254,0.0810772044321727,0.013769856922580414,0.001434360096102127,0.007683157994033344,0.8753299486316578,0.9033880393270999,0.8797287433533605,0.8988322607583117,0.01196874575352765,0.019021882604078947,0.012264754853397744,0.018055973103296135,0.06973355243127868,0.09376760734267962,0.07013934288764832,0.09307354045963807,0.009026441452888742,0.01937298126294024,0.00881539064491441,0.01998697443541511,-0.004193003784325944,0.007152012794675104,-0.005206099200036023,0.007451489643136563,-0.0003785040971137201,0.016249856735524683,0.0005038981420317376,0.01597968675694492
seed,41,noise/Domestic_noise,28968,0.8886702568351285,0.01008008837337752,0.0916183374758354,0.009631317315658658,0.00044877105771886326,0.004357085237681127,0.8657406797008028,0.907360995288359,0.8717454452907183,0.904649633780642,0.0066272992605540025,0.014778538139353809,0.006668558268240003,0.01559296966724769,0.07608096878588558,0.11058766347401619,0.07655860198183888,0.10785220435545056,0.004808725545864476,0.015855807279485636,0.004492317385322814,0.014395953966893896,-0.0068654514429137125,0.007067146060305553,-0.006214901085395602,0.008489938274299521,-0.007180917137877331,0.014812926829964095,-0.00780614272090481,0.01969016913613699
seed,41,noise/Nature_noise,28954,0.8937970574013954,0.01695793327346826,0.08434067831733094,0.004904331007805484,0.012053602265662777,0.022523832554528264,0.8702897715591805,0.9150733658169186,0.8658944943131098,0.916830201647565,0.00944110859031982,0.026359436310704185,0.00886425060259486,0.02755825462009754,0.06752384177679355,0.10143384583176415,0.06499105312559784,0.10524265802490183,0.0033099670545456805,0.007207095162003001,0.0028912481184105057,0.00768656454377302,0.0040390357950258375,0.021841702039012912,0.003713939229845169,0.02272836759138186,0.012087265668510224,0.035533151914399076,0.010140540274473865,0.03846143998952712
seed,41,noise/Office_noise,29305,0.8966729227094352,0.02081556048455895,0.07551612352840813,0.00699539327759768,0.013820167206961269,0.0258032134758594,0.8796212081851276,0.9157509855287282,0.8794701411860727,0.9143621513297959,0.0120660370837536,0.029828019513049215,0.011507176027872133,0.030245522626774,0.0600773517686929,0.09208724154373346,0.059359732712317606,0.09109086365310885,0.003775066599029978,0.011057852407934884,0.0033753806303798576,0.012289352980161764,0.0032388587620400962,0.02484559661426398,0.0021508218935108025,0.025717035555587287,0.004320546761751366,0.0479145445846423,0.005379063034988843,0.04744035080962278
seed,41,noise/Public_noise,25931,0.8818788322856812,0.009949481315799622,0.10022752689830705,0.007944159500212102,0.0020053218155875203,0.008636644082568555,0.8553946924214133,0.9015766090952047,0.8626248670874712,0.8971782311624943,0.0051490361992123646,0.016078059836563414,0.0053195652985867856,0.015496569512148449,0.0830016529854573,0.12214245456416081,0.08730017247233043,0.11925882005718398,0.003962281454567458,0.012866103161891488,0.004515452207778377,0.011726709799002772,-0.0022707449265357365,0.0065253939058141355,-0.0025386107225673143,0.006746614912273129,0.0017486443365901986,0.017416226903486202,0.0007182877216103304,0.017463719204053332
seed,41,noise/SSN_noise,31279,0.6442661210396752,0.03270564915758176,0.31820070974136,0.004827520061383037,0.027878129096198728,0.07237966725115723,0.5159317670456198,0.7554852326614444,0.48972222021768297,0.7775524718753981,0.014046221347091242,0.053973540713888615,0.012244400117440357,0.05489963695755463,0.21918075253943226,0.43260440292345254,0.20245157327144905,0.45687004156546895,0.0018612875361526287,0.008328367732576171,0.0020373236580784647,0.008239936740962225,0.010932775781650812,0.04813968904068874,0.00964384127576667,0.047440201993767805,0.029310064703976457,0.11999435961007311,0.021788436986362736,0.1274190691058432
seed,41,noise/Street_noise,26258,0.8509787493335365,0.017937390509558993,0.11710716733947749,0.01397669281742707,0.003960697692131924,0.01456088928857285,0.7632614585787867,0.9034384681189722,0.7813599740068103,0.9031657284137838,0.009341452743765464,0.02843721118177231,0.00894714550240151,0.026653257807990077,0.07195596572230417,0.19407875881816677,0.07445526211841254,0.17952553319999834,0.009758948994113467,0.017939117065032206,0.008692392084956046,0.018482795532240786,-0.00502411605838581,0.014299396545635256,-0.005394043148890416,0.012908912479993605,-0.0036549201666233513,0.04294505515847313,-0.0006651764372974416,0.03346103075547994
seed,41,noise/Transport_noise,18653,0.9084329598456012,0.012276845547633088,0.06797834128558408,0.01131185332118158,0.0009649922264515082,0.003075801114130775,0.8932541131237458,0.9219867243730614,0.8898425249654783,0.9213162733877169,0.007105083238450996,0.018264141955096326,0.007380559312305603,0.020368226837060698,0.05602538635326357,0.08135606868165426,0.05505817075785613,0.08262537891506702,0.006826872551012969,0.016057956432314804,0.006698785535187772,0.017633978381516233,-0.005080205858470401,0.006776521893687855,-0.005712092706084535,0.008022290778570322,-0.007462086771660755,0.013337506148149256,-0.007935947317343052,0.014200986915174279
seed,59,all,298300,0.8571974522292993,0.025548105933623867,0.1081461615822997,0.00910828025477707,0.016439825678846796,0.024200259852962182,0.8376557971871628,0.8752812189163662,0.8343273438677379,0.8791209061948817,0.01909552760435732,0.03191239777478496,0.017629229270450283,0.03448671039091473,0.09468110776503033,0.12302758318605951,0.09439646295603618,0.12382892826046467,0.007445128137298414,0.010671884426404547,0.0072775893389788425,0.010807785654807021,0.010749368882462775,0.022085701626189023,0.009482824947163819,0.02439005332018468,0.018078418825708157,0.030546669008273793,0.016852331038503348,0.03262941619775736
seed,59,clean,57735,0.8666147051182125,0.04375162379838919,0.08144106694379492,0.008192604139603361,0.03555901965878583,0.05719377447793486,0.8423987718988354,0.8885067927294663,0.8319257527596534,0.8962965479136542,0.03016031764137788,0.059828601731938845,0.025789307842478165,0.06782523250002197,0.0694618257543816,0.09468761780942453,0.06509425765329119,0.09877283731321156,0.006438860551067126,0.009984149855962863,0.0062468255279477455,0.010071148096638421,0.021690302270681656,0.05235805465647962,0.017463611211873436,0.05943237782538662,0.04161994139049096,0.07530884524466179,0.037368954120515295,0.08285505372636043
seed,59,seen,164375,0.8859680608365019,0.011638022813688214,0.09503269961977186,0.0073612167300380225,0.004276806083650191,0.008247891456665499,0.8751374857287259,0.8968281148843936,0.8747471738230606,0.8953136033811611,0.00926096986747211,0.014266569563897647,0.008999583164227835,0.014455119173186808,0.08558168012887434,0.10482521754265943,0.08778966611716577,0.10425002536068478,0.00554491215088212,0.009396089568813238,0.005423986621245919,0.00952988180373093,0.0016614392560261443,0.007062511676682408,0.0020578510569399483,0.006779020854111316,0.0026667339850825794,0.013171281236474739,0.0029430449286011948,0.013598120641849495
seed,59,unseen,76190,0.7879905499409371,0.04176401102506891,0.15667410421315134,0.01357133482084263,0.028192676204226278,0.03361474978954795,0.733923737271485,0.8366664833367253,0.729237498562252,0.8414705574867217,0.022728420624222135,0.0629952202596202,0.01906273941866267,0.07019952312189735,0.12057057087333503,0.19806231992708248,0.11944979781107264,0.20178844334128224,0.010130816021329193,0.01745185414099563,0.00914619374257657,0.01809992153169305,0.010623813120746232,0.047424447626910664,0.00800594616686045,0.05445583249215406,0.01727001716101884,0.052015637252293405,0.014345153075142779,0.05527196260407038
seed,59,seen/-5,29295,0.8493258235193719,0.011469534050179211,0.13193377709506743,0.007270865335381464,0.004198668714797747,0.009197844966035651,0.8210002117617318,0.8769640665352886,0.8297437979958142,0.8675273152846514,0.005206521196946352,0.01790700385618028,0.005642717657011363,0.01931900938139747,0.10953808059679301,0.1560575214239607,0.11633924972834456,0.15085299811439173,0.003232809869193038,0.013632458240864523,0.0034473875787899653,0.010171350808836417,-0.005361798471057431,0.01230461243340224,-0.0035628768166592203,0.014565986705081592,-0.008171633333767227,0.024332324865644513,-0.005324412127826218,0.029471744287558332
seed,59,seen/0,24179,0.8640142272219695,0.007485834815335622,0.12171719260515323,0.006782745357541669,0.0007030894577939534,0.006701173720370704,0.8381775408832592,0.8862343168107799,0.8447407115007783,0.882072719863858,0.004595577075999892,0.011617100015776587,0.00491138420621282,0.011253137781848522,0.09554864226861587,0.14935112849921223,0.09833476725329808,0.14367846458795724,0.0032374182639554887,0.011613250497517123,0.002779119149532623,0.012760378982602827,-0.0028349974980478518,0.00477709025071214,-0.0031397639553641873,0.003912257215903501,0.0007239401360930936,0.0136682958088596,0.001862352353186098,0.010941947409177501
seed,59,seen/5,20673,0.871619987423209,0.016591689643496346,0.10632225608281333,0.005466066850481304,0.011125622793015042,0.018445716171797234,0.8514026055270428,0.8930205447378562,0.8504344964740832,0.8915259426158927,0.008985936613013194,0.023446569624643962,0.010657129994756629,0.022985608429460236,0.08565052020541523,0.1289827635028183,0.0853689031807652,0.1310633836777637,0.0027702213499700722,0.008480885427229348,0.0033444753916145376,0.007817154887481793,0.004699324935462615,0.017444318217675996,0.0062834801411247474,0.017552254504347012,0.008003602782987815,0.029458113328475973,0.010771555636593298,0.03083921257946677
seed,59,seen/10,33027,0.8938141520574076,0.012807702788627487,0.0846882853422957,0.00868985981166924,0.004117842976958247,-0.001784794987085708,0.8771463938107878,0.9095511507389926,0.874518498369123,0.9132125113584773,0.00923028262799645,0.016596823101370825,0.00866456956958597,0.016462530503270543,0.06968895946549679,0.09987853394803974,0.06977976992070051,0.09929078252925942,0.004909561606617755,0.013122892673792628,0.004301528533664299,0.013990029676090263,0.0009710290109808632,0.007649917055575622,0.0005770694379974542,0.007641908980660405,-0.013542448147261705,0.007621440449521819,-0.014321655981790202,0.00806141996678697
seed,59,seen/15,28497,0.9137453065234937,0.010141418394918764,0.069235358107871,0.006877916973716531,0.003263501421202232,0.007423555462636159,0.8988811922131996,0.9259070300772111,0.8995114148869832,0.9253232330600925,0.006627655229641173,0.013961924842727933,0.006160888195598021,0.014949955413630662,0.058876297669658434,0.08284805629998841,0.058729868413084,0.08072121949970214,0.004525760587471163,0.010006517596706333,0.0044893706304959535,0.010640949944232949,-0.0015205732707059799,0.007943027797363616,-0.001526925218575018,0.008731712530323874,0.001664660559771767,0.013928441953404406,0.0012620563378045245,0.0149832731541607
seed,59,seen/20,28704,0.9155866778149386,0.011879877369007804,0.06427675585284282,0.008256688963210702,0.003623188405797102,0.013598720879483921,0.9012736458246441,0.9258477389613172,0.9026785602581809,0.9257931737033078,0.008245703998870743,0.015921862943599784,0.007451546062092538,0.01727202151855443,0.05592300016572067,0.07593767413688673,0.05616295033552481,0.0738202662213392,0.004321692690165778,0.013081160191731521,0.004696298134282873,0.012592369809856254,-0.0024761075659343284,0.009615969212376445,-0.0022950757730175286,0.010205034617164977,0.00526220572090466,0.023243074714154075,0.004338748957072954,0.023771875263790786
seed,59,unseen/-5,15416,0.6754021795537104,0.09639335755059679,0.20472236637259988,0.02348209652309289,0.07291126102750389,0.08434644071368738,0.5540422217826818,0.8193293312482045,0.5817941563617074,0.8596885162792179,0.018056451095673495,0.16540404064507935,0.013327382649344067,0.18771041538580532,0.10843351427688777,0.34381405503377815,0.10409622962925204,0.3275716835727157,0.012298827634901269,0.03440011371677075,0.010985899586695767,0.03072766605401245,-0.004587190519937085,0.139216132740488,-0.007339072916306863,0.16025828351332738,0.011877128343320739,0.14038340880559685,0.0053118338631823955,0.15523056680709404
seed,59,unseen/0,14355,0.8007662835249042,0.028073841866945316,0.1523510971786834,0.018808777429467086,0.00926506443747823,0.013433797994766246,0.6573706855567177,0.8799980117495431,0.645435301435161,0.8913189915749696,0.006576821443449673,0.06958948556550558,0.006105554151699635,0.06963338772729745,0.09568967746372327,0.2414952543106078,0.08476714605122808,0.24768319662283933,0.007832929057947562,0.03487186036457811,0.006349030204861885,0.03819843756321558,-0.00860832749163029,0.04004078178535601,-0.00622380735967878,0.03394940357185184,-0.0035305354334118047,0.050445842350102306,-0.0037513710451568725,0.049368815475749214
seed,59,unseen/5,14823,0.7199622208729677,0.04425554880928287,0.22579774674492342,0.009984483572826013,0.03427106523645686,0.024857357377373674,0.544550769157354,0.8803308180708114,0.5070919045428568,0.8747669488862513,0.006215495241970847,0.09275158506852242,0.0063943905084777285,0.09490535914906595,0.10884927492606428,0.35201171333982106,0.11041328636837182,0.38212324244737556,0.003535235226949881,0.016873647677688196,0.0031473746690881326,0.017879702450245966,0.001314818496162697,0.07708501590320611,0.00132012153437834,0.07941325194308478,-0.0022596906395127817,0.07398973904468858,-0.0030591315817829084,0.0732938170207231
seed,59,unseen/10,6391,0.8585510874667501,0.024565795650133,0.10733844468784227,0.009544672195274604,0.015021123454858397,0.024409568938212514,0.7551707677371191,0.9081814166225686,0.7564749445451061,0.9107627809934582,0.006070345609000202,0.06241702387824748,0.005065860219046403,0.06210868824626657,0.0698676082567994,0.18178882241910724,0.06768482674144126,0.18024633790846406,0.002323771016963306,0.014469730382627891,0.0024835745904362573,0.014726548768559306,-0.005034260079526984,0.05725601853365261,-0.005428971238904915,0.05636118851930948,0.00152928663952497,0.07019910597698062,0.0003982855121102724,0.07044191830805258
seed,59,unseen/15,16127,0.8598003348421901,0.018726359521299685,0.11359831338748683,0.007874992249023377,0.010851367272276308,0.017029940264832684,0.812888097621685,0.9003058259500657,0.8099274600147803,0.9013909247858591,0.009737695119764926,0.030334667716474778,0.009854375223274122,0.031260069743688626,0.075818997641781,0.15220936550039832,0.07427450681929582,0.1547233469299688,0.004303381490117657,0.012506237093731002,0.004358264802297111,0.011868753990231715,0.002822682241932716,0.021027935184410904,0.00287068050476346,0.0215610408450283,0.004302601726660188,0.03295023527597982,0.0044185534782880485,0.03359950593005418
seed,59,unseen/20,9078,0.8928178012778145,0.0196078431372549,0.08030403172504957,0.007270323859881031,0.01233751927737387,0.029618514658372036,0.8439790270004305,0.9282663506305481,0.84421906472379,0.9293935204175958,0.003714068556723377,0.04642876040401631,0.004169751915714355,0.047135725158933287,0.059943590629104676,0.10160637530059859,0.05973369835858481,0.10052765124456109,0.0022109747760050017,0.013138525252252639,0.0027104558502689725,0.013660448035097684,-0.004089050274467009,0.035915484805687355,-0.004796958165340721,0.03619332570283996,0.006044482814925413,0.0642604158461507,0.007542084716681637,0.06188876658267941
seed,59,noise/Babble_noise,23330,0.8517359622803258,0.0066009429918559796,0.13660522931847408,0.005057865409344192,0.0015430775825117874,0.004459052697705914,0.822672361803812,0.8743291256284514,0.823121061597147,0.8735046305755899,0.002624399223319554,0.010836961104807778,0.0029829473662812155,0.010630800515085382,0.1109611453672777,0.16912033337788565,0.11380140084473546,0.16727318413547643,0.0022083977870712237,0.008313494302915158,0.0028848041937116907,0.007601475325971554,-0.00254583818493937,0.005883314998337056,-0.0020326493175206865,0.00576455568861785,-0.0020862622576125352,0.01060550272473173,-0.0009842428004459885,0.009962364496149595
seed,59,noise/City_noise,27887,0.8908451966866282,0.01577796105712339,0.08229641051385951,0.011080431742388926,0.004697529314734463,0.002163632361584785,0.8749596771935471,0.904147932271482,0.8786720486549618,0.903280418060482,0.012115551659833834,0.02027107502606189,0.012255595223868302,0.020001246035342087,0.07166712733098053,0.09574965342964777,0.0695151653225172,0.0941275597844688,0.005940690637408332,0.017411641426515377,0.006125244657204868,0.018210173678797598,-0.0015138026550565043,0.0101302811286235,-0.0012851848902214885,0.009801319340442668,-0.0051501485539612755,0.009809549430909992,-0.005201370146333876,0.009733648076866662
seed,59,noise/Domestic_noise,28968,0.891293841480254,0.0085956917978459,0.09317177575255454,0.006938690969345485,0.0016570008285004146,0.006345656619446082,0.8712322473062624,0.9071830691363794,0.8733582252983466,0.9054665121264887,0.005557975030348709,0.012501983032398193,0.005395047031813776,0.013609620841266462,0.07871190618275598,0.11096016448149534,0.07902880651277996,0.11159270577409183,0.003463304976453374,0.012268613857985307,0.0035866775244894882,0.010237559245084002,-0.004794850671424167,0.006787793547947361,-0.0036602451604585426,0.008318236511063568,-0.005492307791492811,0.017209727630731118,-0.004894260161848764,0.02084577677799991
seed,59,noise/Nature_noise,28954,0.8947641085860331,0.011604614215652414,0.08841610830973268,0.005215168888581889,0.006389445327070525,0.0135338075155535,0.8712861290395694,0.9138597596454581,0.8685248826090336,0.9176760447014837,0.008020072780642548,0.01552393088483614,0.007522652085900963,0.015670350917698143,0.07024149297866866,0.1093781810101305,0.06645182821340649,0.11290944942099614,0.003012147875077662,0.007644429595395231,0.002903091996443938,0.007681697864259526,0.0022180465816786983,0.011086320677545643,0.0017737089431133664,0.011317795781811489,0.006080859434638237,0.02224592324389946,0.00514933019295566,0.02310819073504059
seed,59,noise/Office_noise,29305,0.8942842518341579,0.016788943866234432,0.0804299607575499,0.00849684354205767,0.008292100324176762,0.015446465242114871,0.8775874150969154,0.913135485513287,0.8772618141049241,0.912448826967964,0.01054669004087119,0.023071860810163967,0.010732289191560438,0.022364259084480212,0.06645801932114469,0.09443935713908885,0.06611566317822494,0.09412549843099341,0.005365571544293228,0.011955388271829667,0.0047936589100431295,0.0126928959629784,0.0016775960725517404,0.01550664484924913,0.0017886335301002495,0.014628475196195676,-0.005277079506504667,0.03162411213315159,-0.0031310909624213223,0.03068027826367544
seed,59,noise/Public_noise,25931,0.8863522424896841,0.00933245921869577,0.09729667193706375,0.007018626354556323,0.0023138328641394467,0.0062875606573896455,0.8614753725736451,0.9046499444124568,0.8648819980126943,0.9020638487086715,0.005044541776393226,0.015026540893810449,0.004699509198616142,0.01480867952783867,0.08056406424559347,0.11976646006412049,0.08243376436041717,0.11831746193218713,0.003465186161780636,0.01142001971382312,0.00444871994491609,0.009808620700758266,-0.0013095289054189895,0.006966251329652706,-0.0019465019106381528,0.007503239730117543,0.0004193081161998593,0.014581812224474303,-0.0004027146412622154,0.013843237376887117
seed,59,noise/SSN_noise,31279,0.6657501838294063,0.07887080789027782,0.24086447776463443,0.014514530515681448,0.06435627737459637,0.06653836683808445,0.550621610747709,0.7656491478720581,0.5287065071492288,0.7834530786305297,0.03144851987406139,0.13779293025577613,0.02190848877996717,0.14653277388155955,0.1749355021197168,0.32055734548864145,0.17068031958861254,0.3349336102647594,0.006756694749958828,0.023944356243018904,0.004777464418170242,0.02597280277814619,0.022870680493151208,0.11713872212261688,0.015651067653601074,0.1263610314685504,0.02828419976893486,0.11514016668411392,0.021216867403730678,0.12269805076433793
seed,59,noise/Street_noise,26258,0.8470180516414045,0.01866097951100617,0.1218295376647117,0.0124914311828776,0.00616954832812857,0.016786900484401554,0.7559634947098727,0.898293575172687,0.7674570370457723,0.9002182558491693,0.010492676496226804,0.03143682651980635,0.009852059219622162,0.0301963668361666,0.07813129222484815,0.20027906004719215,0.07933666664246251,0.18588890903897615,0.007944557643507072,0.01834884868373989,0.007233504937468718,0.01754433810062409,-0.0036296798543569864,0.019718231195059853,0.0004806685564058388,0.013624623818985694,0.00034423810439695703,0.041189769625352236,0.005488364525521011,0.03201683730763617
seed,59,noise/Transport_noise,18653,0.9098804481852785,0.012062402830643864,0.0645472578137565,0.013509891170321128,-0.001447488339677264,0.0020942356306116175,0.8953030751467981,0.9234586289069616,0.8915685094880188,0.9238720504136793,0.006746721534837342,0.01783550119781651,0.007103273608792229,0.020873856027885506,0.054279381087163375,0.07642096361120407,0.052029452192087135,0.07800921270261606,0.00805124308773229,0.019828438584069102,0.00781427969245768,0.019985796656294942,-0.008399751714697186,0.0057617489609270624,-0.007585136468656203,0.007571548840581667,-0.008220215043924792,0.01334104993464162,-0.008068310954917843,0.013811277025631345
seed,71,all,298300,0.8610593362386859,0.02310425745893396,0.10430774388199798,0.011528662420382165,0.011575595038551795,0.02226184611993775,0.8434317328779124,0.878080615946859,0.8410194888200785,0.8807221181774476,0.01840081869448591,0.027722154640396315,0.017073551765070274,0.02967919134188538,0.09181135422432363,0.116647997218347,0.09163594161904048,0.11801656700288032,0.009042574887106492,0.014513550984807881,0.009197349760338026,0.014132485574350663,0.0072305967470638775,0.015993283463036648,0.006333436752624372,0.01794225064960199,0.01553388822350542,0.029268773772566016,0.014368272704746573,0.03158461725432985
seed,71,clean,57735,0.8801766692647441,0.043682341733783665,0.06815623105568545,0.007984757945786784,0.03569758378799688,0.06770120160302093,0.8619903546321097,0.8976672860150674,0.8527720560945636,0.9034912499747633,0.03395265125715753,0.054784036235348055,0.03078343920571212,0.061194935316898735,0.058139629707372825,0.07816180666031199,0.055411081409252334,0.0815145743708379,0.006258651994925446,0.009609004370201618,0.006199885263170595,0.00978137634129722,0.025688022204935476,0.046848170008984814,0.022553730120426906,0.05360041338588738,0.051436097594014574,0.08552049954696293,0.046786076022078994,0.09476515164961188
seed,71,seen,164375,0.8852197718631178,0.01257490494296578,0.09273307984790874,0.009472243346007604,0.003102661596958175,0.009999559277803953,0.8741803751041446,0.8959811881041094,0.8747441575499163,0.8938747716490061,0.009862072518069719,0.015804544171789826,0.009308930062103494,0.01612617857424888,0.0836877314294779,0.10190793350597342,0.0854662711613785,0.101404092213656,0.007203244404378722,0.012412056674500358,0.007320316578545625,0.011627005957789165,-0.0003062548913019321,0.00645488530667206,-0.00031185994475876644,0.007109529824056808,0.0037923579762182465,0.016303044132398095,0.0035955427660919587,0.01651648134556698
seed,71,unseen,76190,0.7944480903005644,0.030227063919149495,0.15667410421315134,0.018650741567134796,0.011576322352014699,0.014284056526289451,0.7445903007350395,0.839162656867022,0.740856593201719,0.8435208522048011,0.018692106200526828,0.04175329515812004,0.016742393060958864,0.044043195548177774,0.12363859320645654,0.19240735991173025,0.12173905413738687,0.19674583392049472,0.011828789469512229,0.0277483931811302,0.011337359475877587,0.028273215481544545,0.00033177984743398955,0.021918142052157648,0.0012599076189957917,0.021320790510475675,-0.005881523909692019,0.0349294336876378,-0.0060857087578918695,0.03171622755550934
seed,71,seen/-5,29295,0.8547533708824031,0.014951356886840758,0.12066905615292713,0.009626216077828981,0.005325140809011777,0.015556476874919263,0.8269481793104075,0.8819888242522433,0.8356442141546545,0.8732604780280491,0.00506954146188561,0.024552969489784686,0.004960082539099038,0.025523389747047397,0.10195930510778752,0.14193621235254125,0.10431188528547929,0.14267581486819517,0.0030795934765943237,0.02216617478749172,0.0027842945188749644,0.017844455835445493,-0.012286524758530709,0.017959542202949638,-0.01003024456896518,0.021193860594864746,-0.009459207592876884,0.03683004595509533,-0.006926861060966947,0.041914463926803106
seed,71,seen/0,24179,0.8620290334587866,0.006865461764340957,0.1223375656561479,0.008767939120724596,-0.0019024773563836393,0.0072293753410349205,0.8374131524892301,0.8844363361156181,0.8438741399638354,0.8797376933491408,0.004331901673050086,0.010478315659446022,0.004873553002364753,0.010054744966607439,0.09664191282633122,0.14940181340689923,0.10012604482882984,0.14274481794113023,0.004626040921548708,0.01457212076117094,0.003954846188595062,0.01600129315032387,-0.007370152506600853,0.0023919317078387446,-0.008627806216673068,0.003208846490712402,-0.0031917095744468573,0.016208053574635676,-0.0017289365295567215,0.01455159696324257
seed,71,seen/5,20673,0.8692497460455667,0.015769361002273496,0.10467759880036763,0.010303294151792193,0.005466066850481304,0.017488694103830547,0.8491094824184652,0.8912874248371325,0.8487849384205788,0.8898386974514549,0.007744477558214555,0.023292277321296316,0.008818647568080113,0.022771017886484213,0.08347221863089895,0.1276698374205036,0.08396306224022715,0.1304447253026075,0.0038840283029958535,0.018872188292439727,0.004646808309248336,0.017752309949602994,-0.001729174485527148,0.013258980653871781,-0.000832930094436674,0.013503138408417397,0.008221596542213288,0.027363163107926473,0.010578146790009521,0.028089826376588193
seed,71,seen/10,33027,0.8923910739697823,0.01156629424410331,0.08686831985950888,0.009174311926605505,0.002391982317497805,0.001777351517834827,0.8746182455258423,0.9078093908025033,0.8745196783700403,0.9101446036362042,0.007971372821332727,0.015896644829883098,0.007305116515588588,0.01627761959562822,0.07249586188580048,0.10216733176549932,0.07211104485275248,0.1011345283539657,0.006863039989113796,0.011767158552971117,0.0067840465051747624,0.011720573396724644,-0.0011220731914575496,0.006305236732270291,-0.0010646675439771552,0.0065591301178056114,-0.012844890009488222,0.01385221818820415,-0.010773609027153507,0.015538548791912393
seed,71,seen/15,28497,0.9096045197740112,0.012632908727234446,0.0671649647331298,0.010597606765624452,0.0020353019616099945,0.005677006009659845,0.8913655008568422,0.9239240952020937,0.8936550498086129,0.9222573574083094,0.0086171763702931,0.017461664311795473,0.008137142188060054,0.01834615166841928,0.05489917941513473,0.08298574452233712,0.055244770240473945,0.08086992706611795,0.007181337693578132,0.015667263009107247,0.007327095708456913,0.015326967984927652,-0.003069769697742703,0.0066377698734386625,-0.002957150447838111,0.006875338806401595,-0.0007191385813362491,0.012090562951526208,-0.0009295835238268198,0.01321790055198285
seed,71,seen/20,28704,0.9148899108138239,0.013761148272017838,0.06281354515050168,0.008535395763656634,0.005225752508361204,0.01501984036448178,0.9014126944036034,0.9250918443110154,0.9015687025239278,0.9251142080922629,0.00861514965265611,0.019705762861285232,0.007652070124201097,0.02128624817014121,0.05460925591938491,0.07374591651383858,0.054834494403429974,0.07259678599532156,0.005543630674421071,0.01210162595511625,0.005332207897649682,0.012261765601686915,-0.001114053355172249,0.012389533503356516,-0.0017233453881533374,0.013993979073234762,0.005716836916309047,0.025294366784476125,0.00484219652214804,0.028120477787550665
seed,71,unseen/-5,15416,0.6899325376232486,0.06389465490399585,0.22476647638816813,0.021406331084587442,0.042488323819408404,0.057983288368580924,0.567040756721724,0.8264750524353935,0.5962751729111935,0.859638297586084,0.014767695876147574,0.0968950059837445,0.009613238933594625,0.09681329511942693,0.13202606645984635,0.3341226613734486,0.10970856071843166,0.32434573907635056,0.008908886490600008,0.03389072530420617,0.00684226548833651,0.035808427604641584,-0.00235244875592776,0.0737424704917898,-0.011522402176448902,0.06624589102835628,-0.04731486999983317,0.12969511366850026,-0.0930485089270889,0.10759804938684728
seed,71,unseen/0,14355,0.7994427028909787,0.028422152560083593,0.15332636711947056,0.018808777429467086,0.009613375130616508,0.0021394624618107953,0.6654318605345847,0.8733338663414602,0.6546799527088093,0.8849525765387716,0.007141198284696806,0.06520843993329213,0.007079193693072416,0.06540734708481445,0.09722531644912254,0.2437867307986178,0.08764462785430929,0.25402405352113006,0.008094431643917713,0.030241079240500186,0.007192408116566221,0.031888399246075304,-0.009940143375105176,0.04294125146418737,-0.008636963385107806,0.03998024486811367,-0.019915857109845364,0.041590817824460495,-0.019244311572672812,0.0402710056123295
seed,71,unseen/5,14823,0.725966403562032,0.015314038993456116,0.2303852121702759,0.028334345274235985,-0.013020306280779869,-0.028818464642501446,0.5589092128134402,0.8783495340818934,0.5243074844006439,0.8742465443180022,0.0036868346554907306,0.03200647067205612,0.0023076453751205302,0.033233710197785135,0.11162638703003332,0.35981423653534766,0.11534526118018668,0.38636509880795755,0.003779546638245327,0.06338708658994803,0.0043349274695911755,0.0656594081446457,-0.032656455620433546,0.004197164818478157,-0.03451193021886824,0.0008431366165709003,-0.06754551079898123,0.00420341723114731,-0.07492088854333942,0.0026285358738171423
seed,71,unseen/10,6391,0.8518228759192614,0.025661085902049758,0.10765138475981849,0.014864653418870286,0.010796432483179472,0.019255295150111935,0.7542739831928167,0.8996638969763725,0.754137958466283,0.9023630700811336,0.006978348187409968,0.06035507384564722,0.006600421275280545,0.05918719076505284,0.06895783222493891,0.18038723774376667,0.06682023824297792,0.17871441628603713,0.004703917894501051,0.021571998548282855,0.004889651521844172,0.022823932857475523,-0.00777383827699215,0.04893428332235805,-0.008396084368900877,0.04766842633664309,-0.00251005811509118,0.057657361174640334,-0.003078681253402742,0.05818685289292372
seed,71,unseen/15,16127,0.8709617411793886,0.02269485955230359,0.0932597507285918,0.013083648539716004,0.009611211012587585,0.018301517756946207,0.8333938363506346,0.9023073508590324,0.8311067436491228,0.9022556990395099,0.010528976286701061,0.038765316234334005,0.01024250379791635,0.03917575748211368,0.06399125463436793,0.12235468113399611,0.06215289740908394,0.12341963058387662,0.007626304040848851,0.01991348358323601,0.008189445271223223,0.020147075448330047,-0.0028883480273728867,0.025995305879815078,-0.004447945182122915,0.025947236867982313,0.0010104074766172154,0.04121690645644428,9.082297684700496e-05,0.04350390180784345
seed,71,unseen/20,9078,0.8995373430270985,0.016853932584269662,0.07314386428728795,0.010464860101343908,0.006389072482925754,0.019022564753670177,0.8566889160634165,0.9313330934420595,0.8572962062086517,0.9329040512240053,0.004528633833675574,0.03480116182437386,0.004622879387504016,0.03548527735597367,0.055626988216852996,0.09276294440815651,0.0534882739696433,0.09226635321095218,0.0025411440178939484,0.01864992944362072,0.00302440693864358,0.02007507408587204,-0.0015076466449698014,0.016918013830641114,-0.0021537978166888084,0.01718085273275975,0.0008372978619247735,0.042251812195754794,0.0012881313114353834,0.043458139121366125
seed,71,noise/Babble_noise,23330,0.8462066009429918,0.00775825117873982,0.13900557222460352,0.0070295756536648095,0.0007286755250750102,0.0074179425199903245,0.8176753428858072,0.8683376397894986,0.8168543300459651,0.8685812362467283,0.003102480407696248,0.013229312818542725,0.0032484576276381135,0.0128092042707429,0.11211685233194438,0.17215245823556719,0.11333970030051688,0.17225194866855748,0.002850746235094807,0.010847470276075114,0.0034354329263529184,0.010435951668432674,-0.003315515987998693,0.004633308039987974,-0.0029869536637192615,0.004759718562874252,-0.0018042993607887887,0.01579044997304056,0.00023484884749034395,0.013735464197453313
seed,71,noise/City_noise,27887,0.888693656542475,0.013124394879334457,0.08634847778534802,0.011833470792842544,0.0012909240864919132,0.011084139460501664,0.8741513063590255,0.9003258434593331,0.8771858370455577,0.9003549967540012,0.00996173353105132,0.016648981713302823,0.010119171344353663,0.015977516017774047,0.07607820734857375,0.09949474377629312,0.0725268267782016,0.09851254391734317,0.007719756255042561,0.01693186333007309,0.007122886370654494,0.017777433826053388,-0.003896623563709842,0.0057732477589857775,-0.005021605965683138,0.005764299334373832,0.0004219099826186664,0.021278382988205048,0.0020640629814184706,0.020317387673029062
seed,71,noise/Domestic_noise,28968,0.8915009665838166,0.007698149682408175,0.08958160729080364,0.011219276442971556,-0.003521126760563381,0.0008715418885526382,0.869167842181756,0.9093444766018457,0.8733589608795137,0.9082784539367276,0.004241214686189127,0.011889103720148916,0.004282858899724501,0.012584238013494092,0.0761257376463959,0.1060972017282054,0.07509386414112887,0.10870829937656706,0.004232115472718301,0.022829971699644618,0.0038999574660943024,0.019187622929531398,-0.0155366707481591,0.004691419106672416,-0.013365365494284872,0.005791618132669067,-0.015214727371770638,0.012764795685998066,-0.01537014947924807,0.017491210170380314
seed,71,noise/Nature_noise,28954,0.8993576017130621,0.013435103958002348,0.07988533535953582,0.0073219589693997375,0.00611314498860261,0.013822233472622887,0.8814386459916641,0.9154743828244447,0.8789036501895037,0.9172557824605185,0.008386078222545758,0.019260611286840985,0.008116134008983731,0.019798146801173564,0.06612855288148353,0.09488619413683771,0.0631358047562519,0.09759815200275838,0.00490611592462588,0.010182873034021753,0.004477667322305557,0.010926640912132891,0.0008698672685036142,0.011757921510251653,-2.694636743947308e-05,0.013187802802243888,0.00581478870585423,0.023125580957582593,0.0039519247390309735,0.025719359205341536
seed,71,noise/Office_noise,29305,0.8946937382699198,0.020576693397031224,0.07613035318205084,0.008599215150998122,0.011977478246033102,0.01628901715882559,0.8771591188650069,0.914308526836545,0.8778121264509878,0.9125584811504635,0.012308583727772038,0.028962294632198522,0.011880847984860948,0.02916940988834029,0.061106073607359465,0.09220854528640862,0.061128973161124846,0.09069707221627485,0.006449562375285496,0.010921677275138288,0.0061682599702687375,0.011330894665034523,0.003594969707883481,0.02069240075175143,0.0035933478450834223,0.02019101996072225,-0.0070266798706628145,0.03689255559636049,-0.0051686947715695476,0.036380410868858674
seed,71,noise/Public_noise,25931,0.88307431259882,0.011761983726042188,0.0945972002622344,0.010566503412903475,0.0011954803131387134,0.009976789901251037,0.8567822554463357,0.9023820452588002,0.862197824792816,0.8989873221021829,0.006707884059059999,0.018700881274757164,0.00589260830857296,0.018745099912827926,0.07815218421804067,0.11636245298992126,0.08101195042200468,0.11343437610807589,0.005749887993022834,0.018123525878510134,0.006808651390279482,0.01533295603787931,-0.005075961959023343,0.007049255086353685,-0.005091319478136935,0.008408512671053955,0.002841877174103487,0.020428636569219543,0.002367828695044714,0.019253084201234043
seed,71,noise/SSN_noise,31279,0.6843249464496947,0.04600530707503437,0.24470091754851497,0.02496882892675597,0.0210364781482784,0.013368882824470678,0.5761115506329293,0.776356560777158,0.5564971441420814,0.7932449037270111,0.02064403949416443,0.07606792452553306,0.01479614170731604,0.0805562270167649,0.1784410782644102,0.32533856878418393,0.17268169835895486,0.3348448787639258,0.010430610951387935,0.0447861584899423,0.008903598264600188,0.0462426838146022,-0.0032691715560282408,0.04761708599450933,-0.0020113406679456345,0.04668974393384442,-0.030003993346694423,0.054337569750001674,-0.03212515107189736,0.0557876719247572
seed,71,noise/Street_noise,26258,0.8461040444816817,0.024030771574377333,0.11569807296823825,0.014167110975702644,0.00986366059867469,0.024931341694605876,0.7614099056181398,0.8981227776384269,0.7741179896690079,0.8996472200146222,0.010520456382618695,0.04605306519740075,0.010507494283913421,0.04155080169542825,0.07509838039234103,0.1830441035096019,0.07561435184782984,0.17191197537896966,0.008918867352137023,0.019342017578868106,0.008455404847528328,0.019623979544858637,-0.00498346971301395,0.0348300501828411,-0.005114026829327751,0.03007495742338235,-0.0034457415164151368,0.07392287550523341,-0.002496243248459958,0.06314139540603275
seed,71,noise/Transport_noise,18653,0.9063957540342036,0.012491288264622313,0.06674529566289605,0.014367662038278025,-0.0018763737736557113,0.000830419270595293,0.8946208618645738,0.9178219588311218,0.8927372039648097,0.9163372457914094,0.007346609640542726,0.01820292565090488,0.0076826345793433014,0.02106310244559734,0.05539919236540581,0.07916466245338849,0.053524307524411695,0.08020787616936839,0.008239940931216678,0.021660044981497498,0.00707245476834942,0.023195415663086184,-0.009202390561452098,0.005747956946382296,-0.009803208590181231,0.007158149841311971,-0.008040375088383695,0.010036104940274886,-0.009274627344375815,0.010669001281996649
seed,83,all,298300,0.8672142138786456,0.011790144150184378,0.11305062018102581,0.00794502179014415,0.003845122360040228,0.00530032227332292,0.8499247333663283,0.8838726902792653,0.847507847474305,0.8865675705231976,0.00943699063598143,0.014311626284705366,0.008935511293258359,0.015038357535635871,0.09819237629804545,0.1280706326416938,0.09724261598840857,0.12940780413185624,0.005855057771360042,0.010429394644439727,0.0058309261595682,0.010629180050416076,0.0009449501046362552,0.006645057739149311,0.0009131357468134719,0.007219520486515303,-0.00020420565326696898,0.010153922277081546,0.0007133014746706527,0.010599073997984949
seed,83,clean,57735,0.8988308651597817,0.021373516930804536,0.07078894951069542,0.009006668398718281,0.012366848532086255,0.02528476190443984,0.8857317424519828,0.9118702422106664,0.8798047794713176,0.9162553755065228,0.016453049981146203,0.026897239677218358,0.014734049308339764,0.02952630470682591,0.06120706633725116,0.08069193118063386,0.05875518715391126,0.08339541282270341,0.006019927193575156,0.013350164271173172,0.005321083775398823,0.013393662358143373,0.005644688306379854,0.01899262891003159,0.004812067709879613,0.021091750262338154,0.017374603696048773,0.03344329816527522,0.015569794772745291,0.03730015421674441
seed,83,seen,164375,0.8897825095057034,0.0066433460076045624,0.09797110266159696,0.005603041825095057,0.0010403041825095055,0.003215859154502834,0.8790890337772821,0.9001941033970962,0.8795027549372441,0.8980993085384287,0.005513777196475428,0.007943441232707777,0.005491014354819192,0.0077847437655229135,0.08822105271242052,0.10799581838909644,0.0900752838693823,0.1080938757641545,0.004344020426294556,0.007175142855858172,0.004339973020129923,0.006797137186699381,-0.0009700608077661437,0.002792581040987059,-0.00026323686502628457,0.002431916445584228,-9.011399000893797e-05,0.006385760696857135,-4.7993851559513326e-05,0.006569767062879086
seed,83,unseen,76190,0.7945662160388502,0.015631972699829372,0.17760861005381284,0.012193201207507547,0.003438771492321826,-0.0053463242281403065,0.739293012977313,0.8435492113092626,0.734537708087429,0.8502377171017822,0.008270619677994431,0.024010873683482516,0.007593148771084171,0.025089115316432528,0.1346797312113832,0.22744584380194718,0.13107311158354748,0.22947214640494104,0.007184104972347107,0.01944085199939918,0.0066906411360104,0.019215773262195753,-0.007835532092769588,0.013124838628098495,-0.007577083359568906,0.014660372299206826,-0.025235632968388412,0.012352900609076078,-0.025001487768740054,0.012512530550325043
seed,83,seen/-5,29295,0.8615804744837003,0.004437617340843148,0.1267110428400751,0.007270865335381464,-0.002833247994538317,-0.0004979817337336029,0.8336596851099124,0.8846145603075961,0.8447531737138049,0.8763713481846516,0.0024993270668061834,0.006256117826298623,0.002617640053792577,0.00653763795281941,0.10673579324470378,0.15088031334885116,0.11180190699192848,0.14576029358066714,0.0027712550282073937,0.013926845174527885,0.002776493391837475,0.010816506774994208,-0.010232471076363645,0.0018888228997713098,-0.007151441489011938,0.0021995981202316737,-0.015499806617685914,0.010764396689181334,-0.011466881803944772,0.014325262860196268
seed,83,seen/0,24179,0.8652136151205592,0.004756193390959096,0.12585301294511766,0.004177178543364076,0.0005790148475950203,0.004303222770232102,0.8387365354926148,0.8890139370417328,0.8462880707417172,0.8844860564948855,0.002349725873435363,0.008210644679751663,0.0025525573804355303,0.007629699328286517,0.09980810122791255,0.15317846790730288,0.10344263935487669,0.1463790403062415,0.0019241147321948295,0.00731887537538303,0.0018100087377571747,0.007910698000357989,-0.002094155185705213,0.004288902828171518,-0.001979543667850398,0.0033454095915535793,0.00046499715112057843,0.008780163261980783,0.0021652432744187107,0.006257886135586703
seed,83,seen/5,20673,0.877376287911769,0.010690272335897064,0.10704784017800996,0.004885599574323997,0.005804672761573067,0.007247354789625465,0.8556443175883425,0.8979725511114732,0.8540782279231451,0.8974931407965184,0.006353674876058346,0.015137212322935552,0.007649512779581358,0.013237954277303062,0.0865176586420227,0.1293523565974278,0.08672484854959917,0.1317444395063604,0.002376452718356821,0.007808679956337793,0.002765968012349612,0.0070315828320641986,0.002462965852016274,0.00957954321993309,0.003677310011300397,0.007915606255297726,0.0029154942011623084,0.011870171781371472,0.004071276698512412,0.01179828674112795
seed,83,seen/10,33027,0.8939049868289581,0.00738789475277803,0.09380204075453417,0.004905077663729676,0.0024828170890483538,-0.0001618644684999338,0.876809724664312,0.9113676509074637,0.8765305390194956,0.914584566765015,0.0052121879513420824,0.009705625076553648,0.004776659369242261,0.009554735051483382,0.0762600103306991,0.11012207236111567,0.07482466198864605,0.10981060281598014,0.0032444511032739863,0.006864989410633237,0.003019057959886833,0.007217601559744907,0.00021491836165608456,0.005107544338984372,0.0003337579395712284,0.004926021495242631,-0.006240980024234089,0.0044390290393754965,-0.005872542230736684,0.00448643542108833
seed,83,seen/15,28497,0.9140611292416746,0.0067024599080604975,0.07376215040179668,0.00547426044846826,0.0012281994595922377,0.0031119595221379315,0.8959462185892287,0.9277160533774274,0.8983634514518386,0.9261187340477847,0.004439890130160224,0.009813345393522776,0.004398850795864057,0.010004136352523093,0.06076274947250538,0.09093780215628129,0.061350520129709395,0.08780733288669869,0.003628564075533338,0.008107878782412935,0.003529957841566964,0.008465145351279535,-0.00189716190228538,0.00441354194026769,-0.002026812128849372,0.004709034466980648,8.392882861691339e-05,0.006499307454644739,-0.00025022825906547704,0.007550027646099977
seed,83,seen/20,28704,0.9193492196209587,0.0066541248606466,0.06744704570791528,0.006549609810479376,0.00010451505016722401,0.0071762619071398664,0.9056327439657395,0.9305907100713804,0.9042561277214421,0.9307800604010315,0.004486148182068882,0.009135104958700211,0.003945591951770433,0.009743694485955986,0.057837601138249616,0.07972332494308608,0.05838145085337364,0.07890738729619227,0.003586561843474208,0.010264762522736866,0.003339900756999844,0.010666273756983235,-0.004148450961945976,0.004020483006727878,-0.003774493570690101,0.0035859905189357505,0.001533125118918238,0.01357045757864531,0.0010601436136032458,0.013910056790683448
seed,83,unseen/-5,15416,0.6696938245978205,0.027244421380384017,0.2734820965230929,0.029579657498702647,-0.00233523611831863,-0.03395150627009503,0.5445406272750545,0.8200658686327164,0.5631820986379655,0.8631201199116171,0.0056522238140772,0.05154343550390365,0.005354614238706315,0.05458956592380975,0.1537946551162594,0.38815161276589005,0.11903798702728458,0.37571911296599914,0.007860455878739046,0.06382463035511393,0.0054615282240849505,0.05424771752683894,-0.0540278645173971,0.03447387580137309,-0.046525035149429,0.03952581336531731,-0.13685131541874387,0.03945957463763826,-0.1533937171038652,0.042662816835211705
seed,83,unseen/0,14355,0.79554162312783,0.021873911529083943,0.17157784743991641,0.011006617903169627,0.010867293625914315,0.005108025514261202,0.6358885031416989,0.8823653908409701,0.6251590820299076,0.8938808915470156,0.003964468694640381,0.060712503579624474,0.004472772836356931,0.05961177352044016,0.0983022873669494,0.3020727172636102,0.0879054796439817,0.3174476598844989,0.0036115952316805025,0.020016237839321164,0.0039113027046600276,0.019477228800233014,-0.00423563742234077,0.0480227386070049,-0.005343153724139998,0.04751367378206909,-0.01906793712981139,0.046788792195980804,-0.019300971367437747,0.04878228580493412
seed,83,unseen/5,14823,0.7252917762935978,0.006341496323281387,0.25878702017135535,0.009579707211765499,-0.003238210888484112,-0.025292787744068023,0.5433391538733695,0.8869360657460067,0.5084208520866195,0.8820389792171484,0.0011712743001471085,0.01105756111821246,0.0009567080670733423,0.011800290223844219,0.10814226933804785,0.42962465920800513,0.10927497850308422,0.4653129222145633,0.003162396042382121,0.017250928613383558,0.0034930416799697217,0.018388977305497406,-0.00822220310394685,0.0003035518300071605,-0.009215892613102633,0.00017644041132623762,-0.05767057598941082,-0.0014973371850164855,-0.06294981601735129,-0.0016670128280039177
seed,83,unseen/10,6391,0.8607416679705836,0.018463464246596777,0.11672664684712877,0.004068220935690816,0.014395243310905961,0.025827407929029548,0.7536943188478606,0.9119879198972216,0.7538887498630804,0.9157323691684528,0.00259193290168362,0.05251441999203237,0.0015995521364832953,0.05234781430926046,0.07799228909315424,0.19315057380942677,0.07433829365414972,0.19311109915955663,0.0006850139276286705,0.006387305101001583,0.0008533227701779625,0.00679421707359807,-0.0024173357513292792,0.050042640300103615,-0.003027739070458621,0.050006519677572275,-0.004416196486528521,0.08617034432807369,-0.005744648451350818,0.08831102208369099
seed,83,unseen/15,16127,0.8871457803683264,0.009735226638556457,0.09797234451540894,0.005146648477708191,0.004588578160848266,0.009557037762935391,0.8527124706938347,0.9178233630582584,0.8509692882841389,0.9179933143204451,0.004613144135129339,0.016553272298888557,0.004602903628775865,0.016270945008898904,0.06818997019714647,0.1284508881974009,0.06670084219678832,0.12930539920123327,0.00240457615151857,0.008864624327995263,0.002623841803997282,0.009183612866070568,-0.0007813355341704578,0.01067668435240003,-0.0017808477484720386,0.010332202193525198,0.000782901435326918,0.021367423446780946,0.0002171641669168371,0.022256530107695918
seed,83,unseen/20,9078,0.9071381361533377,0.009693765146508042,0.076118087684512,0.007050011015642212,0.0026437541308658302,0.010845996046881334,0.8778130798450197,0.9349474085402699,0.8756265722684926,0.934998620270095,0.002380901808471902,0.01979027970438965,0.002843275914884755,0.020048567719925442,0.05765134832988398,0.09603554007015815,0.05677885131744812,0.09595313172418247,0.0016838186907046334,0.013025110894938772,0.0019536973765779983,0.013699684225267694,-0.00578362034407499,0.013173036076256719,-0.0068647641988927015,0.013270550451729052,-0.0006484216563456656,0.02501536521961756,-0.000535896489512922,0.02277980670817668
seed,83,noise/Babble_noise,23330,0.8512216030861551,0.0036433776253750536,0.14247749678525504,0.002657522503214745,0.0009858551221603087,0.003120383033719319,0.8219158313798827,0.874007629633135,0.8226216782304335,0.8730104037526607,0.0016801082552081123,0.005747036387173235,0.0018074995856957974,0.005713953518088478,0.11767574153454466,0.1739801555418739,0.11915103205061499,0.1728011595472557,0.0011494608582340135,0.004197771363092896,0.00151108619092276,0.003877644646427168,-0.0007352865463204299,0.002615158902208443,-0.0005493181280630669,0.0025215979531458647,0.0009626291713142513,0.005143942187457253,0.0017402219138704731,0.004407649546545522
seed,83,noise/City_noise,27887,0.8859325133574784,0.01100871373758382,0.09542080539319396,0.007637967511743823,0.003370746225839997,0.0011062492758403023,0.8729727695564962,0.8970591471995497,0.874074660284534,0.8970473509136488,0.008299896411050327,0.014082871048163258,0.008738775860891699,0.013401445253303754,0.08365425463752683,0.10873089662259709,0.08323275345803885,0.10706535649651343,0.004853244737843852,0.01121705209440745,0.004508674899088663,0.011995783892151815,-0.0009887149356021386,0.0073773314386230155,-0.0015254634072831934,0.0072443046480673385,-0.005311303546094197,0.0071221456942188064,-0.005703054542556799,0.007110376929940808
seed,83,noise/Domestic_noise,28968,0.898025407346037,0.00327948080640707,0.09206710853355426,0.006628003314001657,-0.0033485225075945866,-0.0013937217420312072,0.8749658378391914,0.9154931404789338,0.88071029603008,0.9154343628504817,0.0016812146169931652,0.005450305807671817,0.001690409345722377,0.005533665581147083,0.07595272222874946,0.11154147279812646,0.07537927063429814,0.11042498869224776,0.003199317636396057,0.012674207861421214,0.0033029439658977832,0.010313257972259867,-0.009779481212761348,0.0010527725247990497,-0.007651501331019788,0.0011287480150897883,-0.012848876530822933,0.0058883914412532655,-0.01120970735182308,0.00807783242477389
seed,83,noise/Nature_noise,28954,0.9012226289977205,0.007045658630931823,0.08589486772121296,0.005836844650134697,0.0012088139807971262,0.0060998887606859625,0.8828417728827589,0.9182194866191735,0.8801240509044329,0.9202011496599521,0.0047333930775705834,0.009793433363888956,0.004853492715872906,0.009602764444531241,0.06945243596114205,0.10317989722166568,0.06682470978551376,0.1063983730132558,0.0029694283521688168,0.009510659658457103,0.0023580990998286156,0.010712134647278262,-0.0030689400926208056,0.005403941094802066,-0.003928978113237024,0.005817168682424594,0.0008116132057645328,0.01180585042113247,0.0002383568746652805,0.012384989147703427
seed,83,noise/Office_noise,29305,0.9075584371267702,0.008360348063470397,0.07776829892509811,0.0063129158846613204,0.002047432178809077,0.005485625662465384,0.8889342676986495,0.9245800128085326,0.8863496049333597,0.9254010191356347,0.005875305854405749,0.010762899682727858,0.00582195431756561,0.011003762859486609,0.06263680650886948,0.09435179584213894,0.06182859151732124,0.0951016954445567,0.00376822740192183,0.009100502361310452,0.003412473683595237,0.010058224514802695,-0.0008972220673479588,0.0049283234486015536,-0.00132283024721362,0.005509581053038672,-0.0034092254017630123,0.0129410660691215,-0.00271060093473033,0.013207606382096478
seed,83,noise/Public_noise,25931,0.8865450618950291,0.0060159654467625626,0.10358258455130924,0.0038563881068990782,0.0021595773398634843,0.004934604565851051,0.86195669965916,0.9054853166566821,0.8670260820577352,0.9008709725491323,0.003214467104481567,0.009935591143231523,0.0037897452520367025,0.00891592679807108,0.08640908269771176,0.12610337018818493,0.09099829795052194,0.12131910067556062,0.0020944772920832733,0.0067209571374018204,0.002446007660562359,0.006085477326677231,0.0004913051102965211,0.004480337928139106,0.00038351305510610207,0.004221365925353978,-0.0014043417207564742,0.012396060664028924,-0.0016857757746996094,0.010721338695134936
seed,83,noise/SSN_noise,31279,0.6715687841682918,0.027878129096198728,0.2916013939064548,0.008951692829054638,0.01892643626714409,-3.0072836889563145e-05,0.5507352022478219,0.7772779864116975,0.5298472275002091,0.7946932526153618,0.011640875386147958,0.049390922297522726,0.008893609775775035,0.04978784017090137,0.20017432228161844,0.39820450964255555,0.18620937249398556,0.4140567807936271,0.0038130569995876266,0.014536491841832052,0.0036503034189175995,0.014904829726756469,0.004512408699878262,0.039258185926367886,0.0036334596103943465,0.037756845315136796,-0.03912007891414339,0.03555597144238904,-0.042183435668635236,0.0316279008605881
seed,83,noise/Street_noise,26258,0.8559296214487013,0.006588468276334831,0.12003960697692131,0.0174423032980425,-0.01085383502170767,-0.014237451809576251,0.7661209465265921,0.9079739920567375,0.7780613604028888,0.9086284452045189,0.0038336094816946355,0.00903404714545139,0.0040809669019868,0.008532131351203575,0.07985250171008446,0.19025223105886985,0.07973999672975837,0.17931008203592902,0.005303842864756067,0.03886726776789109,0.0041424396636816066,0.037256698349771515,-0.03346632458205766,0.0013997928883079465,-0.03102377659904322,0.0016540480066486404,-0.05241348242607458,0.009066511460836799,-0.0466903524897532,0.008604483134857496
seed,83,noise/Transport_noise,18653,0.9144373559212995,0.007827159170106686,0.06749584517235833,0.010239639736235458,-0.002412480566128772,-0.0017449624757995027,0.8998537043868882,0.9273900620640707,0.8975105782297548,0.9266895561102888,0.004552185988239013,0.01164073638567839,0.004929396502276264,0.012315155243944142,0.05641434908348916,0.07970083575475279,0.05657138205158924,0.07967685327592992,0.005751851966182297,0.015381596366374652,0.005438375849205902,0.01701985439635812,-0.007686451980385039,0.0021548553992420593,-0.009254511504976484,0.002595015604721256,-0.00887197187071463,0.005640520856185854,-0.009850219976083811,0.005324974772455956
seed,97,all,298300,0.8695709017767348,0.01980891719745223,0.10157559503855179,0.009044585987261147,0.010764331210191084,0.01887877710182893,0.8535256866558585,0.8851267394745197,0.8516836095307396,0.8867079459274277,0.015570994748086531,0.02444435928426521,0.01446241482755206,0.025755849929179966,0.08975995816471057,0.11343550782976389,0.08955645331660216,0.1142727378100365,0.007606438661893998,0.010513919920763917,0.007640593102413711,0.010395851767396281,0.006754135978480699,0.01489544477276881,0.005915426481736697,0.016010501295359695,0.013786211601884186,0.023941351743521952,0.012719226463180366,0.025398471209814352
seed,97,clean,57735,0.8970988135446436,0.030276262232614534,0.06444964059928986,0.00817528362345198,0.022100978609162554,0.04342353337109401,0.8840994307343414,0.9095781898641109,0.8766054319585945,0.9147657841881744,0.024110721156469544,0.03715961912257568,0.021917320020817144,0.04083773338493794,0.055916970226146875,0.07398258857377463,0.05240500142510104,0.07776983646852367,0.006533330753424194,0.010119314721137534,0.00650630460765277,0.010183126946438135,0.015395375047686417,0.029542465202176276,0.013572734323937357,0.032831633668939986,0.0340344062378148,0.053188536540043074,0.03149202171291605,0.058766368045656416
seed,97,seen,164375,0.8896730038022813,0.010664638783269962,0.09182661596958175,0.00783574144486692,0.002828897338403042,0.0074147282464663705,0.8787883757811163,0.9003912225339693,0.8794664672709318,0.8983494448696748,0.008351609524329888,0.013488711977100809,0.008118009941997307,0.013470593221534361,0.08257477100780258,0.10135300774220747,0.0841199620616759,0.10076405937063873,0.006231610144867837,0.009735407849395474,0.006163978013500966,0.009506759278841346,0.0007160529786384658,0.00525804886654194,0.0005262996472487455,0.005585820027860442,0.0028338087916083008,0.012450575541029248,0.0029215881619389437,0.012635124568359225
seed,97,unseen,76190,0.8053419083869274,0.03160519753248458,0.15074156713479459,0.012311326945793412,0.019293870586691166,0.025012279233266137,0.7587762254604608,0.8482364483303974,0.7550895936506711,0.8525277940340024,0.018551674385581723,0.047461264001548494,0.017282062478748403,0.04978250685175044,0.11860749825473292,0.18566498271723794,0.11735056792613562,0.18603954599221684,0.009327982945020767,0.015726004607032985,0.008806906561342545,0.0159189509705069,0.006697049569319562,0.03438694794422032,0.006000110010037757,0.036565059460916094,0.009529341484628752,0.042288210666787514,0.008164091277445764,0.04487118254496558
seed,97,seen/-5,29295,0.856152927120669,0.01348352961256187,0.12210274790919952,0.008260795357569552,0.005222734254992319,0.014847513169795563,0.8287933413486305,0.8818510810080092,0.8381544153054132,0.8743846527938273,0.005399606464552299,0.021609213680654514,0.005111725775125188,0.022626313837917487,0.10182354233458984,0.1461981989413109,0.10463678943502489,0.14249556131323607,0.004018827635371707,0.015022821156047177,0.0030206401823086575,0.012441456826452712,-0.006594427132560347,0.01507179157456929,-0.0048086899974739425,0.0166328462760271,-0.005277622197800613,0.03190376590133546,-0.0007352771380068449,0.0346327839594054
seed,97,seen/0,24179,0.8633111377641756,0.007485834815335622,0.12089002853716034,0.008312998883328508,-0.0008271640679928857,0.005870740761995423,0.838472933501327,0.8870789642821089,0.8431177719901596,0.8838769340895479,0.004358746804254068,0.01211381813204017,0.0047952592750748245,0.011323536278470134,0.09383180443539722,0.14923232321673705,0.09659787468546593,0.14372270895897074,0.004137412834788946,0.01362235351085627,0.003776506795849927,0.014752418184451107,-0.006798988782602316,0.00524438336598357,-0.007981169532537802,0.005053784268391837,-0.003296015233315866,0.014109754257286139,-0.0022546456780837606,0.012014921681674003
seed,97,seen/5,20673,0.8740869733468776,0.01644657282445702,0.10042083877521404,0.009045615053451361,0.007400957771005658,0.013869414717046332,0.852717783377719,0.8962164914567583,0.8509344370768759,0.8946680298584495,0.007810210260123517,0.024489480966084845,0.009832889313302234,0.022763403786376136,0.07980501875919008,0.1243322978832208,0.07885274572410819,0.1277735512032284,0.004240397794563969,0.01469399493826211,0.0050789099217776875,0.014005163380049727,0.001836458141538623,0.012726162926203374,0.003601343971064821,0.011885160298176847,0.006138191039607388,0.02219853510760494,0.008316131948994556,0.022429374573304114
seed,97,seen/10,33027,0.897356708147879,0.010082659642111,0.08502134617131438,0.007539286038695613,0.002543373603415388,0.0007397243559372892,0.8799328661199186,0.9131416298214664,0.8800382666394965,0.9146583196205628,0.007120556805286971,0.013669762585285525,0.006912865735461676,0.01355544732371907,0.07101019857163356,0.0996792765990185,0.06973489768590335,0.10006045167817086,0.005296151925513978,0.009929424760991923,0.005272293011049851,0.00968559643253071,-0.00017518714812035595,0.005865338041489597,-0.0005256701323567978,0.006239608497224009,-0.008529312380385849,0.008086019893276945,-0.007247983505526865,0.008852040064661117
seed,97,seen/15,28497,0.9162017054426782,0.008527213390883252,0.06702459908060497,0.008246482085833597,0.000280731305049655,0.0029933926079165696,0.898623451532393,0.9304519071490416,0.8994404099765442,0.9297222641583345,0.005609474490791448,0.01184297609660741,0.0052826951383446764,0.012294937983807132,0.053783460939309025,0.08373037198855379,0.05490099849518244,0.0820729295865409,0.005017017937490768,0.01308239107618944,0.005331226226125152,0.01258782163287717,-0.0037130606380426302,0.003497785052916962,-0.0028002353864727348,0.0035434200886792482,-0.0007718375507634597,0.007222281151262732,-0.001070948480923486,0.008567325058191123
seed,97,seen/20,28704,0.9221362876254181,0.009092809364548494,0.06270903010033445,0.006061872909698997,0.003030936454849497,0.008550495416061283,0.9079530283151167,0.9330331752909617,0.9089838706584847,0.9328457451600658,0.00621662697387366,0.012457992986553597,0.005573387025306733,0.01336595387746326,0.05322323495972367,0.0749583201058195,0.0526758390834785,0.0737889266523066,0.00402993847136649,0.008776178556151825,0.004081030424174363,0.008649441476056166,-0.0006614864444796898,0.006744501443491788,-0.0007822802419087364,0.007447777005105948,0.002077543440276637,0.015960927633406896,0.0013834425006961897,0.016760874364707273
seed,97,unseen/-5,15416,0.692008303061754,0.05429423975090815,0.23125324338349768,0.022444213803840166,0.031850025947067984,0.037972765981252335,0.5751826149858504,0.812637757755534,0.5990403737598907,0.8528531864950566,0.014435276541072935,0.09062176271637852,0.010079678017044515,0.09340866399830752,0.13836838425436074,0.33961221285941856,0.11573648166642887,0.3182177965245222,0.011575188897588806,0.038328219188957756,0.010406930268660866,0.041326243522265174,-0.017482518687102138,0.07366194797004953,-0.025588214370475273,0.07618931722538771,-0.036194248213022244,0.08594048424064131,-0.0600470214081161,0.0890464254926644
seed,97,unseen/0,14355,0.808707767328457,0.0296760710553814,0.14691745036572623,0.01469871125043539,0.01497735980494601,0.023844069455033423,0.6845969791156555,0.876821392748433,0.6752218219971075,0.8859951322934693,0.00650285545839976,0.07700051877088863,0.006007347272061997,0.07655593370949944,0.09344409033460191,0.23262125717611884,0.08657061487828818,0.23866297153291646,0.005971587201583386,0.02639318373408372,0.005898288351238119,0.02672808981005327,-0.0037680266008823654,0.058236610250574916,-0.004284360700941011,0.057579470961352755,-0.0010555749722305349,0.07241085289212995,-0.0030413451323009996,0.067701040462296
seed,97,unseen/5,14823,0.7495108952303852,0.0411522633744856,0.20070161235917156,0.008635229035957634,0.03251703433852796,0.03194174465840178,0.5973429337677689,0.8883608085938136,0.5697936931988117,0.8855743167131385,0.0061287272935514345,0.086732916418795,0.00575419136063781,0.08823773307382976,0.10090849551002848,0.30879871514156076,0.10157329174606866,0.3292778883750776,0.0036998723963642486,0.014222128963705857,0.003720443315246358,0.01515720647937284,0.0018936151038979763,0.07471103678121434,0.0015458548169884506,0.07710387450978078,-0.0036935275450090607,0.08349206411488075,-0.0033577178946627454,0.08774857181438059
seed,97,unseen/10,6391,0.8691910499139415,0.03191988734157409,0.09356908152088875,0.005319981223595682,0.026599906117978408,0.0309690413282622,0.7796464633523292,0.9149401073978913,0.78029979159626,0.9158935116378907,0.00745766890984807,0.08424479451063767,0.007123799805961661,0.08273313958924172,0.06845717782530064,0.13787487755868985,0.06748179123362241,0.13802292744034697,0.0011425662572721398,0.008359760724194091,0.001559186833159436,0.009082869188447217,0.0017249632624906609,0.08071923197200136,0.0008251389542052856,0.07838166463405481,-0.0025305733105383784,0.0975545391575392,-0.005442833349320927,0.09941155847712965
seed,97,unseen/15,16127,0.8766664599739568,0.014013765734482545,0.10008061015687977,0.00923916413468097,0.004774601599801575,0.011219844019033524,0.8435710915759302,0.9093428417751076,0.8414916897096987,0.9097595716656768,0.005804162872174169,0.024782985597787827,0.0061147121100321635,0.024859628133987177,0.06622178949621248,0.13178559685712232,0.06469358571596796,0.13279448358107845,0.0049318741148703165,0.015100635220035791,0.005509879391633781,0.015018998871533889,-0.0036957294896300167,0.0140949344238226,-0.003872370050227245,0.014049538135833322,-0.0006180420913357638,0.026625758452272854,-0.0010287811344710611,0.027810357139144225
seed,97,unseen/20,9078,0.9119850187265918,0.011566424322538004,0.06873760740251157,0.007710949548358669,0.0038554747741793346,0.013844208932935606,0.8872296399473271,0.9356065341133003,0.8865538128608844,0.9360466507188919,0.003575297418485754,0.024117959957401607,0.003943619733093417,0.02406899608419221,0.0531184164375424,0.0844675207837947,0.05228592281638597,0.08410663701172709,0.0027212671674347625,0.013298949963616661,0.0028761280200730426,0.01423934641431828,-0.003677435455206144,0.014546007547288364,-0.004246207022285029,0.014552966687372567,-0.0012858744979332823,0.031243008793353937,-0.0011139845402547046,0.029830675174462192
seed,97,noise/Babble_noise,23330,0.8529361337333905,0.0056579511358765535,0.1345477925417917,0.006858122588941277,-0.0012001714530647236,0.00556666069616482,0.8230169868747762,0.8763249266647998,0.8220157251547825,0.8759391198611175,0.002619856305482855,0.009112431396337188,0.0026457490692925237,0.009276037975417286,0.10712556994780671,0.16769327592209254,0.10815445125697579,0.1698365354094754,0.002615795492795911,0.011273079405736689,0.00265787704244883,0.01165205193343684,-0.0057062816771621325,0.002113749460043684,-0.006118827271908171,0.0027946149813451683,-0.0019905241450107166,0.012511864942110212,-0.0015855258140662967,0.011466427015042165
seed,97,noise/City_noise,27887,0.8883709255208521,0.012909240864919139,0.08688636282138631,0.011833470792842544,0.0010757700720765949,0.004599660248533468,0.8708799481433751,0.9023027655307685,0.8755949166876054,0.9007622359074139,0.009889508611671973,0.016819369386208007,0.010451430843302866,0.015922709200380084,0.07522621789291024,0.10187972526412857,0.07252019682786717,0.10050922091495534,0.007923966289677273,0.016774036607476138,0.007963767473508567,0.0169387571911966,-0.0043123147504474145,0.006045222830519837,-0.004807376371921314,0.006461627148099892,-0.004657706073790019,0.013513033937185283,-0.0047606893534300814,0.013129727941468319
seed,97,noise/Domestic_noise,28968,0.8953673018503175,0.006697045015189174,0.09058271195802264,0.007352941176470588,-0.000655896161281414,0.0036622192303789255,0.8738400751399572,0.9126111624300537,0.8786658902097173,0.9120629450094878,0.004135181727402667,0.009603992713936577,0.004240018773738244,0.010202545703510852,0.07537130903520212,0.10871631083851563,0.07569441384050238,0.10782762973263572,0.0035544958124636527,0.013215774581924196,0.003044929664850722,0.011535365883985304,-0.006772023490974456,0.004452587730361713,-0.005908064231510263,0.005319511566631852,-0.0061428059984521095,0.01262871068211864,-0.007598938418190639,0.01632497058887833
seed,97,noise/Nature_noise,28954,0.9026386682323686,0.01129377633487601,0.08009256061338675,0.005974994819368654,0.005318781515507357,0.011369286248406087,0.8839811122820032,0.9188665840060711,0.8809764666547464,0.9219089165920289,0.0066695146292780295,0.016960746128387837,0.006701782505886761,0.017669866757203376,0.06565884274308309,0.09592984636368053,0.06200778188696509,0.100474654645794,0.00409220010868785,0.008342607498507277,0.003768801572803348,0.008867058991029762,0.0007854287113293655,0.010629543008033603,0.00016771512271253228,0.011701162447472277,0.004349703880470221,0.01966466201454295,0.0027494193941046134,0.02227511083251861
seed,97,noise/Office_noise,29305,0.9033612011602116,0.015355741341068077,0.07309332878348404,0.008189728715236308,0.0071660126258317695,0.012815196976273424,0.8851346510208485,0.9238279311316396,0.8844146284039108,0.9231316131893643,0.008127265757046703,0.02314986042185161,0.008243495870694123,0.02267140240818873,0.05812096605411589,0.08896671676070113,0.05788488653863402,0.08941455893094884,0.005669835909404232,0.010721247219304706,0.005331433062456319,0.011503929514947416,0.000384232584659373,0.01486568406665369,0.0008041911843196672,0.01410053541383461,-0.003839310324871895,0.02828069440047115,-0.0024757725805118,0.02749186823117674
seed,97,noise/Public_noise,25931,0.8878176699703058,0.011183525510007328,0.09436581697582044,0.0066329875438664145,0.004550537966140913,0.005778111450729714,0.8617587578068294,0.9068136849659965,0.8670965337002456,0.903026858450532,0.005204735579122566,0.020403798059607275,0.0049825555215256894,0.01904656821728345,0.07843799571171199,0.11635480576675968,0.08076195032182287,0.11375386156838381,0.002884538292861961,0.01295879668977676,0.003134405311279298,0.012148036034678983,0.0012513955373345223,0.009272920614829422,0.000538084362451197,0.009233524514120758,-0.0009211573991822294,0.01472388941895164,-0.0010360571030785537,0.013047666646473423
seed,97,noise/SSN_noise,31279,0.7021963617762716,0.057482656095143705,0.22791649349403753,0.01240448863454714,0.04507816746059656,0.05351732348046189,0.6043232392961466,0.7866796348148973,0.5883667380822704,0.8021845829645641,0.025623521755403944,0.09579555052240667,0.02151180622528599,0.09891831810196249,0.17064440670578754,0.2947161039513852,0.16201504985547593,0.3032563891289025,0.005506271835852117,0.02097411055003279,0.005004672881289396,0.022584942720674194,0.015066014758627056,0.08295189775677879,0.011086240686374604,0.08492494827291293,0.016401505632225314,0.09441776483988243,0.009741414443879557,0.10079466792895574
seed,97,noise/Street_noise,26258,0.8548632797623581,0.015004950872115164,0.11828775992078605,0.01184400944474065,0.0031609414273745147,0.010070449832268439,0.7769864148204718,0.904733445882168,0.7848833154767068,0.9057563321794161,0.007457300044432543,0.025948120529182453,0.0077511729373522815,0.024141778530806384,0.07711865717011118,0.18386893846608343,0.07726366917703778,0.17319056882295983,0.007052718766540218,0.017087115119030067,0.005873218588241524,0.018040542933224595,-0.005257848736949393,0.012377513257190843,-0.0013656434170859354,0.007602270925903817,-0.0029501668357890458,0.028568383856694694,0.0004362096337677648,0.021473942186839692
seed,97,noise/Transport_noise,18653,0.9085937918833432,0.01157990671741811,0.06701334905913257,0.012812952340106149,-0.0012330456226880386,-0.0017537488907159661,0.8937716382794778,0.9225289802576351,0.8895952937962125,0.9219561798354106,0.007083192404292794,0.01648988956289226,0.007181766475699941,0.018800797022369715,0.05548447137928852,0.07952612548858423,0.05401224084138486,0.08156086377333795,0.007896621263376384,0.0181494371054047,0.007489015224715257,0.019724315625520857,-0.006106746183387402,0.0032396544535023613,-0.006771526488771779,0.004681483898921246,-0.009829329607409022,0.0065203538872110976,-0.010679618072190606,0.00614181991251465
