row_type,group,domain,snr,frames,tiny_frames,marble_frames,tiny_mean_v,marble_mean_v,tiny_availability_net,marble_availability_net,tiny_p_R,marble_p_R,tiny_p_I,marble_p_I,tiny_p_H,marble_p_H,tiny_p_SS,marble_p_SS,tiny_non_monotone_rate,tiny_long_history_share,marble_non_monotone_rate,marble_stable_sufficient_long_rate,marble_mean_stable_sufficient_span,marble_oracle_net_utility_rf64,marble_oracle_net_utility_rf128,marble_oracle_net_utility_rf256,marble_oracle_net_utility_rf384,marble_oracle_net_utility_rf512,marble_long_history_share,tiny_source_ci95_low_availability_net,tiny_source_ci95_high_availability_net,tiny_source_ci95_low_mean_value,tiny_source_ci95_high_mean_value,cells_compared,cell_sign_agreement,cell_spearman_rank_correlation,seen_unseen_direction_agreement,snr_trend_agreement,tiny_seen_mean_availability_net,tiny_unseen_mean_availability_net,marble_seen_mean_availability_net,marble_unseen_mean_availability_net,tiny_seen_minus_unseen,marble_seen_minus_unseen,tiny_snr_trend_seen,tiny_snr_trend_unseen,marble_snr_trend_seen,marble_snr_trend_unseen,tiny_cell_range,marble_cell_range
cell,seen/-5,seen,-5,29295,29295,29295,0.012412656227941112,0.005635005088896815,0.004690220174091143,-0.0010240655401945725,0.01250725379757638,0.010069977811913296,0.12552312681344938,0.09930022188086704,0.007817033623485237,0.011094043352107869,0.854152585765489,0.8795357569551118,0.006557377049180328,0.8883988394651451,0.08770287141073659,0.01479640604090996,69.69405467405849,0.0010582010582010583,0.00136542072025943,0.00027308414405188597,-0.0010240655401945725,0.0021846731524150878,-0.46875000000000006,-0.006882641743458124,0.013603116056880436,-0.007056801969678441,0.02928109374501854,,,,,,,,,,,,,,,,,
cell,seen/0,seen,0,24179,24179,24179,0.006083585783943083,0.008142742920752396,-0.0001158029695190032,0.002977790644774391,0.007262500516977542,0.013234625087886183,0.1226270730799454,0.08945779395343066,0.007378303486496545,0.010256834443111791,0.8627321229165805,0.8870507465155714,0.0009633911368015414,0.9004870106623953,0.10350382601691502,0.017912092959169613,70.34032976622423,-0.0003722238305967989,0.0006203730509946648,0.0036395218991687,0.002977790644774391,0.0031845816617726125,0.9350649350649352,-0.004105321902119784,0.0037495664373669918,-0.000793238661855327,0.012527225147911025,,,,,,,,,,,,,,,,,
cell,seen/5,seen,5,20673,20673,20673,0.015245997872062324,0.004586233470311451,0.007662168045276448,0.003240942291878296,0.015498476273400088,0.01170609006917235,0.10490011125622793,0.07478353407826634,0.00783630822812364,0.008465147777294055,0.8717651042422483,0.9050452280752673,0.0008067769261799112,0.9650798464489927,0.116331096196868,0.01435129003324012,69.11581280008441,0.0006772118221835244,0.0011609345523146133,0.002466985923668553,0.0032409422918782955,0.0032893145648914043,0.9852941176470589,0.0023439572402033466,0.013650298191349502,0.007249025033473076,0.023798090859801866,,,,,,,,,,,,,,,,,
cell,seen/10,seen,10,33027,33027,33027,0.0008240523652653266,0.0012966309080738917,0.0027250431465164864,0.0033003300330032995,0.010439943076876495,0.009870711841826384,0.0874193841402489,0.06340267054228359,0.0077148999303600085,0.006570381808823084,0.8944257728525147,0.920156235807067,0.0038314176245210726,1.0296904697824572,0.12768595041322314,0.012056437159894426,68.22301150249275,0.001756138916643958,0.0016047476307263753,0.003270051775819784,0.0033003300330033004,0.002482817089048354,1.329268292682927,0.000172647876893028,0.005587982047775893,-0.009220291213019077,0.008719134286177108,,,,,,,,,,,,,,,,,
cell,seen/15,seen,15,28497,28497,28497,0.0054430814096716905,0.00034185603254271215,0.0020914482226199235,0.0017194792434291322,0.00987472365512159,0.006281362950486016,0.06924237639049725,0.05249675404428537,0.007783275432501667,0.004561883707056884,0.9130996245218794,0.9366599992981718,0.004604051565377533,0.9637073089528273,0.11582089552238806,0.009009009009009009,67.42848633757724,0.0016492964171667193,0.001333473698985858,0.0008421939151489631,0.0017194792434291329,0.0014036565252482718,1.2249999999999999,-0.0010939015891930695,0.005508803582089132,0.0005754055270641985,0.010928081622422064,,,,,,,,,,,,,,,,,
cell,seen/20,seen,20,28704,28704,28704,0.012426679961201052,0.0005803992979025655,0.0035395763656633234,0.000975473801560758,0.01113433667781494,0.005016722408026756,0.06372630992196208,0.05048076923076923,0.007594760312151616,0.004041248606465998,0.9175445930880713,0.9404612597547379,0.004422604422604423,0.9999291633646344,0.10483364720652856,0.007076514816452897,66.6890756302521,0.0009754738015607581,0.001741917502787068,0.001254180602006689,0.0009754738015607581,0.0007316053511705685,1.3333333333333335,-0.0013722711230418861,0.00848263356530946,0.005188197307675798,0.020435693259046882,,,,,,,,,,,,,,,,,
cell,unseen/-5,unseen,-5,15416,15416,15416,0.04271566609087656,0.05186658038117928,0.034795018162947604,0.02692008303061754,0.05609756097560977,0.04411001556824079,0.2436948624805397,0.1868837571354437,0.021302542812662167,0.01718993253762325,0.6789050337311884,0.7518162947586923,0.014554794520547944,0.02352650397384572,0.13451277730974445,0.032872402086610915,76.84557423201126,0.0009081473793461339,0.014660093409444732,0.02004411001556824,0.02692008303061754,0.014400622729631551,1.8693693693693694,-0.004258061743313615,0.06903827174168722,-0.026931728084764264,0.09035545190470194,,,,,,,,,,,,,,,,,
cell,unseen/0,unseen,0,14355,14355,14355,0.011658398826581935,0.04014419775966751,0.009696969696969695,0.017972831765935213,0.02531522117729014,0.026332288401253918,0.1608498780912574,0.12741205154998259,0.015618251480320445,0.008359456635318705,0.798216649251132,0.8378962034134448,0.011231748408835642,0.8254831995068169,0.14046216583597643,0.0171586565829064,70.86996828494755,-0.0006269592476489029,0.01616161616161616,0.016300940438871474,0.017972831765935213,0.010379658655520724,1.7315436241610738,-0.006628226652038162,0.03877414861824732,-0.0047759694208260985,0.04833731620040449,,,,,,,,,,,,,,,,,
cell,unseen/5,unseen,5,14823,14823,14823,0.011057784604086634,0.046855457189410914,0.01230520137623963,0.034945692504891046,0.024772313296903464,0.04439047426296971,0.2372259326721986,0.15233083721244012,0.012467111920663835,0.009444781758078662,0.7255346421102341,0.7938339067665116,0.007233724120728361,-1.1822036349906735,0.19375857338820301,0.02067204743864273,72.67072969856696,-0.0037104499763880457,0.03164001888956352,0.03204479525062403,0.034945692504891046,0.015853740808203468,2.204255319148936,0.0007518204795120164,0.02718216870078045,-0.00681839407739932,0.035977400882922055,,,,,,,,,,,,,,,,,
cell,unseen/10,unseen,10,6391,6391,6391,0.02442887397896785,0.009783481990887933,0.015208887498044124,0.002347050539821624,0.02284462525426381,0.0067282115474886555,0.1134407760913785,0.06712564543889846,0.007635737756219684,0.004381161007667032,0.8560788608981381,0.9217649820059458,0.00580046403712297,0.9394700340581488,0.15254237288135594,0.011918751049185832,68.59828772872251,0.0062588014395243315,0.005632921295571898,0.0065717415115005475,0.0023470505398216243,0.0059458613675481145,0.39473684210526316,-0.002040057056568046,0.052790546666611766,-0.0010487004485818117,0.07493956351780921,,,,,,,,,,,,,,,,,
cell,unseen/15,unseen,15,16127,16127,16127,0.015662811240611096,0.00944032783930241,0.008147826626154894,0.00204625782848639,0.017262975134866992,0.007192906306194581,0.10206486017238171,0.07868791467724934,0.009115148508712098,0.005146648477708191,0.8715570161840392,0.9089725305388479,0.002122015915119363,0.8774029087315709,0.08231046931407943,0.010908598143505657,67.7162409377329,0.00037204687790661623,-0.0011781484467042848,0.0013021640726731567,0.0020462578284863894,0.0010541328207354127,1.9411764705882353,-0.0007182437396058811,0.019400969450089615,0.002784608530837762,0.03311333958913402,,,,,,,,,,,,,,,,,
cell,unseen/20,unseen,20,9078,9078,9078,0.01892459241540438,0.0053294238971468184,0.007116104868913857,0.0026437541308658294,0.015598149372108393,0.006719541749283983,0.07536902401410003,0.05805243445692884,0.008482044503194536,0.0040757876184181535,0.9005507821105971,0.9311522361753689,0.004987531172069825,0.9267571432462021,0.0663265306122449,0.007410021171489062,66.58950835097625,-0.0009914077990746861,-0.0008812513769552765,0.0004406256884776382,0.0026437541308658294,0.0013218770654329147,2.0,-0.0017609328920226918,0.02158136145050091,0.002394315332161119,0.04116317301805954,,,,,,,,,,,,,,,,,
summary,condition_cells,,,,,,,,,,,,,,,,,,,,,,,,,,,,,,,,,12,0.8333333333333334,0.4685314685314686,True,False,0.0034321088307747195,0.014545001371544969,0.0018649917457418841,0.014479278300102939,0.011112892540770249,0.012614286554361054,-0.14285714285714288,-0.7714285714285715,0.08571428571428573,-0.6571428571428573,0.03491082113246661,0.03596975804508562
