item,metric,classification,tiny_value,marble_value,tiny_support,marble_support,rule
A. Refinable prevalence,P(R)/P(SS),REPLICATED,0.023871030956054348,0.014863517736533787,P(R)=0.020581293999329533; P(SS)=0.8621870600067045,P(R)=0.013345625209520616; P(SS)=0.8978779751927589,both architectures classified sparse when the ratio is <= 0.1
B. Irreducible prevalence,P(I)>P(R),REPLICATED,0.10800536372779082,0.08074756956084479,P(I)=0.10800536372779082; P(R)=0.020581293999329533,P(I)=0.08074756956084479; P(R)=0.013345625209520616,both architectures show P(I)>P(R)
C. Harm prevalence,P(H)<P(R),REPLICATED,0.00922628226617499,0.008028830036875628,P(H)=0.00922628226617499; P(R)=0.020581293999329533,P(H)=0.008028830036875628; P(R)=0.013345625209520616,both architectures show P(H)<P(R)
D. Net refinability,P(R)-P(H),REPLICATED,0.011355011733154542,0.005316795172644989,source_ci95_low=0.007941357671154637,source_ci95_low=0.0033826005824453857,both point values positive; full replication requires both source lower bounds positive
E. Value sparsity,P(|v|>epsilon),NOT_REPLICATED,0.5384151232449073,0.9999349631096305,epsilon=1e-08; threshold=0.1,epsilon=1e-08; threshold=0.1,both architectures classified sparse when meaningful value rate is below the frozen threshold
F. Transition enrichment,transition-bin availability contrast,REPLICATED,0.03819560241664022,0.08464296565320309,source lower bound > 0 required for replication,frozen AE3 contrast,positive contrast with source support in both
G. Uncertainty-persistence enrichment,persistence-bin availability contrast,PARTIALLY_REPLICATED,0.014117692494805684,0.13375772372764638,selected frames only; source lower bound > 0 required,frozen AE3 contrast,positive contrast with source support in both
H. Condition heterogeneity,12-cell availability range,REPLICATED,0.03491082113246661,0.03596975804508562,point threshold=0.002; source lower bound in R4,point threshold=0.002,both architectures show a condition-cell range above the frozen point threshold
I. Long-history demand,H384 share of H64-to-full benefit,REPLICATED,0.8019452752979839,1.2677857713828937,CAR2 aggregate long_history_share,AE2 RF384/RF512 oracle utility ratio; direction-only and not numerically interchangeable with Tiny-GRU,both architectures classify long history as not dominant when share >= 0.5; raw shares use architecture-specific units
J. Non-monotonicity,non-monotone prediction rate,NOT_REPLICATED,0.006902044066896735,0.1280818013396038,minimum rate=0.05,minimum rate=0.05,both architectures show non-monotone prediction rate above the frozen minimum
