method,seed,budget,domain,threshold,frames,selected,activation_rate,utility,f1,frame_error,correction,harm,correction_rate,harm_rate,selected_net_value,oracle_positive_value,value_captured
M0,17,0.01,all,-0.02954268455505371,113017,1269,0.011228399267366856,0.0016811630108744702,0.9517557030578538,0.08244777334383323,389,199,0.3065405831363278,0.15681639085894405,190.0,1539.0,0.12345679012345678
M0,17,0.01,seen,-0.02954268455505371,60865,587,0.00964429475067773,0.0004764643062515403,0.9582731900022791,0.07219255729894028,153,124,0.2606473594548552,0.21124361158432708,29.0,445.0,0.0651685393258427
M0,17,0.01,unseen,-0.02954268455505371,31963,471,0.014735788255170041,0.003691768607452367,0.935027935027935,0.10987704533366706,165,47,0.3503184713375796,0.09978768577494693,118.0,749.0,0.157543391188251
M0,17,0.01,clean,-0.02954268455505371,20189,211,0.010451235821486948,0.002129872702957056,0.9582050674875681,0.06993907573431077,71,28,0.33649289099526064,0.13270142180094788,43.0,345.0,0.1246376811594203
M0,17,0.02,all,-0.05833154916763306,113017,2478,0.0219259049523523,0.0027960395338754345,0.9524263000993707,0.08133289682083227,682,366,0.27522195318805487,0.14769975786924938,316.0,1539.0,0.20532813515269654
M0,17,0.02,seen,-0.05833154916763306,60865,1133,0.018614967551137764,0.00034502587694077054,0.9581773614304444,0.07232399572825104,249,228,0.21977052074139453,0.20123565754633715,21.0,445.0,0.04719101123595506
M0,17,0.02,unseen,-0.05833154916763306,31963,908,0.02840784657259957,0.006507524325000782,0.9367771496138639,0.10706128961611863,299,91,0.32929515418502203,0.10022026431718062,208.0,749.0,0.27770360480640854
M0,17,0.02,clean,-0.05833154916763306,20189,437,0.02164545049284264,0.004309277329238695,0.9595696890885448,0.06775967110802912,134,47,0.30663615560640733,0.10755148741418764,87.0,345.0,0.25217391304347825
M0,17,0.05,all,-0.13653820753097534,113017,5998,0.053071661785395116,0.0051319712963536455,0.9538676174236552,0.07899696505835405,1243,663,0.20723574524841615,0.11053684561520506,580.0,1539.0,0.37686809616634176
M0,17,0.05,seen,-0.13653820753097534,60865,2718,0.04465620635833402,0.0006243325392261563,0.9583004459997908,0.07204468906596566,406,368,0.14937454010301693,0.13539367181751288,38.0,445.0,0.0853932584269663
M0,17,0.05,unseen,-0.13653820753097534,31963,2212,0.06920501830241216,0.01207646341081876,0.9403654546123019,0.10149235053030066,587,201,0.265370705244123,0.09086799276672694,386.0,749.0,0.5153538050734312
M0,17,0.05,clean,-0.13653820753097534,20189,1068,0.052900094110654314,0.0077269800386349004,0.961766004415011,0.06434196839863292,250,94,0.2340823970037453,0.08801498127340825,156.0,345.0,0.45217391304347826
M0,17,0.1,all,-0.24161779880523682,113017,11914,0.10541776900820231,0.005981401028163904,0.9544371188906429,0.0781475353265438,1515,839,0.12716132281349674,0.07042135303004868,676.0,1539.0,0.4392462638076673
M0,17,0.1,seen,-0.24161779880523682,60865,5314,0.0873079766696788,0.0007722007722007722,0.9583769284912588,0.07189682083299105,444,397,0.08355287918705306,0.07470831765148664,47.0,445.0,0.10561797752808989
M0,17,0.1,unseen,-0.24161779880523682,31963,4276,0.13377968275818916,0.01395363388918437,0.9416828455254771,0.09961518005193505,738,292,0.1725912067352666,0.06828811973807297,446.0,749.0,0.595460614152203
M0,17,0.1,clean,-0.24161779880523682,20189,2324,0.11511218980633017,0.009064341968398632,0.9627088830255057,0.06300460646886918,333,150,0.14328743545611017,0.06454388984509467,183.0,345.0,0.5304347826086957
M0,23,0.01,all,-0.02954268455505371,113017,1269,0.011228399267366856,0.0016811630108744702,0.9517557030578538,0.08244777334383323,389,199,0.3065405831363278,0.15681639085894405,190.0,1539.0,0.12345679012345678
M0,23,0.01,seen,-0.02954268455505371,60865,587,0.00964429475067773,0.0004764643062515403,0.9582731900022791,0.07219255729894028,153,124,0.2606473594548552,0.21124361158432708,29.0,445.0,0.0651685393258427
M0,23,0.01,unseen,-0.02954268455505371,31963,471,0.014735788255170041,0.003691768607452367,0.935027935027935,0.10987704533366706,165,47,0.3503184713375796,0.09978768577494693,118.0,749.0,0.157543391188251
M0,23,0.01,clean,-0.02954268455505371,20189,211,0.010451235821486948,0.002129872702957056,0.9582050674875681,0.06993907573431077,71,28,0.33649289099526064,0.13270142180094788,43.0,345.0,0.1246376811594203
M0,23,0.02,all,-0.05833154916763306,113017,2478,0.0219259049523523,0.0027960395338754345,0.9524263000993707,0.08133289682083227,682,366,0.27522195318805487,0.14769975786924938,316.0,1539.0,0.20532813515269654
M0,23,0.02,seen,-0.05833154916763306,60865,1133,0.018614967551137764,0.00034502587694077054,0.9581773614304444,0.07232399572825104,249,228,0.21977052074139453,0.20123565754633715,21.0,445.0,0.04719101123595506
M0,23,0.02,unseen,-0.05833154916763306,31963,908,0.02840784657259957,0.006507524325000782,0.9367771496138639,0.10706128961611863,299,91,0.32929515418502203,0.10022026431718062,208.0,749.0,0.27770360480640854
M0,23,0.02,clean,-0.05833154916763306,20189,437,0.02164545049284264,0.004309277329238695,0.9595696890885448,0.06775967110802912,134,47,0.30663615560640733,0.10755148741418764,87.0,345.0,0.25217391304347825
M0,23,0.05,all,-0.13653820753097534,113017,5998,0.053071661785395116,0.0051319712963536455,0.9538676174236552,0.07899696505835405,1243,663,0.20723574524841615,0.11053684561520506,580.0,1539.0,0.37686809616634176
M0,23,0.05,seen,-0.13653820753097534,60865,2718,0.04465620635833402,0.0006243325392261563,0.9583004459997908,0.07204468906596566,406,368,0.14937454010301693,0.13539367181751288,38.0,445.0,0.0853932584269663
M0,23,0.05,unseen,-0.13653820753097534,31963,2212,0.06920501830241216,0.01207646341081876,0.9403654546123019,0.10149235053030066,587,201,0.265370705244123,0.09086799276672694,386.0,749.0,0.5153538050734312
M0,23,0.05,clean,-0.13653820753097534,20189,1068,0.052900094110654314,0.0077269800386349004,0.961766004415011,0.06434196839863292,250,94,0.2340823970037453,0.08801498127340825,156.0,345.0,0.45217391304347826
M0,23,0.1,all,-0.24161779880523682,113017,11914,0.10541776900820231,0.005981401028163904,0.9544371188906429,0.0781475353265438,1515,839,0.12716132281349674,0.07042135303004868,676.0,1539.0,0.4392462638076673
M0,23,0.1,seen,-0.24161779880523682,60865,5314,0.0873079766696788,0.0007722007722007722,0.9583769284912588,0.07189682083299105,444,397,0.08355287918705306,0.07470831765148664,47.0,445.0,0.10561797752808989
M0,23,0.1,unseen,-0.24161779880523682,31963,4276,0.13377968275818916,0.01395363388918437,0.9416828455254771,0.09961518005193505,738,292,0.1725912067352666,0.06828811973807297,446.0,749.0,0.595460614152203
M0,23,0.1,clean,-0.24161779880523682,20189,2324,0.11511218980633017,0.009064341968398632,0.9627088830255057,0.06300460646886918,333,150,0.14328743545611017,0.06454388984509467,183.0,345.0,0.5304347826086957
M0,41,0.01,all,-0.02954268455505371,113017,1269,0.011228399267366856,0.0016811630108744702,0.9517557030578538,0.08244777334383323,389,199,0.3065405831363278,0.15681639085894405,190.0,1539.0,0.12345679012345678
M0,41,0.01,seen,-0.02954268455505371,60865,587,0.00964429475067773,0.0004764643062515403,0.9582731900022791,0.07219255729894028,153,124,0.2606473594548552,0.21124361158432708,29.0,445.0,0.0651685393258427
M0,41,0.01,unseen,-0.02954268455505371,31963,471,0.014735788255170041,0.003691768607452367,0.935027935027935,0.10987704533366706,165,47,0.3503184713375796,0.09978768577494693,118.0,749.0,0.157543391188251
M0,41,0.01,clean,-0.02954268455505371,20189,211,0.010451235821486948,0.002129872702957056,0.9582050674875681,0.06993907573431077,71,28,0.33649289099526064,0.13270142180094788,43.0,345.0,0.1246376811594203
M0,41,0.02,all,-0.05833154916763306,113017,2478,0.0219259049523523,0.0027960395338754345,0.9524263000993707,0.08133289682083227,682,366,0.27522195318805487,0.14769975786924938,316.0,1539.0,0.20532813515269654
M0,41,0.02,seen,-0.05833154916763306,60865,1133,0.018614967551137764,0.00034502587694077054,0.9581773614304444,0.07232399572825104,249,228,0.21977052074139453,0.20123565754633715,21.0,445.0,0.04719101123595506
M0,41,0.02,unseen,-0.05833154916763306,31963,908,0.02840784657259957,0.006507524325000782,0.9367771496138639,0.10706128961611863,299,91,0.32929515418502203,0.10022026431718062,208.0,749.0,0.27770360480640854
M0,41,0.02,clean,-0.05833154916763306,20189,437,0.02164545049284264,0.004309277329238695,0.9595696890885448,0.06775967110802912,134,47,0.30663615560640733,0.10755148741418764,87.0,345.0,0.25217391304347825
M0,41,0.05,all,-0.13653820753097534,113017,5998,0.053071661785395116,0.0051319712963536455,0.9538676174236552,0.07899696505835405,1243,663,0.20723574524841615,0.11053684561520506,580.0,1539.0,0.37686809616634176
M0,41,0.05,seen,-0.13653820753097534,60865,2718,0.04465620635833402,0.0006243325392261563,0.9583004459997908,0.07204468906596566,406,368,0.14937454010301693,0.13539367181751288,38.0,445.0,0.0853932584269663
M0,41,0.05,unseen,-0.13653820753097534,31963,2212,0.06920501830241216,0.01207646341081876,0.9403654546123019,0.10149235053030066,587,201,0.265370705244123,0.09086799276672694,386.0,749.0,0.5153538050734312
M0,41,0.05,clean,-0.13653820753097534,20189,1068,0.052900094110654314,0.0077269800386349004,0.961766004415011,0.06434196839863292,250,94,0.2340823970037453,0.08801498127340825,156.0,345.0,0.45217391304347826
M0,41,0.1,all,-0.24161779880523682,113017,11914,0.10541776900820231,0.005981401028163904,0.9544371188906429,0.0781475353265438,1515,839,0.12716132281349674,0.07042135303004868,676.0,1539.0,0.4392462638076673
M0,41,0.1,seen,-0.24161779880523682,60865,5314,0.0873079766696788,0.0007722007722007722,0.9583769284912588,0.07189682083299105,444,397,0.08355287918705306,0.07470831765148664,47.0,445.0,0.10561797752808989
M0,41,0.1,unseen,-0.24161779880523682,31963,4276,0.13377968275818916,0.01395363388918437,0.9416828455254771,0.09961518005193505,738,292,0.1725912067352666,0.06828811973807297,446.0,749.0,0.595460614152203
M0,41,0.1,clean,-0.24161779880523682,20189,2324,0.11511218980633017,0.009064341968398632,0.9627088830255057,0.06300460646886918,333,150,0.14328743545611017,0.06454388984509467,183.0,345.0,0.5304347826086957
M0,59,0.01,all,-0.02954268455505371,113017,1269,0.011228399267366856,0.0016811630108744702,0.9517557030578538,0.08244777334383323,389,199,0.3065405831363278,0.15681639085894405,190.0,1539.0,0.12345679012345678
M0,59,0.01,seen,-0.02954268455505371,60865,587,0.00964429475067773,0.0004764643062515403,0.9582731900022791,0.07219255729894028,153,124,0.2606473594548552,0.21124361158432708,29.0,445.0,0.0651685393258427
M0,59,0.01,unseen,-0.02954268455505371,31963,471,0.014735788255170041,0.003691768607452367,0.935027935027935,0.10987704533366706,165,47,0.3503184713375796,0.09978768577494693,118.0,749.0,0.157543391188251
M0,59,0.01,clean,-0.02954268455505371,20189,211,0.010451235821486948,0.002129872702957056,0.9582050674875681,0.06993907573431077,71,28,0.33649289099526064,0.13270142180094788,43.0,345.0,0.1246376811594203
M0,59,0.02,all,-0.05833154916763306,113017,2478,0.0219259049523523,0.0027960395338754345,0.9524263000993707,0.08133289682083227,682,366,0.27522195318805487,0.14769975786924938,316.0,1539.0,0.20532813515269654
M0,59,0.02,seen,-0.05833154916763306,60865,1133,0.018614967551137764,0.00034502587694077054,0.9581773614304444,0.07232399572825104,249,228,0.21977052074139453,0.20123565754633715,21.0,445.0,0.04719101123595506
M0,59,0.02,unseen,-0.05833154916763306,31963,908,0.02840784657259957,0.006507524325000782,0.9367771496138639,0.10706128961611863,299,91,0.32929515418502203,0.10022026431718062,208.0,749.0,0.27770360480640854
M0,59,0.02,clean,-0.05833154916763306,20189,437,0.02164545049284264,0.004309277329238695,0.9595696890885448,0.06775967110802912,134,47,0.30663615560640733,0.10755148741418764,87.0,345.0,0.25217391304347825
M0,59,0.05,all,-0.13653820753097534,113017,5998,0.053071661785395116,0.0051319712963536455,0.9538676174236552,0.07899696505835405,1243,663,0.20723574524841615,0.11053684561520506,580.0,1539.0,0.37686809616634176
M0,59,0.05,seen,-0.13653820753097534,60865,2718,0.04465620635833402,0.0006243325392261563,0.9583004459997908,0.07204468906596566,406,368,0.14937454010301693,0.13539367181751288,38.0,445.0,0.0853932584269663
M0,59,0.05,unseen,-0.13653820753097534,31963,2212,0.06920501830241216,0.01207646341081876,0.9403654546123019,0.10149235053030066,587,201,0.265370705244123,0.09086799276672694,386.0,749.0,0.5153538050734312
M0,59,0.05,clean,-0.13653820753097534,20189,1068,0.052900094110654314,0.0077269800386349004,0.961766004415011,0.06434196839863292,250,94,0.2340823970037453,0.08801498127340825,156.0,345.0,0.45217391304347826
M0,59,0.1,all,-0.24161779880523682,113017,11914,0.10541776900820231,0.005981401028163904,0.9544371188906429,0.0781475353265438,1515,839,0.12716132281349674,0.07042135303004868,676.0,1539.0,0.4392462638076673
M0,59,0.1,seen,-0.24161779880523682,60865,5314,0.0873079766696788,0.0007722007722007722,0.9583769284912588,0.07189682083299105,444,397,0.08355287918705306,0.07470831765148664,47.0,445.0,0.10561797752808989
M0,59,0.1,unseen,-0.24161779880523682,31963,4276,0.13377968275818916,0.01395363388918437,0.9416828455254771,0.09961518005193505,738,292,0.1725912067352666,0.06828811973807297,446.0,749.0,0.595460614152203
M0,59,0.1,clean,-0.24161779880523682,20189,2324,0.11511218980633017,0.009064341968398632,0.9627088830255057,0.06300460646886918,333,150,0.14328743545611017,0.06454388984509467,183.0,345.0,0.5304347826086957
M0,71,0.01,all,-0.02954268455505371,113017,1269,0.011228399267366856,0.0016811630108744702,0.9517557030578538,0.08244777334383323,389,199,0.3065405831363278,0.15681639085894405,190.0,1539.0,0.12345679012345678
M0,71,0.01,seen,-0.02954268455505371,60865,587,0.00964429475067773,0.0004764643062515403,0.9582731900022791,0.07219255729894028,153,124,0.2606473594548552,0.21124361158432708,29.0,445.0,0.0651685393258427
M0,71,0.01,unseen,-0.02954268455505371,31963,471,0.014735788255170041,0.003691768607452367,0.935027935027935,0.10987704533366706,165,47,0.3503184713375796,0.09978768577494693,118.0,749.0,0.157543391188251
M0,71,0.01,clean,-0.02954268455505371,20189,211,0.010451235821486948,0.002129872702957056,0.9582050674875681,0.06993907573431077,71,28,0.33649289099526064,0.13270142180094788,43.0,345.0,0.1246376811594203
M0,71,0.02,all,-0.05833154916763306,113017,2478,0.0219259049523523,0.0027960395338754345,0.9524263000993707,0.08133289682083227,682,366,0.27522195318805487,0.14769975786924938,316.0,1539.0,0.20532813515269654
M0,71,0.02,seen,-0.05833154916763306,60865,1133,0.018614967551137764,0.00034502587694077054,0.9581773614304444,0.07232399572825104,249,228,0.21977052074139453,0.20123565754633715,21.0,445.0,0.04719101123595506
M0,71,0.02,unseen,-0.05833154916763306,31963,908,0.02840784657259957,0.006507524325000782,0.9367771496138639,0.10706128961611863,299,91,0.32929515418502203,0.10022026431718062,208.0,749.0,0.27770360480640854
M0,71,0.02,clean,-0.05833154916763306,20189,437,0.02164545049284264,0.004309277329238695,0.9595696890885448,0.06775967110802912,134,47,0.30663615560640733,0.10755148741418764,87.0,345.0,0.25217391304347825
M0,71,0.05,all,-0.13653820753097534,113017,5998,0.053071661785395116,0.0051319712963536455,0.9538676174236552,0.07899696505835405,1243,663,0.20723574524841615,0.11053684561520506,580.0,1539.0,0.37686809616634176
M0,71,0.05,seen,-0.13653820753097534,60865,2718,0.04465620635833402,0.0006243325392261563,0.9583004459997908,0.07204468906596566,406,368,0.14937454010301693,0.13539367181751288,38.0,445.0,0.0853932584269663
M0,71,0.05,unseen,-0.13653820753097534,31963,2212,0.06920501830241216,0.01207646341081876,0.9403654546123019,0.10149235053030066,587,201,0.265370705244123,0.09086799276672694,386.0,749.0,0.5153538050734312
M0,71,0.05,clean,-0.13653820753097534,20189,1068,0.052900094110654314,0.0077269800386349004,0.961766004415011,0.06434196839863292,250,94,0.2340823970037453,0.08801498127340825,156.0,345.0,0.45217391304347826
M0,71,0.1,all,-0.24161779880523682,113017,11914,0.10541776900820231,0.005981401028163904,0.9544371188906429,0.0781475353265438,1515,839,0.12716132281349674,0.07042135303004868,676.0,1539.0,0.4392462638076673
M0,71,0.1,seen,-0.24161779880523682,60865,5314,0.0873079766696788,0.0007722007722007722,0.9583769284912588,0.07189682083299105,444,397,0.08355287918705306,0.07470831765148664,47.0,445.0,0.10561797752808989
M0,71,0.1,unseen,-0.24161779880523682,31963,4276,0.13377968275818916,0.01395363388918437,0.9416828455254771,0.09961518005193505,738,292,0.1725912067352666,0.06828811973807297,446.0,749.0,0.595460614152203
M0,71,0.1,clean,-0.24161779880523682,20189,2324,0.11511218980633017,0.009064341968398632,0.9627088830255057,0.06300460646886918,333,150,0.14328743545611017,0.06454388984509467,183.0,345.0,0.5304347826086957
M1,17,0.01,all,0.7486113905906677,113017,1410,0.012475999185963173,0.002769494854756364,0.9524459683800599,0.08135944149995133,424,111,0.300709219858156,0.07872340425531915,313.0,1539.0,0.20337881741390512
M1,17,0.01,seen,0.7486113905906677,60865,442,0.007261973219420028,-0.0005093239135792328,0.9577050176624757,0.07317834551877105,40,71,0.09049773755656108,0.16063348416289594,-31.0,445.0,-0.0696629213483146
M1,17,0.01,unseen,0.7486113905906677,31963,727,0.02274504896286331,0.00819697775552983,0.9378964449033781,0.10537183618558958,291,29,0.40027510316368636,0.039889958734525444,262.0,749.0,0.34979973297730305
M1,17,0.01,clean,0.7486113905906677,20189,241,0.011937193521224429,0.004061617712615781,0.9594015198557024,0.06800733072465204,93,11,0.38589211618257263,0.04564315352697095,82.0,345.0,0.23768115942028986
M1,17,0.02,all,0.5064983367919922,113017,2730,0.02415565799835423,0.004123273489828964,0.9532771129162274,0.08000566286487873,673,207,0.24652014652014653,0.07582417582417582,466.0,1539.0,0.3027940220922677
M1,17,0.02,seen,0.5064983367919922,60865,906,0.014885402119444672,-0.0004764643062515403,0.9577159790289491,0.07314548591144336,87,116,0.09602649006622517,0.1280353200883002,-29.0,445.0,-0.0651685393258427
M1,17,0.02,unseen,0.5064983367919922,31963,1326,0.041485467571879986,0.011325595219472516,0.9398645664654792,0.1022432187216469,426,64,0.3212669683257919,0.048265460030165915,362.0,749.0,0.4833110814419226
M1,17,0.02,clean,0.5064983367919922,20189,498,0.024666897815642182,0.006587745802169498,0.9609937448365395,0.06548120263509832,160,27,0.321285140562249,0.05421686746987952,133.0,345.0,0.3855072463768116
M1,17,0.05,all,0.14038679003715515,113017,6386,0.056504773618128244,0.00546820389852854,0.954100493587493,0.07866073245617916,1003,385,0.15706232383338553,0.06028813028499844,618.0,1539.0,0.4015594541910331
M1,17,0.05,seen,0.14038679003715515,60865,2544,0.041797420520824774,-0.00014786823297461595,0.9578891359291565,0.07281688983816643,191,200,0.07507861635220126,0.07861635220125786,-9.0,445.0,-0.020224719101123594
M1,17,0.05,unseen,0.14038679003715515,31963,2647,0.08281450427056283,0.013797203015987235,0.9414400352571753,0.09977161092513219,566,125,0.21382697393275407,0.04722327162825841,441.0,749.0,0.5887850467289719
M1,17,0.05,clean,0.14038679003715515,20189,1195,0.05919064837287632,0.009212937738372382,0.9626556016597511,0.06285601069889543,246,60,0.20585774058577405,0.0502092050209205,186.0,345.0,0.5391304347826087
M1,17,0.1,all,0.03501982241868973,113017,12327,0.10907208650026103,0.005600927294123893,0.9541928391149282,0.07852800906058381,1079,446,0.08753143506124766,0.03618074146183175,633.0,1539.0,0.41130604288499023
M1,17,0.1,seen,0.03501982241868973,60865,5553,0.09123469974533804,-0.0002628768586215395,0.9578222243336976,0.07293189846381336,209,225,0.03763731316405546,0.04051863857374392,-16.0,445.0,-0.035955056179775284
M1,17,0.1,unseen,0.03501982241868973,31963,4335,0.13562556706191534,0.01414135093702093,0.9416730903351319,0.09942746300409849,596,144,0.13748558246828144,0.03321799307958478,452.0,749.0,0.6034712950600801
M1,17,0.1,clean,0.03501982241868973,20189,2439,0.12080836098865719,0.00975778889494279,0.9630174035747884,0.06231115954232503,274,77,0.11234112341123412,0.031570315703157034,197.0,345.0,0.5710144927536231
M1,23,0.01,all,0.6703486442565918,113017,1312,0.011608873001406868,0.002415565799835423,0.9522218025857654,0.08171337055487228,361,88,0.27515243902439024,0.06707317073170732,273.0,1539.0,0.17738791423001948
M1,23,0.01,seen,0.6703486442565918,60865,406,0.006670500287521564,-4.928941099153865e-05,0.9579836719194987,0.07271831101618335,53,56,0.13054187192118227,0.13793103448275862,-3.0,445.0,-0.006741573033707865
M1,23,0.01,unseen,0.6703486442565918,31963,805,0.025185370584738603,0.007790257485217282,0.9376072634667553,0.10577855645590213,276,27,0.34285714285714286,0.03354037267080745,249.0,749.0,0.3324432576769025
M1,23,0.01,clean,0.6703486442565918,20189,101,0.005002724255782852,0.0013373619297637328,0.9577014218009479,0.07073158650750408,32,5,0.31683168316831684,0.04950495049504951,27.0,345.0,0.0782608695652174
M1,23,0.02,all,0.3987236022949219,113017,2589,0.022908058079757914,0.003654317492058717,0.9529850244767355,0.08047461886264898,583,170,0.22518346852066434,0.06566241792197759,413.0,1539.0,0.2683560753736192
M1,23,0.02,seen,0.3987236022949219,60865,900,0.014786823297461595,0.00011500862564692352,0.9580786026200874,0.07255401297954489,109,102,0.12111111111111111,0.11333333333333333,7.0,445.0,0.015730337078651686
M1,23,0.02,unseen,0.3987236022949219,31963,1436,0.04492694678221694,0.0110753058223571,0.9396907216494845,0.10249350811876232,410,56,0.28551532033426186,0.03899721448467967,354.0,749.0,0.472630173564753
M1,23,0.02,clean,0.3987236022949219,20189,253,0.01253157660111942,0.0025756600128783,0.9584776110568528,0.06949328842438952,64,12,0.25296442687747034,0.04743083003952569,52.0,345.0,0.15072463768115943
M1,23,0.05,all,0.07223936170339584,113017,6264,0.055425290000619375,0.004769194015059681,0.9536703669075525,0.07935974233964802,850,311,0.13569604086845466,0.04964878671775223,539.0,1539.0,0.350227420402859
M1,23,0.05,seen,0.07223936170339584,60865,2515,0.04132095621457323,6.571921465538487e-05,0.958039368359082,0.07260330239053643,186,182,0.07395626242544731,0.07236580516898608,4.0,445.0,0.008988764044943821
M1,23,0.05,unseen,0.07223936170339584,31963,2726,0.08528611206707756,0.01354691361887182,0.9412499770292372,0.1000219003222476,533,100,0.19552457813646368,0.036683785766691124,433.0,749.0,0.5781041388518025
M1,23,0.05,clean,0.07223936170339584,20189,1023,0.0506711575610481,0.005052256179107434,0.9600425268007442,0.06701669225816038,131,29,0.12805474095796676,0.028347996089931573,102.0,345.0,0.2956521739130435
M1,23,0.1,all,0.031034845858812332,113017,12270,0.10856773759699868,0.004884220957908987,0.9537396694214876,0.07924471539679871,887,335,0.07229013854930726,0.02730236348818256,552.0,1539.0,0.3586744639376218
M1,23,0.1,seen,0.031034845858812332,60865,5597,0.09195761110654728,4.928941099153865e-05,0.9580278801230676,0.07261973219420027,198,195,0.035376094336251565,0.03484009290691442,3.0,445.0,0.006741573033707865
M1,23,0.1,unseen,0.031034845858812332,31963,4463,0.13963019741576196,0.013765916841347809,0.9413861531677201,0.09980289709977161,548,108,0.12278736276047501,0.02419896930315931,440.0,749.0,0.5874499332443258
M1,23,0.1,clean,0.031034845858812332,20189,2210,0.10946555054732775,0.005398979642379513,0.9602574701783394,0.0666699687948883,141,32,0.06380090497737556,0.014479638009049774,109.0,345.0,0.3159420289855073
M1,41,0.01,all,0.751443088054657,113017,1349,0.011936257377208739,0.0025128962899386817,0.9522720452028852,0.08161604006476901,379,95,0.2809488510007413,0.07042253521126761,284.0,1539.0,0.18453541260558803
M1,41,0.01,seen,0.751443088054657,60865,440,0.007229113612092336,-3.2859607327692435e-05,0.9579784051736417,0.07270188121251951,60,62,0.13636363636363635,0.1409090909090909,-2.0,445.0,-0.0044943820224719105
M1,41,0.01,unseen,0.751443088054657,31963,748,0.023402058630291274,0.007727685135938429,0.9375657469779459,0.10584112880518098,269,22,0.35962566844919786,0.029411764705882353,247.0,749.0,0.32977303070761016
M1,41,0.01,clean,0.751443088054657,20189,161,0.007974639655257814,0.0019317450096587251,0.9580742583052052,0.0701372034276091,50,11,0.3105590062111801,0.06832298136645963,39.0,345.0,0.11304347826086956
M1,41,0.02,all,0.49868080019950867,113017,2695,0.023845970075298407,0.003822433793146164,0.9530791182431035,0.08030650256156154,635,203,0.23562152133580705,0.07532467532467532,432.0,1539.0,0.2807017543859649
M1,41,0.02,seen,0.49868080019950867,60865,939,0.015427585640351597,-0.00024644705495769324,0.957845744680851,0.07291546866014952,105,120,0.11182108626198083,0.12779552715654952,-15.0,445.0,-0.033707865168539325
M1,41,0.02,unseen,0.49868080019950867,31963,1362,0.042611769858899355,0.011701029315145637,0.9400589101620029,0.10186778462597378,424,50,0.31130690161527164,0.03671071953010279,374.0,749.0,0.4993324432576769
M1,41,0.02,clean,0.49868080019950867,20189,394,0.01951557778988558,0.0036158304026945366,0.9591510995507212,0.06845311803457328,106,33,0.26903553299492383,0.08375634517766498,73.0,345.0,0.21159420289855072
M1,41,0.05,all,0.12353307753801346,113017,6397,0.05660210410823151,0.005211605333710858,0.9539381607283958,0.07891733102099684,974,385,0.1522588713459434,0.06018446146631233,589.0,1539.0,0.38271604938271603
M1,41,0.05,seen,0.12353307753801346,60865,2518,0.041370245625564774,-0.00021358744763000083,0.9578567357020711,0.07288260905282182,195,208,0.07744241461477364,0.08260524225575853,-13.0,445.0,-0.029213483146067417
M1,41,0.05,unseen,0.12353307753801346,31963,2734,0.08553640146419297,0.014516785032694053,0.9418356848912405,0.09905202890842536,578,114,0.21141185076810534,0.04169714703730797,464.0,749.0,0.6194926568758344
M1,41,0.05,clean,0.12353307753801346,20189,1145,0.056714052206647186,0.0068354054187924115,0.9611950853000972,0.0652335430184754,201,63,0.17554585152838428,0.05502183406113537,138.0,345.0,0.4
M1,41,0.1,all,0.027987860143184662,113017,13011,0.11512427333940911,0.005459355672155516,0.9540913010476746,0.07866958068255218,1060,443,0.08146952578587349,0.03404811313503958,617.0,1539.0,0.400909681611436
M1,41,0.1,seen,0.027987860143184662,60865,6034,0.09913743530764807,-0.0002793066622853857,0.9578115201155433,0.0729483282674772,222,239,0.03679151474975141,0.039608882996354,-17.0,445.0,-0.038202247191011236
M1,41,0.1,unseen,0.027987860143184662,31963,4588,0.14354096924569032,0.014954791477646029,0.9421141555865716,0.0986140224634734,609,131,0.1327375762859634,0.02855274629468178,478.0,749.0,0.6381842456608812
M1,41,0.1,clean,0.027987860143184662,20189,2389,0.11833176482242805,0.0077269800386349004,0.9617637535690107,0.06434196839863292,229,73,0.09585600669736291,0.030556718292172456,156.0,345.0,0.45217391304347826
M1,59,0.01,all,0.7242796421051025,113017,1450,0.012829928240884116,0.0030614863250661407,0.9526154100768539,0.08106745002964155,443,97,0.30551724137931036,0.06689655172413793,346.0,1539.0,0.22482131254061077
M1,59,0.01,seen,0.7242796421051025,60865,419,0.006884087735151565,1.6429803663846217e-05,0.9580136726167869,0.07265259180152797,57,56,0.1360381861575179,0.13365155131264916,1.0,445.0,0.0022471910112359553
M1,59,0.01,unseen,0.7242796421051025,31963,820,0.025654663204330005,0.008728842724400087,0.9382019363762102,0.10483997121671933,306,27,0.37317073170731707,0.032926829268292684,279.0,749.0,0.3724966622162884
M1,59,0.01,clean,0.7242796421051025,20189,211,0.010451235821486948,0.0032691069394224577,0.9589162648998787,0.06879984149784536,80,14,0.3791469194312796,0.06635071090047394,66.0,345.0,0.19130434782608696
M1,59,0.02,all,0.4570501744747162,113017,2839,0.025120114673013793,0.00438872028101967,0.9534239495581167,0.07974021607368803,684,188,0.24092990489609017,0.06622050017611836,496.0,1539.0,0.3222871994801819
M1,59,0.02,seen,0.4570501744747162,60865,970,0.01593690955393083,9.85788219830773e-05,0.9580527830273792,0.07257044278320875,115,109,0.11855670103092783,0.11237113402061856,6.0,445.0,0.01348314606741573
M1,59,0.02,unseen,0.4570501744747162,31963,1420,0.04442636798798611,0.011763601664424491,0.9401111642801929,0.10180521227669492,435,59,0.30633802816901406,0.04154929577464789,376.0,749.0,0.5020026702269693
M1,59,0.02,clean,0.4570501744747162,20189,449,0.02223983357273763,0.005646639259002427,0.9603922379419323,0.06642230917826539,134,20,0.2984409799554566,0.044543429844097995,114.0,345.0,0.33043478260869563
M1,59,0.05,all,0.10127837210893631,113017,6663,0.058955732323455766,0.0057159542369731985,0.9542545064111829,0.0784129821177345,1034,388,0.15518535194356897,0.05823202761518835,646.0,1539.0,0.41975308641975306
M1,59,0.05,seen,0.10127837210893631,60865,2673,0.04391686519346094,0.0002793066622853857,0.9581504910620999,0.07238971494290643,222,205,0.08305274971941638,0.07669285447063225,17.0,445.0,0.038202247191011236
M1,59,0.05,unseen,0.10127837210893631,31963,2795,0.08744485811719802,0.01414135093702093,0.9416666666666667,0.09942746300409849,586,134,0.20966010733452595,0.047942754919499106,452.0,749.0,0.6034712950600801
M1,59,0.05,clean,0.10127837210893631,20189,1195,0.05919064837287632,0.008767150428451137,0.9623697073199459,0.06330179800881668,226,49,0.1891213389121339,0.04100418410041841,177.0,345.0,0.5130434782608696
M1,59,0.1,all,0.030543014407157898,113017,12871,0.11388552164718582,0.005954856349044834,0.9544040006812305,0.07817408000566287,1108,435,0.08608499728070856,0.03379690777717349,673.0,1539.0,0.43729694606887587
M1,59,0.1,seen,0.030543014407157898,60865,5638,0.09263123305676497,0.000377885484268463,0.9582043049565895,0.07229113612092336,249,226,0.04416459737495566,0.040085136573252925,23.0,445.0,0.051685393258426963
M1,59,0.1,unseen,0.030543014407157898,31963,4670,0.14610643556612332,0.014485498858054625,0.9419016345324797,0.0990833150830648,615,152,0.1316916488222698,0.032548179871520345,463.0,749.0,0.6181575433911882
M1,59,0.1,clean,0.030543014407157898,20189,2563,0.12695031948090543,0.009262469661696963,0.9626861279500912,0.06280647877557086,244,57,0.09520093640265315,0.0222395630120952,187.0,345.0,0.5420289855072464
M1,71,0.01,all,0.6410894393920898,113017,1565,0.01384747427378182,0.002866825344859623,0.9525011378211758,0.08126211100984808,437,113,0.2792332268370607,0.07220447284345048,324.0,1539.0,0.21052631578947367
M1,71,0.01,seen,0.6410894393920898,60865,478,0.007853446151318492,-0.0001971576439661546,0.9578962358190535,0.07286617924915798,55,67,0.11506276150627615,0.1401673640167364,-12.0,445.0,-0.02696629213483146
M1,71,0.01,unseen,0.6410894393920898,31963,864,0.02703125488846479,0.008572411851202954,0.938099454035709,0.10499640208991647,306,32,0.3541666666666667,0.037037037037037035,274.0,749.0,0.3658210947930574
M1,71,0.01,clean,0.6410894393920898,20189,223,0.011045618901381941,0.003070979246124127,0.958788201532499,0.06899796919114369,76,14,0.34080717488789236,0.06278026905829596,62.0,345.0,0.17971014492753623
M1,71,0.02,all,0.38834935426712036,113017,2981,0.026376562817983135,0.003972853641487564,0.9531803170238827,0.08015608271322014,656,207,0.22006038242200604,0.06943978530694397,449.0,1539.0,0.2917478882391163
M1,71,0.02,seen,0.38834935426712036,60865,1032,0.016955557381089295,-8.214901831923109e-05,0.9579511138966441,0.07275117062351105,112,117,0.10852713178294573,0.11337209302325581,-5.0,445.0,-0.011235955056179775
M1,71,0.02,unseen,0.38834935426712036,31963,1488,0.04655382786346714,0.011388167568751368,0.9398858825694828,0.10218064637236805,426,62,0.2862903225806452,0.041666666666666664,364.0,749.0,0.48598130841121495
M1,71,0.02,clean,0.38834935426712036,20189,461,0.022834216652632622,0.004457873099212442,0.9596762281764202,0.06761107533805538,118,28,0.2559652928416486,0.06073752711496746,90.0,345.0,0.2608695652173913
M1,71,0.05,all,0.08096187561750412,113017,6713,0.05939814364210694,0.00486652450516294,0.9537355520436305,0.07926241184954476,910,360,0.13555787278415016,0.05362729033219127,550.0,1539.0,0.35737491877842753
M1,71,0.05,seen,0.08096187561750412,60865,2673,0.04391686519346094,-0.0003121662696130781,0.9578077507598785,0.0729811878748049,181,200,0.06771417882528993,0.07482229704451927,-19.0,445.0,-0.04269662921348315
M1,71,0.05,unseen,0.08096187561750412,31963,2829,0.08850858805493853,0.013672058317429528,0.9413342642438496,0.0998967556236899,542,105,0.19158713326263696,0.03711558854718982,437.0,749.0,0.5834445927903872
M1,71,0.05,clean,0.08096187561750412,20189,1211,0.059983159146069644,0.006538213878844915,0.9609953123618031,0.0655307345584229,187,55,0.15441783649876134,0.04541701073492981,132.0,345.0,0.3826086956521739
M1,71,0.1,all,0.02807088941335678,113017,12371,0.10946140846067406,0.0050611854853694575,0.9538520331753065,0.07906775086933825,961,389,0.07768167488481126,0.03144450731549592,572.0,1539.0,0.37166991552956463
M1,71,0.1,seen,0.02807088941335678,60865,5343,0.08778444097593034,-0.00016429803663846218,0.9578896372220269,0.07283331964183028,202,212,0.03780647576268014,0.03967808347370391,-10.0,445.0,-0.02247191011235955
M1,71,0.1,unseen,0.02807088941335678,31963,4551,0.14238338078403154,0.01385977536526609,0.9414466552756803,0.09970903857585334,557,114,0.12239068336629312,0.025049439683586024,443.0,749.0,0.5914552736982643
M1,71,0.1,clean,0.02807088941335678,20189,2477,0.12269057407499133,0.006884937342116994,0.9612234073899464,0.06518401109515082,202,63,0.08155026241421073,0.025433992733144933,139.0,345.0,0.4028985507246377
M2,17,0.01,all,0.7198976874351501,113017,1571,0.013900563632019962,0.0028579771184865993,0.9524981769850177,0.0812709592362211,513,190,0.32654360280076383,0.12094207511139402,323.0,1539.0,0.20987654320987653
M2,17,0.01,seen,0.7198976874351501,60865,579,0.00951285632136696,-0.0006736219502176949,0.9576012005394829,0.07334264355540951,80,121,0.1381692573402418,0.20898100172711573,-41.0,445.0,-0.09213483146067415
M2,17,0.01,unseen,0.7198976874351501,31963,796,0.024903795012983763,0.009385852391828051,0.9386175115207374,0.10418296154929137,344,44,0.4321608040201005,0.05527638190954774,300.0,749.0,0.40053404539385845
M2,17,0.01,clean,0.7198976874351501,20189,196,0.009708256971618208,0.0031700430927732925,0.9588765705838876,0.06889890534449453,89,25,0.45408163265306123,0.12755102040816327,64.0,345.0,0.1855072463768116
M2,17,0.02,all,0.4514625668525696,113017,2888,0.025553677765291948,0.003840130245892211,0.9531015805087811,0.08028880610881549,777,343,0.2690443213296399,0.11876731301939059,434.0,1539.0,0.2820012995451592
M2,17,0.02,seen,0.4514625668525696,60865,1173,0.019272159697691613,-0.00042717489526000166,0.9577272079433702,0.07309619650045182,176,202,0.15004262574595056,0.17220801364023872,-26.0,445.0,-0.058426966292134834
M2,17,0.02,unseen,0.4514625668525696,31963,1346,0.04211119106466852,0.011763601664424491,0.9401530199367322,0.10180521227669492,475,99,0.35289747399702825,0.07355126300148589,376.0,749.0,0.5020026702269693
M2,17,0.02,clean,0.4514625668525696,20189,369,0.018277279706771014,0.004160681559264946,0.9595157241990255,0.06790826687800287,126,42,0.34146341463414637,0.11382113821138211,84.0,345.0,0.24347826086956523
M2,17,0.05,all,0.05960054695606232,113017,6587,0.058283267119105975,0.005707106010600175,0.9542557199704775,0.07842183034410752,1306,661,0.19826931835433428,0.10034917261272203,645.0,1539.0,0.4191033138401559
M2,17,0.05,seen,0.05960054695606232,60865,2870,0.047153536515238646,0.0006079027355623101,0.958298471134099,0.07206111886962951,377,340,0.1313588850174216,0.11846689895470383,37.0,445.0,0.08314606741573034
M2,17,0.05,unseen,0.05960054695606232,31963,2714,0.08491067797140443,0.014735788255170041,0.9421015010721944,0.09883302568594939,687,216,0.2531319086219602,0.079587324981577,471.0,749.0,0.6288384512683578
M2,17,0.05,clean,0.05960054695606232,20189,1003,0.04968051909455644,0.006785873495467829,0.961251249485506,0.0652830749418,242,105,0.24127617148554337,0.10468594217347957,137.0,345.0,0.39710144927536234
M2,17,0.1,all,0.0009449346107430756,113017,12380,0.10954104249803127,0.005866374085314599,0.9543731139253566,0.0782625622693931,1505,842,0.1215670436187399,0.06801292407108239,663.0,1539.0,0.43079922027290446
M2,17,0.1,seen,0.0009449346107430756,60865,5557,0.09130041895999343,0.000755770968536926,0.9583686047728203,0.0719132506366549,442,396,0.07953931977685802,0.0712614720172755,46.0,445.0,0.10337078651685393
M2,17,0.1,unseen,0.0009449346107430756,31963,4643,0.14526170885085882,0.014110064762381504,0.9417904162012708,0.09945874917873791,746,295,0.1606719793237131,0.06353650656902865,451.0,749.0,0.6021361815754339
M2,17,0.1,clean,0.0009449346107430756,20189,2180,0.10797959284759027,0.008222299271880727,0.9622049552851488,0.0638466491653871,317,151,0.14541284403669724,0.06926605504587156,166.0,345.0,0.4811594202898551
M2,23,0.01,all,0.7663572430610657,113017,1573,0.013918260084766008,0.00303494164594707,0.9526197430661463,0.08109399470876062,527,184,0.3350286077558805,0.11697393515575334,343.0,1539.0,0.22287199480181935
M2,23,0.01,seen,0.7663572430610657,60865,481,0.007902735562310031,-0.0005586133245707714,0.9576729123733368,0.07322763492976259,66,100,0.13721413721413722,0.2079002079002079,-34.0,445.0,-0.07640449438202247
M2,23,0.01,unseen,0.7663572430610657,31963,854,0.02671839314207052,0.00929199386790977,0.9386153931156418,0.10427682007320965,356,59,0.4168618266978923,0.06908665105386416,297.0,749.0,0.3965287049399199
M2,23,0.01,clean,0.7663572430610657,20189,238,0.011788597751250681,0.003962553865966616,0.959366411536984,0.0681063945713012,105,25,0.4411764705882353,0.10504201680672269,80.0,345.0,0.2318840579710145
M2,23,0.02,all,0.5072711706161499,113017,2884,0.02551828485979985,0.00411442526345594,0.9532842567480305,0.08001451109125175,813,348,0.2819001386962552,0.12066574202496533,465.0,1539.0,0.30214424951267055
M2,23,0.02,seen,0.5072711706161499,60865,1079,0.017727758153290068,-0.0003943152879323092,0.9577574496784551,0.07306333689312412,164,188,0.1519925857275255,0.1742354031510658,-24.0,445.0,-0.05393258426966292
M2,23,0.02,unseen,0.5072711706161499,31963,1374,0.04298720395457247,0.011701029315145637,0.9401514594515109,0.10186778462597378,488,114,0.3551673944687045,0.08296943231441048,374.0,749.0,0.4993324432576769
M2,23,0.02,clean,0.5072711706161499,20189,431,0.02134825895289514,0.00569617118232701,0.960469644226798,0.06637277725494081,161,46,0.37354988399071926,0.10672853828306264,115.0,345.0,0.3333333333333333
M2,23,0.05,all,0.07836853712797165,113017,6532,0.05779661466858968,0.005662864878735058,0.9542372356565625,0.07846607147597263,1310,670,0.2005511328842621,0.10257195345988977,640.0,1539.0,0.4158544509421702
M2,23,0.05,seen,0.07836853712797165,60865,2800,0.04600345025876941,0.00034502587694077054,0.958147141037099,0.07232399572825104,359,338,0.12821428571428573,0.12071428571428572,21.0,445.0,0.04719101123595506
M2,23,0.05,unseen,0.07836853712797165,31963,2678,0.08378437568438507,0.014266495635578637,0.9418340419293358,0.09930231830554079,682,226,0.2546676624346527,0.08439133681852129,456.0,749.0,0.6088117489986649
M2,23,0.05,clean,0.07836853712797165,20189,1054,0.05220664718411016,0.00807370350190698,0.9620401927371018,0.06399524493536084,269,106,0.25521821631878555,0.10056925996204934,163.0,345.0,0.47246376811594204
M2,23,0.1,all,0.0014432492898777127,113017,12280,0.10865621986072892,0.006078731518267163,0.9545011425005029,0.07805020483644054,1524,837,0.12410423452768729,0.06815960912052117,687.0,1539.0,0.44639376218323584
M2,23,0.1,seen,0.0014432492898777127,60865,5533,0.09090610367206112,0.0007886305758646184,0.9583884191403761,0.0718803910293272,443,395,0.0800650641604916,0.07138984276161214,48.0,445.0,0.10786516853932585
M2,23,0.1,unseen,0.0014432492898777127,31963,4585,0.14344711072177205,0.014266495635578637,0.9418851618573312,0.09930231830554079,748,292,0.16314067611777536,0.06368593238822247,456.0,749.0,0.6088117489986649
M2,23,0.1,clean,0.0014432492898777127,20189,2162,0.10708801822774779,0.009064341968398632,0.9627176270590304,0.06300460646886918,333,150,0.1540240518038853,0.06938020351526364,183.0,345.0,0.5304347826086957
M2,41,0.01,all,0.7612650990486145,113017,1482,0.013113071484820868,0.002831432439367529,0.9524789755153973,0.08129750391534017,484,164,0.3265856950067476,0.1106612685560054,320.0,1539.0,0.2079272254710851
M2,41,0.01,seen,0.7612650990486145,60865,543,0.008921383389468495,-0.00044360469892384784,0.957738185686066,0.07311262630411566,74,101,0.13627992633517497,0.1860036832412523,-27.0,445.0,-0.060674157303370786
M2,41,0.01,unseen,0.7612650990486145,31963,748,0.023402058630291274,0.008853987422957794,0.9382939105104995,0.10471482651816162,326,43,0.4358288770053476,0.05748663101604278,283.0,749.0,0.37783711615487314
M2,41,0.01,clean,0.7612650990486145,20189,191,0.009460597354995295,0.0031700430927732925,0.9588571090538023,0.06889890534449453,84,20,0.4397905759162304,0.10471204188481675,64.0,345.0,0.1855072463768116
M2,41,0.02,all,0.5021905303001404,113017,2813,0.024890060787315184,0.004079032357963846,0.9532413700428461,0.08004990399674385,785,324,0.27906150017774617,0.11517952364024174,461.0,1539.0,0.299545159194282
M2,41,0.02,seen,0.5021905303001404,60865,1151,0.018910704017086995,-8.214901831923109e-05,0.9579271421241662,0.07275117062351105,183,188,0.158992180712424,0.1633362293657689,-5.0,445.0,-0.011235955056179775
M2,41,0.02,unseen,0.5021905303001404,31963,1260,0.03942058004567781,0.011763601664424491,0.9401332008683814,0.10180521227669492,464,88,0.3682539682539683,0.06984126984126984,376.0,749.0,0.5020026702269693
M2,41,0.02,clean,0.5021905303001404,20189,402,0.019911833176482242,0.004457873099212442,0.9597143110114217,0.06761107533805538,138,48,0.34328358208955223,0.11940298507462686,90.0,345.0,0.2608695652173913
M2,41,0.05,all,0.07307339459657669,113017,6604,0.05843368696744738,0.005583230841377846,0.9541867726369572,0.07854570551332986,1312,681,0.19866747425802544,0.10311932162325863,631.0,1539.0,0.41000649772579595
M2,41,0.05,seen,0.07307339459657669,60865,2878,0.04728497494454941,0.0005586133245707714,0.9582695507487521,0.07211040828062104,379,345,0.13168867268936763,0.11987491313412092,34.0,445.0,0.07640449438202247
M2,41,0.05,unseen,0.07307339459657669,31963,2661,0.08325251071551482,0.01414135093702093,0.9417415215398717,0.09942746300409849,674,222,0.2532882375046975,0.0834272829763247,452.0,749.0,0.6034712950600801
M2,41,0.05,clean,0.07307339459657669,20189,1065,0.05275149834068057,0.00718212888206449,0.9615158636897767,0.06488681955520333,259,114,0.2431924882629108,0.10704225352112676,145.0,345.0,0.42028985507246375
M2,41,0.1,all,0.0009916565613821149,113017,12360,0.1093640779705708,0.006043338612775069,0.954480510437245,0.07808559774193263,1526,843,0.12346278317152104,0.06820388349514563,683.0,1539.0,0.4437946718648473
M2,41,0.1,seen,0.0009916565613821149,60865,5546,0.09111969111969112,0.0007722007722007722,0.9583777202861056,0.07189682083299105,444,397,0.08005769924269744,0.071583122971511,47.0,445.0,0.10561797752808989
M2,41,0.1,unseen,0.0009916565613821149,31963,4604,0.14404154803992117,0.01414135093702093,0.9418097923609331,0.09942746300409849,747,295,0.16225021720243266,0.06407471763683753,452.0,749.0,0.6034712950600801
M2,41,0.1,clean,0.0009916565613821149,20189,2210,0.10946555054732775,0.009113873891723216,0.9627523957448055,0.06295507454554461,335,151,0.1515837104072398,0.06832579185520361,184.0,345.0,0.5333333333333333
M2,59,0.01,all,0.776743471622467,113017,1433,0.012679508392542714,0.0024067175734623996,0.952240596527153,0.0817222187812453,458,186,0.319609211444522,0.1297976273551989,272.0,1539.0,0.17673814165042234
M2,59,0.01,seen,0.776743471622467,60865,492,0.008083463402612338,-0.0006243325392261563,0.9576389482380423,0.07329335414441797,65,103,0.13211382113821138,0.20934959349593496,-38.0,445.0,-0.0853932584269663
M2,59,0.01,unseen,0.776743471622467,31963,750,0.023464630979570127,0.008259550104808685,0.9379516295531632,0.10530926383631073,313,49,0.41733333333333333,0.06533333333333333,264.0,749.0,0.35246995994659547
M2,59,0.01,clean,0.776743471622467,20189,191,0.009460597354995295,0.002278468472930804,0.9583493452363356,0.06979047996433702,80,34,0.418848167539267,0.17801047120418848,46.0,345.0,0.13333333333333333
M2,59,0.02,all,0.5336136817932129,113017,2668,0.02360706796322677,0.0033446295690028934,0.9528204386200624,0.08078430678570481,713,335,0.2672413793103448,0.12556221889055472,378.0,1539.0,0.24561403508771928
M2,59,0.02,seen,0.5336136817932129,60865,1021,0.016774829540786986,-0.0004928941099153865,0.9576988477139519,0.0731619157151072,150,180,0.14691478942213515,0.1762977473065622,-30.0,445.0,-0.06741573033707865
M2,59,0.02,unseen,0.5336136817932129,31963,1285,0.040202734411663485,0.010699871726683978,0.9395121233305125,0.10286894221443545,440,98,0.3424124513618677,0.07626459143968872,342.0,749.0,0.45660881174899864
M2,59,0.02,clean,0.5336136817932129,20189,362,0.017930556243498937,0.0032691069394224577,0.9590132491368881,0.06879984149784536,123,57,0.3397790055248619,0.1574585635359116,66.0,345.0,0.19130434782608696
M2,59,0.05,all,0.08034821599721909,113017,6346,0.056150844563207306,0.0054416592194094695,0.9540956697242023,0.07868727713529823,1264,649,0.199180586196029,0.10226914591868894,615.0,1539.0,0.3996101364522417
M2,59,0.05,seen,0.08034821599721909,60865,2765,0.04542840713053479,0.000525753717243079,0.9582513287125513,0.07214326788794874,368,336,0.13309222423146475,0.12151898734177215,32.0,445.0,0.07191011235955057
M2,59,0.05,unseen,0.08034821599721909,31963,2634,0.08240778400025028,0.014329067984857492,0.9418536442293591,0.09923974595626192,669,211,0.2539863325740319,0.08010630220197418,458.0,749.0,0.6114819759679573
M2,59,0.05,clean,0.08034821599721909,20189,947,0.04690673138837981,0.006191490415572837,0.9608823529411765,0.06587745802169498,227,102,0.23970432946145723,0.10770855332629356,125.0,345.0,0.36231884057971014
M2,59,0.1,all,0.001355805085040629,113017,12072,0.10681578877514002,0.00589291876443367,0.9543888246946187,0.07823601759027403,1496,830,0.12392312789927104,0.06875414181577204,666.0,1539.0,0.4327485380116959
M2,59,0.1,seen,0.001355805085040629,60865,5440,0.08937813193132342,0.0007064815575453874,0.9583428440995206,0.07196254004764643,437,394,0.08033088235294118,0.0724264705882353,43.0,445.0,0.09662921348314607
M2,59,0.1,unseen,0.001355805085040629,31963,4534,0.14185151581516128,0.014078778587742077,0.9417731717142125,0.09949003535337735,743,293,0.16387295985884429,0.06462284958094398,450.0,749.0,0.6008010680907877
M2,59,0.1,clean,0.001355805085040629,20189,2098,0.10391797513497449,0.008569022735152806,0.9624024869493812,0.06349992570211502,316,143,0.15061963775023832,0.06816015252621545,173.0,345.0,0.5014492753623189
M2,71,0.01,all,0.7559404373168945,113017,1463,0.01294495518373342,0.002450958705327517,0.9522444735303703,0.08167797764938019,462,185,0.3157894736842105,0.1264524948735475,277.0,1539.0,0.17998700454840805
M2,71,0.01,seen,0.7559404373168945,60865,569,0.009348558284728498,-0.000755770968536926,0.9575500821641955,0.07342479257372875,79,125,0.13884007029876977,0.21968365553602812,-46.0,445.0,-0.10337078651685393
M2,71,0.01,unseen,0.7559404373168945,31963,716,0.022400901041829617,0.008353408628726966,0.9379646197266237,0.10521540531239246,305,38,0.4259776536312849,0.05307262569832402,267.0,749.0,0.35647530040053405
M2,71,0.01,clean,0.7559404373168945,20189,178,0.008816682351775719,0.002773787706176631,0.9586204856694963,0.06929516073109118,78,22,0.43820224719101125,0.12359550561797752,56.0,345.0,0.16231884057971013
M2,71,0.02,all,0.49090442061424255,113017,2834,0.025075873541148676,0.004149818168948034,0.9532696751779722,0.07997911818575966,798,329,0.28158080451658435,0.11609033168666197,469.0,1539.0,0.3047433398310591
M2,71,0.02,seen,0.49090442061424255,60865,1222,0.020077220077220077,-0.0002793066622853857,0.9578018970138189,0.0729483282674772,199,216,0.16284779050736498,0.176759410801964,-17.0,445.0,-0.038202247191011236
M2,71,0.02,unseen,0.49090442061424255,31963,1249,0.03907643212464412,0.012295466633294746,0.9404361026773392,0.10127334730782467,468,75,0.37469975980784626,0.0600480384307446,393.0,749.0,0.5246995994659546
M2,71,0.02,clean,0.49090442061424255,20189,363,0.01798008816682352,0.004606468869186191,0.9597826728872616,0.06746247956808163,131,38,0.3608815426997245,0.1046831955922865,93.0,345.0,0.26956521739130435
M2,71,0.05,all,0.07584412395954132,113017,6315,0.055876549545643577,0.005848677632568551,0.9543326433589536,0.07828025872213915,1295,634,0.20506730007917656,0.10039588281868567,661.0,1539.0,0.4294996751137102
M2,71,0.05,seen,0.07584412395954132,60865,2849,0.04680851063829787,0.00044360469892384784,0.9582025976001673,0.07222541690626796,371,344,0.13022113022113022,0.12074412074412075,27.0,445.0,0.060674157303370786
M2,71,0.05,unseen,0.07584412395954132,31963,2556,0.079967462378375,0.015111222350843162,0.9422981719503475,0.09845759159027626,679,196,0.2656494522691706,0.07668231611893583,483.0,749.0,0.6448598130841121
M2,71,0.05,clean,0.07584412395954132,20189,910,0.04507405022537025,0.007479320422011986,0.9616628447110014,0.06458962801525583,245,94,0.2692307692307692,0.10329670329670329,151.0,345.0,0.43768115942028984
M2,71,0.1,all,0.0011815266916528344,113017,12286,0.10870930921896706,0.0060610350655211165,0.9544880094500698,0.07806790128918659,1518,833,0.123555266156601,0.06780074881979489,685.0,1539.0,0.44509421702404156
M2,71,0.1,seen,0.0011815266916528344,60865,5557,0.09130041895999343,0.0007722007722007722,0.9583785120508285,0.07189682083299105,442,395,0.07953931977685802,0.07108151880511067,47.0,445.0,0.10561797752808989
M2,71,0.1,unseen,0.0011815266916528344,31963,4561,0.14269624253042582,0.014172637111660358,0.9418227764654178,0.09939617682945906,745,292,0.16334137250602937,0.06402104801578601,453.0,749.0,0.6048064085447263
M2,71,0.1,clean,0.0011815266916528344,20189,2168,0.10738520976769528,0.009163405815047798,0.9627718825115789,0.06290554262222002,331,146,0.15267527675276754,0.06734317343173432,185.0,345.0,0.5362318840579711
