replicate_seed,method,prediction_sha256,checkpoint_sha256,hidden_sha256,threshold,frames,selected,activation_rate,utility,f1,frame_error,correction,harm,correction_rate,harm_rate,selected_net_value,oracle_positive_value,value_captured
73,M0,606cacb5cff22843b3f676253b079b0f3eb1be1239bccdab19639bed9a634e30,6015f0422b3f1c3746a615060f03bc7db5546594c8563dec616961206886c059,83179c6c306f888310f9838909ee901531f64ce149a952e8480309abf8321bb6,-0.14154541492462158,113017,6177,0.05465549430616633,0.0026544679119070583,0.9558494927443174,0.07605050567613722,936,636,0.1515298688683827,0.10296260320543954,300.0,1022.0,0.29354207436399216
73,M1,606cacb5cff22843b3f676253b079b0f3eb1be1239bccdab19639bed9a634e30,6015f0422b3f1c3746a615060f03bc7db5546594c8563dec616961206886c059,83179c6c306f888310f9838909ee901531f64ce149a952e8480309abf8321bb6,0.06361246854066849,113017,6213,0.05497403045559517,0.0022739941778670467,0.9556265603649328,0.07643097941017724,558,301,0.08981168517624336,0.04844680508610977,257.0,1022.0,0.25146771037182
73,M2,606cacb5cff22843b3f676253b079b0f3eb1be1239bccdab19639bed9a634e30,6015f0422b3f1c3746a615060f03bc7db5546594c8563dec616961206886c059,83179c6c306f888310f9838909ee901531f64ce149a952e8480309abf8321bb6,0.028915399685502052,113017,6269,0.05546953113248449,0.0025128962899386817,0.9557695764953643,0.07619207729810559,856,572,0.13654490349338014,0.09124262242781943,284.0,1022.0,0.27788649706457924
79,M0,78f6af22016108713b6fc3b244403743ede92f65872d2540384ad0bf0fffcdc0,3f7758abf0bec9e11324113803c7d90768928fefef6521e58924e0bb092427a1,c94820e153eaa636976208e3e67aafb012ec9d005016d55f7a2299a367dd9c81,-0.14317327737808228,113017,6145,0.054372351062229575,0.004052487678844776,0.955573538751511,0.07674951555960607,1141,683,0.1856794141578519,0.11114727420667209,458.0,1301.0,0.3520368946963874
79,M1,78f6af22016108713b6fc3b244403743ede92f65872d2540384ad0bf0fffcdc0,3f7758abf0bec9e11324113803c7d90768928fefef6521e58924e0bb092427a1,c94820e153eaa636976208e3e67aafb012ec9d005016d55f7a2299a367dd9c81,0.06328237801790237,113017,6275,0.05552262049072264,0.004025942999725705,0.9555055304005374,0.07677606023872514,819,364,0.1305179282868526,0.05800796812749004,455.0,1301.0,0.34973097617217525
79,M2,78f6af22016108713b6fc3b244403743ede92f65872d2540384ad0bf0fffcdc0,3f7758abf0bec9e11324113803c7d90768928fefef6521e58924e0bb092427a1,c94820e153eaa636976208e3e67aafb012ec9d005016d55f7a2299a367dd9c81,0.041608478873968124,113017,6444,0.05701797074776361,0.004601077713972234,0.9559028346714731,0.07620092552447862,1145,625,0.1776846679081316,0.09698944754810676,520.0,1301.0,0.3996925441967717
83,M0,f502ce6a5cdde591c622c0bddef32436b62f6dc8b8de8646fbbbb0536cdddc8c,c4b43f17d29fa5579ca9af7d7cd433a03f4228faeca9dbff9f98e7e588a477aa,abd2358249c44a1282d3b5c9a812f6373dc83154ebae5c735f7797f23cd696e4,-0.13260507583618164,113017,6247,0.05527487015227798,0.002450958705327517,0.9538733352850238,0.0794659210561243,952,675,0.15239314871138146,0.10805186489514967,277.0,1020.0,0.27156862745098037
83,M1,f502ce6a5cdde591c622c0bddef32436b62f6dc8b8de8646fbbbb0536cdddc8c,c4b43f17d29fa5579ca9af7d7cd433a03f4228faeca9dbff9f98e7e588a477aa,abd2358249c44a1282d3b5c9a812f6373dc83154ebae5c735f7797f23cd696e4,0.05887124314904213,113017,6808,0.06023872514754418,0.003574683454701505,0.954449108943491,0.07834219630675031,694,290,0.10193889541715628,0.04259694477085781,404.0,1020.0,0.396078431372549
83,M2,f502ce6a5cdde591c622c0bddef32436b62f6dc8b8de8646fbbbb0536cdddc8c,c4b43f17d29fa5579ca9af7d7cd433a03f4228faeca9dbff9f98e7e588a477aa,abd2358249c44a1282d3b5c9a812f6373dc83154ebae5c735f7797f23cd696e4,0.01572873629629612,113017,6154,0.054451985099586785,0.002937611155843811,0.95415322663489,0.078979268605608,934,602,0.151771205719857,0.0978225544361391,332.0,1020.0,0.3254901960784314
89,M0,d397d67d63d1015174fe8c5fbcb1cefef6ffcb51e8dc7e5f2765859c7998d5a4,1d6ed0a243a39681bd1b40a4352899a3a75e3174e66613de78617d6b58d1d7bd,e9b0f0451f07df9d34169cd2461c45418d797827f875f32d843cb3d0aa47e260,-0.14319652318954468,113017,6086,0.05385030570622119,0.0033977189272410345,0.9497267307910859,0.08611093906226497,884,500,0.1452513966480447,0.0821557673348669,384.0,943.0,0.40721102863202546
89,M1,d397d67d63d1015174fe8c5fbcb1cefef6ffcb51e8dc7e5f2765859c7998d5a4,1d6ed0a243a39681bd1b40a4352899a3a75e3174e66613de78617d6b58d1d7bd,e9b0f0451f07df9d34169cd2461c45418d797827f875f32d843cb3d0aa47e260,0.05262124538421631,113017,7149,0.0632559703407452,0.00318536149428847,0.9495558474059214,0.08632329649521753,641,281,0.08966288991467337,0.03930619667086306,360.0,943.0,0.38176033934252385
89,M2,d397d67d63d1015174fe8c5fbcb1cefef6ffcb51e8dc7e5f2765859c7998d5a4,1d6ed0a243a39681bd1b40a4352899a3a75e3174e66613de78617d6b58d1d7bd,e9b0f0451f07df9d34169cd2461c45418d797827f875f32d843cb3d0aa47e260,0.030147021636366844,113017,6750,0.05972552801790881,0.003618924586566623,0.9498592422324956,0.08588973340293939,878,469,0.13007407407407406,0.06948148148148148,409.0,943.0,0.4337221633085896
97,M0,8cccb57a671fe8ba352e2c4d18446035e2d53bb0c832fc78f1c352dcb4c0af77,8fd17f70c796b4361f04be3e48a94916c3a8613408098d50bb979af8ea76180c,c12edfdbd9248f496330d92532685e31808c41e7a2bb0eeeed18a98b0d0a14c7,-0.1388722062110901,113017,5797,0.051293168284417386,0.003203057947034517,0.9563335205809141,0.07497102205862835,940,578,0.1621528376746593,0.09970674486803519,362.0,1049.0,0.34509056244041947
97,M1,8cccb57a671fe8ba352e2c4d18446035e2d53bb0c832fc78f1c352dcb4c0af77,8fd17f70c796b4361f04be3e48a94916c3a8613408098d50bb979af8ea76180c,c12edfdbd9248f496330d92532685e31808c41e7a2bb0eeeed18a98b0d0a14c7,0.04499328136444092,113017,6616,0.05853986568392366,0.0024421104789544936,0.9558980383670063,0.07573196952670837,564,288,0.08524788391777509,0.04353083434099154,276.0,1049.0,0.2631077216396568
97,M2,8cccb57a671fe8ba352e2c4d18446035e2d53bb0c832fc78f1c352dcb4c0af77,8fd17f70c796b4361f04be3e48a94916c3a8613408098d50bb979af8ea76180c,c12edfdbd9248f496330d92532685e31808c41e7a2bb0eeeed18a98b0d0a14c7,0.032449811697006226,113017,6120,0.054151145402903986,0.003672013944804764,0.9566292366333574,0.0745020660608581,912,497,0.14901960784313725,0.08120915032679739,415.0,1049.0,0.3956148713060057
