method,seed,budget,threshold,selected,R,I,H,SS,P_R_selected,P_I_selected,P_H_selected,P_SS_selected,net_opportunity,auroc_R_vs_rest,auprc_R_vs_rest,auroc_R_vs_H,auprc_R_vs_H,auroc_R_vs_I,auprc_R_vs_I
M0,17,0.01,-0.02954268455505371,1269,389,251,199,430,0.3065405831363278,0.19779353821907014,0.15681639085894405,0.338849487785658,0.14972419227738376,0.9748071750122033,0.2585703773499277,0.5231292439459054,0.6569801430174816,0.8935197721580481,0.5405649619725182
M0,17,0.02,-0.05833154916763306,2478,682,517,366,913,0.27522195318805487,0.20863599677159,0.14769975786924938,0.36844229217110575,0.1275221953188055,0.9748071750122033,0.2585703773499277,0.5231292439459054,0.6569801430174816,0.8935197721580481,0.5405649619725182
M0,17,0.05,-0.13653820753097534,5998,1243,1460,663,2632,0.20723574524841615,0.24341447149049683,0.11053684561520506,0.438812937645882,0.09669889963321109,0.9748071750122033,0.2585703773499277,0.5231292439459054,0.6569801430174816,0.8935197721580481,0.5405649619725182
M0,17,0.1,-0.24161779880523682,11914,1515,3269,839,6291,0.12716132281349674,0.27438307873090484,0.07042135303004868,0.5280342454255498,0.05673996978344806,0.9748071750122033,0.2585703773499277,0.5231292439459054,0.6569801430174816,0.8935197721580481,0.5405649619725182
M0,23,0.01,-0.02954268455505371,1269,389,251,199,430,0.3065405831363278,0.19779353821907014,0.15681639085894405,0.338849487785658,0.14972419227738376,0.9748071750122033,0.2585703773499277,0.5231292439459054,0.6569801430174816,0.8935197721580481,0.5405649619725182
M0,23,0.02,-0.05833154916763306,2478,682,517,366,913,0.27522195318805487,0.20863599677159,0.14769975786924938,0.36844229217110575,0.1275221953188055,0.9748071750122033,0.2585703773499277,0.5231292439459054,0.6569801430174816,0.8935197721580481,0.5405649619725182
M0,23,0.05,-0.13653820753097534,5998,1243,1460,663,2632,0.20723574524841615,0.24341447149049683,0.11053684561520506,0.438812937645882,0.09669889963321109,0.9748071750122033,0.2585703773499277,0.5231292439459054,0.6569801430174816,0.8935197721580481,0.5405649619725182
M0,23,0.1,-0.24161779880523682,11914,1515,3269,839,6291,0.12716132281349674,0.27438307873090484,0.07042135303004868,0.5280342454255498,0.05673996978344806,0.9748071750122033,0.2585703773499277,0.5231292439459054,0.6569801430174816,0.8935197721580481,0.5405649619725182
M0,41,0.01,-0.02954268455505371,1269,389,251,199,430,0.3065405831363278,0.19779353821907014,0.15681639085894405,0.338849487785658,0.14972419227738376,0.9748071750122033,0.2585703773499277,0.5231292439459054,0.6569801430174816,0.8935197721580481,0.5405649619725182
M0,41,0.02,-0.05833154916763306,2478,682,517,366,913,0.27522195318805487,0.20863599677159,0.14769975786924938,0.36844229217110575,0.1275221953188055,0.9748071750122033,0.2585703773499277,0.5231292439459054,0.6569801430174816,0.8935197721580481,0.5405649619725182
M0,41,0.05,-0.13653820753097534,5998,1243,1460,663,2632,0.20723574524841615,0.24341447149049683,0.11053684561520506,0.438812937645882,0.09669889963321109,0.9748071750122033,0.2585703773499277,0.5231292439459054,0.6569801430174816,0.8935197721580481,0.5405649619725182
M0,41,0.1,-0.24161779880523682,11914,1515,3269,839,6291,0.12716132281349674,0.27438307873090484,0.07042135303004868,0.5280342454255498,0.05673996978344806,0.9748071750122033,0.2585703773499277,0.5231292439459054,0.6569801430174816,0.8935197721580481,0.5405649619725182
M0,59,0.01,-0.02954268455505371,1269,389,251,199,430,0.3065405831363278,0.19779353821907014,0.15681639085894405,0.338849487785658,0.14972419227738376,0.9748071750122033,0.2585703773499277,0.5231292439459054,0.6569801430174816,0.8935197721580481,0.5405649619725182
M0,59,0.02,-0.05833154916763306,2478,682,517,366,913,0.27522195318805487,0.20863599677159,0.14769975786924938,0.36844229217110575,0.1275221953188055,0.9748071750122033,0.2585703773499277,0.5231292439459054,0.6569801430174816,0.8935197721580481,0.5405649619725182
M0,59,0.05,-0.13653820753097534,5998,1243,1460,663,2632,0.20723574524841615,0.24341447149049683,0.11053684561520506,0.438812937645882,0.09669889963321109,0.9748071750122033,0.2585703773499277,0.5231292439459054,0.6569801430174816,0.8935197721580481,0.5405649619725182
M0,59,0.1,-0.24161779880523682,11914,1515,3269,839,6291,0.12716132281349674,0.27438307873090484,0.07042135303004868,0.5280342454255498,0.05673996978344806,0.9748071750122033,0.2585703773499277,0.5231292439459054,0.6569801430174816,0.8935197721580481,0.5405649619725182
M0,71,0.01,-0.02954268455505371,1269,389,251,199,430,0.3065405831363278,0.19779353821907014,0.15681639085894405,0.338849487785658,0.14972419227738376,0.9748071750122033,0.2585703773499277,0.5231292439459054,0.6569801430174816,0.8935197721580481,0.5405649619725182
M0,71,0.02,-0.05833154916763306,2478,682,517,366,913,0.27522195318805487,0.20863599677159,0.14769975786924938,0.36844229217110575,0.1275221953188055,0.9748071750122033,0.2585703773499277,0.5231292439459054,0.6569801430174816,0.8935197721580481,0.5405649619725182
M0,71,0.05,-0.13653820753097534,5998,1243,1460,663,2632,0.20723574524841615,0.24341447149049683,0.11053684561520506,0.438812937645882,0.09669889963321109,0.9748071750122033,0.2585703773499277,0.5231292439459054,0.6569801430174816,0.8935197721580481,0.5405649619725182
M0,71,0.1,-0.24161779880523682,11914,1515,3269,839,6291,0.12716132281349674,0.27438307873090484,0.07042135303004868,0.5280342454255498,0.05673996978344806,0.9748071750122033,0.2585703773499277,0.5231292439459054,0.6569801430174816,0.8935197721580481,0.5405649619725182
M1,17,0.01,0.7486113905906677,1410,424,360,111,515,0.300709219858156,0.2553191489361702,0.07872340425531915,0.36524822695035464,0.22198581560283687,0.7078957446255155,0.19324537225417454,0.6321398037002839,0.7389515778469333,0.6680952857364523,0.3998650819833467
M1,17,0.02,0.5064983367919922,2730,673,785,207,1065,0.24652014652014653,0.2875457875457875,0.07582417582417582,0.3901098901098901,0.1706959706959707,0.7078957446255155,0.19324537225417454,0.6321398037002839,0.7389515778469333,0.6680952857364523,0.3998650819833467
M1,17,0.05,0.14038679003715515,6386,1003,1917,385,3081,0.15706232383338553,0.30018791105543374,0.06028813028499844,0.48246163482618226,0.0967741935483871,0.7078957446255155,0.19324537225417454,0.6321398037002839,0.7389515778469333,0.6680952857364523,0.3998650819833467
M1,17,0.1,0.03501982241868973,12327,1079,2875,446,7927,0.08753143506124766,0.23322787377301857,0.03618074146183175,0.643059949703902,0.051350693599415916,0.7078957446255155,0.19324537225417454,0.6321398037002839,0.7389515778469333,0.6680952857364523,0.3998650819833467
M1,23,0.01,0.6703486442565918,1312,361,356,88,507,0.27515243902439024,0.27134146341463417,0.06707317073170732,0.3864329268292683,0.20807926829268292,0.5937815759263497,0.14744452974306244,0.630565910118593,0.7499595023708286,0.5850690431269121,0.32871275456920485
M1,23,0.02,0.3987236022949219,2589,583,778,170,1058,0.22518346852066434,0.3005021243723445,0.06566241792197759,0.4086519891850135,0.15952105059868676,0.5937815759263497,0.14744452974306244,0.630565910118593,0.7499595023708286,0.5850690431269121,0.32871275456920485
M1,23,0.05,0.07223936170339584,6264,850,1728,311,3375,0.13569604086845466,0.27586206896551724,0.04964878671775223,0.5387931034482759,0.08604725415070243,0.5937815759263497,0.14744452974306244,0.630565910118593,0.7499595023708286,0.5850690431269121,0.32871275456920485
M1,23,0.1,0.031034845858812332,12270,887,2388,335,8660,0.07229013854930726,0.19462102689486552,0.02730236348818256,0.7057864710676447,0.044987775061124696,0.5937815759263497,0.14744452974306244,0.630565910118593,0.7499595023708286,0.5850690431269121,0.32871275456920485
M1,41,0.01,0.751443088054657,1349,379,350,95,525,0.2809488510007413,0.25945144551519644,0.07042253521126761,0.38917716827279464,0.21052631578947367,0.6951032515196225,0.1697144796967382,0.6293286823296057,0.736902544916444,0.6537482680409329,0.3707676338701162
M1,41,0.02,0.49868080019950867,2695,635,785,203,1072,0.23562152133580705,0.2912801484230056,0.07532467532467532,0.39777365491651206,0.16029684601113173,0.6951032515196225,0.1697144796967382,0.6293286823296057,0.736902544916444,0.6537482680409329,0.3707676338701162
M1,41,0.05,0.12353307753801346,6397,974,1968,385,3070,0.1522588713459434,0.30764420822260435,0.06018446146631233,0.4799124589651399,0.09207440987963107,0.6951032515196225,0.1697144796967382,0.6293286823296057,0.736902544916444,0.6537482680409329,0.3707676338701162
M1,41,0.1,0.027987860143184662,13011,1060,2834,443,8674,0.08146952578587349,0.21781569441242027,0.03404811313503958,0.6666666666666666,0.04742141265083391,0.6951032515196225,0.1697144796967382,0.6293286823296057,0.736902544916444,0.6537482680409329,0.3707676338701162
M1,59,0.01,0.7242796421051025,1450,443,390,97,520,0.30551724137931036,0.2689655172413793,0.06689655172413793,0.3586206896551724,0.2386206896551724,0.7262811646236524,0.1883010516889653,0.6561791092415901,0.7562787124970868,0.681207254459308,0.383582345445731
M1,59,0.02,0.4570501744747162,2839,684,802,188,1165,0.24092990489609017,0.2824938358576964,0.06622050017611836,0.4103557590700951,0.17470940471997182,0.7262811646236524,0.1883010516889653,0.6561791092415901,0.7562787124970868,0.681207254459308,0.383582345445731
M1,59,0.05,0.10127837210893631,6663,1034,1915,388,3326,0.15518535194356897,0.2874080744409425,0.05823202761518835,0.49917454600030015,0.09695332432838062,0.7262811646236524,0.1883010516889653,0.6561791092415901,0.7562787124970868,0.681207254459308,0.383582345445731
M1,59,0.1,0.030543014407157898,12871,1108,2671,435,8657,0.08608499728070856,0.20752078315593195,0.03379690777717349,0.672597311786186,0.05228808950353507,0.7262811646236524,0.1883010516889653,0.6561791092415901,0.7562787124970868,0.681207254459308,0.383582345445731
M1,71,0.01,0.6410894393920898,1565,437,435,113,580,0.2792332268370607,0.2779552715654952,0.07220447284345048,0.3706070287539936,0.2070287539936102,0.6359393417438541,0.16079726422190352,0.619118513198743,0.7378567782090202,0.6114919321467502,0.3493706995310619
M1,71,0.02,0.38834935426712036,2981,656,853,207,1265,0.22006038242200604,0.28614558872861456,0.06943978530694397,0.42435424354243545,0.15062059711506207,0.6359393417438541,0.16079726422190352,0.619118513198743,0.7378567782090202,0.6114919321467502,0.3493706995310619
M1,71,0.05,0.08096187561750412,6713,910,1930,360,3513,0.13555787278415016,0.2875018620586921,0.05362729033219127,0.5233129748249665,0.08193058245195889,0.6359393417438541,0.16079726422190352,0.619118513198743,0.7378567782090202,0.6114919321467502,0.3493706995310619
M1,71,0.1,0.02807088941335678,12371,961,2679,389,8342,0.07768167488481126,0.21655484601083178,0.03144450731549592,0.674318971788861,0.04623716756931534,0.6359393417438541,0.16079726422190352,0.619118513198743,0.7378567782090202,0.6114919321467502,0.3493706995310619
M2,17,0.01,0.7198976874351501,1571,513,339,190,529,0.32654360280076383,0.21578612348822407,0.12094207511139402,0.33672819859961806,0.20560152768936982,0.9747448632218754,0.30085238230446903,0.582261208576998,0.7238702022909733,0.8819806216274547,0.5551768043460211
M2,17,0.02,0.4514625668525696,2888,777,714,343,1054,0.2690443213296399,0.24722991689750692,0.11876731301939059,0.3649584487534626,0.15027700831024932,0.9747448632218754,0.30085238230446903,0.582261208576998,0.7238702022909733,0.8819806216274547,0.5551768043460211
M2,17,0.05,0.05960054695606232,6587,1306,1798,661,2822,0.19826931835433428,0.2729618946409595,0.10034917261272203,0.4284196143919842,0.09792014574161226,0.9747448632218754,0.30085238230446903,0.582261208576998,0.7238702022909733,0.8819806216274547,0.5551768043460211
M2,17,0.1,0.0009449346107430756,12380,1505,3508,842,6525,0.1215670436187399,0.28336025848142166,0.06801292407108239,0.527059773828756,0.053554119547657514,0.9747448632218754,0.30085238230446903,0.582261208576998,0.7238702022909733,0.8819806216274547,0.5551768043460211
M2,23,0.01,0.7663572430610657,1573,527,344,184,518,0.3350286077558805,0.21869040050858232,0.11697393515575334,0.3293070565797839,0.21805467260012718,0.9762507679175527,0.3110977342406212,0.5875152468565827,0.7279140482684825,0.8896919927943654,0.5611276478187583
M2,23,0.02,0.5072711706161499,2884,813,676,348,1047,0.2819001386962552,0.23439667128987518,0.12066574202496533,0.3630374479889043,0.16123439667128986,0.9762507679175527,0.3110977342406212,0.5875152468565827,0.7279140482684825,0.8896919927943654,0.5611276478187583
M2,23,0.05,0.07836853712797165,6532,1310,1765,670,2787,0.2005511328842621,0.2702082057562768,0.10257195345988977,0.42666870789957134,0.09797917942437233,0.9762507679175527,0.3110977342406212,0.5875152468565827,0.7279140482684825,0.8896919927943654,0.5611276478187583
M2,23,0.1,0.0014432492898777127,12280,1524,3485,837,6434,0.12410423452768729,0.28379478827361565,0.06815960912052117,0.5239413680781759,0.05594462540716612,0.9762507679175527,0.3110977342406212,0.5875152468565827,0.7279140482684825,0.8896919927943654,0.5611276478187583
M2,41,0.01,0.7612650990486145,1482,484,359,164,475,0.3265856950067476,0.24224021592442646,0.1106612685560054,0.32051282051282054,0.21592442645074222,0.9762747851040309,0.3011764931390275,0.591180572179854,0.7340229883260434,0.8850339575275896,0.5397616263409827
M2,41,0.02,0.5021905303001404,2813,785,729,324,975,0.27906150017774617,0.2591539281905439,0.11517952364024174,0.3466050479914682,0.16388197653750441,0.9762747851040309,0.3011764931390275,0.591180572179854,0.7340229883260434,0.8850339575275896,0.5397616263409827
M2,41,0.05,0.07307339459657669,6604,1312,1825,681,2786,0.19866747425802544,0.27634766807995154,0.10311932162325863,0.42186553603876437,0.09554815263476682,0.9762747851040309,0.3011764931390275,0.591180572179854,0.7340229883260434,0.8850339575275896,0.5397616263409827
M2,41,0.1,0.0009916565613821149,12360,1526,3545,843,6446,0.12346278317152104,0.28681229773462785,0.06820388349514563,0.5215210355987056,0.055258899676375414,0.9762747851040309,0.3011764931390275,0.591180572179854,0.7340229883260434,0.8850339575275896,0.5397616263409827
M2,59,0.01,0.776743471622467,1433,458,287,186,502,0.319609211444522,0.2002791346824843,0.1297976273551989,0.35031402651779486,0.18981158408932308,0.973516192223337,0.2837065652461001,0.5635055800645212,0.703230516532642,0.8781631159925999,0.5513471453698296
M2,59,0.02,0.5336136817932129,2668,713,630,335,990,0.2672413793103448,0.23613193403298352,0.12556221889055472,0.37106446776611696,0.1416791604197901,0.973516192223337,0.2837065652461001,0.5635055800645212,0.703230516532642,0.8781631159925999,0.5513471453698296
M2,59,0.05,0.08034821599721909,6346,1264,1743,649,2690,0.199180586196029,0.27466120390797355,0.10226914591868894,0.4238890639773085,0.09691144027734006,0.973516192223337,0.2837065652461001,0.5635055800645212,0.703230516532642,0.8781631159925999,0.5513471453698296
M2,59,0.1,0.001355805085040629,12072,1496,3488,830,6258,0.12392312789927104,0.28893306825712395,0.06875414181577204,0.518389662027833,0.055168986083499,0.973516192223337,0.2837065652461001,0.5635055800645212,0.703230516532642,0.8781631159925999,0.5513471453698296
M2,71,0.01,0.7559404373168945,1463,462,323,185,493,0.3157894736842105,0.22077922077922077,0.1264524948735475,0.3369788106630212,0.189336978810663,0.9757459173901345,0.2930902176686424,0.5911087552105301,0.7183504827288447,0.8867857098302708,0.5435607866439062
M2,71,0.02,0.49090442061424255,2834,798,679,329,1028,0.28158080451658435,0.239590684544813,0.11609033168666197,0.36273817925194074,0.16549047282992238,0.9757459173901345,0.2930902176686424,0.5911087552105301,0.7183504827288447,0.8867857098302708,0.5435607866439062
M2,71,0.05,0.07584412395954132,6315,1295,1717,634,2669,0.20506730007917656,0.2718923198733175,0.10039588281868567,0.42264449722882025,0.1046714172604909,0.9757459173901345,0.2930902176686424,0.5911087552105301,0.7183504827288447,0.8867857098302708,0.5435607866439062
M2,71,0.1,0.0011815266916528344,12286,1518,3508,833,6427,0.123555266156601,0.28552824352922024,0.06780074881979489,0.5231157414943839,0.055754517336806114,0.9757459173901345,0.2930902176686424,0.5911087552105301,0.7183504827288447,0.8867857098302708,0.5435607866439062
