actionability_ratio,activation_rate,availability_gross,availability_net,classification,correction_all,domain,frames,gate_utility,harm_all,harm_auroc,observability_auroc,selected,selected_correction,selected_correction_recall,selected_harm,selected_harm_rate,snr_db,source_ci95_high_gate_utility,source_ci95_high_observability_auroc,source_ci95_low_gate_utility,source_ci95_low_observability_auroc,speaker_ci95_high_gate_utility,speaker_ci95_low_gate_utility
1.3026315789473686,0.09763886287207757,0.020092411713809127,0.002033771307768471,OBSERVABILITY_LIMITED,4505,seen,224214,0.002649254729856298,4049,0.05306581257617486,0.04402999580582345,21892,3804,0.8443951165371809,3210,0.7927883428006915,-5,0.007072900209599769,0.053695782730790884,-0.001564243325909491,0.033356079677343387,0.006699730667022587,-0.0017784348102107637
,0.08271561989884664,0.014798362278894271,-0.001761709795106461,AVAILABILITY_LIMITED,3318,seen,224214,-0.0002007011158982044,3713,0.04461747605588919,0.03636123781847607,18546,2878,0.8673899939722725,2923,0.7872340425531915,0,0.0035177219601705044,0.041637231168876264,-0.0029039216868060485,0.030460802381573462,0.003506670823836335,-0.003190486346728969
,0.07522723826344474,0.011832445788398583,-0.0055081306252062765,AVAILABILITY_LIMITED,2653,seen,224214,-0.0028677959449454537,3888,0.043883466298480486,0.034611498575829194,16867,2255,0.8499811534112326,2898,0.7453703703703703,5,0.00174992906115699,0.039841106580829726,-0.007019644242350057,0.029117606507516602,0.0015107543169262498,-0.007263676010720473
,0.05930494973552053,0.009183191058542286,-0.005971973204171015,AVAILABILITY_LIMITED,2059,seen,224214,-0.0031041772592255612,3398,0.034994883763359776,0.026809855367358387,13297,1775,0.8620689655172413,2471,0.7271924661565626,10,4.658138305938391e-05,0.03151164806661106,-0.005596903376422993,0.02217362199532531,-0.00017940899768266157,-0.005684900203240789
,0.04596947559028428,0.0067435574941796675,-0.003826701276459097,AVAILABILITY_LIMITED,1512,seen,224214,-0.0020649914813526365,2370,0.025967855200944412,0.01956688159074083,10307,1315,0.8697089947089947,1778,0.750210970464135,15,-0.00010571123703564585,0.02334094291435133,-0.003843212135310936,0.016538225204667866,-4.806964124597303e-05,-0.004110234155447627
,0.039627320327901026,0.005699911691509005,-0.0034877393918310187,AVAILABILITY_LIMITED,1278,seen,224214,-0.001824150142274791,2060,0.022426104352871283,0.01604252422907761,8885,1124,0.8794992175273866,1533,0.7441747572815534,20,-0.00028916660782860845,0.02020569516573787,-0.0033562493886280893,0.013172981362394256,-0.0003030930406246696,-0.003596991720079402
0.7876890975482526,0.09426708412498773,0.033708867421302864,0.017099735074527014,OBSERVABILITY_LIMITED,3779,unseen,112107,0.013469274889168385,1862,0.06255506544621663,0.04905689797974999,10568,2860,0.7568139719502514,1350,0.7250268528464017,-5,0.020298035640979255,0.05842692848766259,0.006851882092212745,0.03998643353566375,0.02110913666642211,0.0072418659566971695
0.9221279876638396,0.0921084321228826,0.02900800128448714,0.011569304325332048,OBSERVABILITY_LIMITED,3252,unseen,112107,0.010668379316188997,1955,0.06843927498277665,0.047840400720391384,10326,2506,0.7706027060270603,1310,0.670076726342711,0,0.01728700243996012,0.056761897358279,0.004681553643991812,0.03849815141361636,0.01783526098941957,0.004679586338050081
1.126865671641791,0.0773992703399431,0.020096871738606865,0.004781146583175002,OBSERVABILITY_LIMITED,2253,unseen,112107,0.0053877099556673535,1717,0.05419638098903116,0.04060522576666762,8677,1772,0.7865068797159344,1168,0.6802562609202096,5,0.011337278566322377,0.046489043647585354,-4.0939882410503305e-05,0.03411350826878916,0.011717964838930997,0.00022090917619157355
1.090702947845805,0.05383249930869616,0.013273033798067917,0.003933741871604806,OBSERVABILITY_LIMITED,1488,unseen,112107,0.004290543855423836,1047,0.03969835006624537,0.026923761468576585,6035,1191,0.8004032258064516,710,0.6781279847182426,10,0.006135383306644162,0.03300783366166852,0.0026370529319901495,0.02146994133146323,0.0061677250973652745,0.0026283353132702174
2.3626373626373627,0.04500165020917516,0.009366052075249539,0.0008117245131882933,OBSERVABILITY_LIMITED,1050,unseen,112107,0.0019178106630272863,959,0.030097335109144183,0.020350124796490177,5045,880,0.8380952380952381,665,0.6934306569343066,15,0.0039249185010381,0.024060642773289165,-0.00039494080657386183,0.01721060468611567,0.003997643849784554,-0.00021471592664222422
,0.04337820118279857,0.00707359932921227,-0.0007314440668290115,AVAILABILITY_LIMITED,793,unseen,112107,0.00024976138867332105,875,0.02541969422982081,0.017713051302495664,4863,690,0.8701134930643127,662,0.7565714285714286,20,0.002099567901339139,0.02089093926941048,-0.0015638770522626256,0.01495157047693619,0.0020803526467403585,-0.0017651593231932205
