entropy_bin,variance_bin,entropy_low,entropy_high,variance_low,variance_high,frames,mean_signed_value,correction_rate,harm_rate
0,0,-inf,0.004775082148162956,-inf,1.2903461159785582e-06,8766,0.0,0.0,0.0
1,0,0.004775082148162956,0.00950788990694315,-inf,1.2903461159785582e-06,7293,0.0,0.0,0.0
2,0,0.00950788990694315,0.017145066555018275,-inf,1.2903461159785582e-06,5426,0.0,0.0,0.0
3,0,0.017145066555018275,0.031553984700200675,-inf,1.2903461159785582e-06,3349,0.0,0.0,0.0
4,0,0.031553984700200675,0.06106188323618855,-inf,1.2903461159785582e-06,396,0.0,0.0,0.0
5,0,0.06106188323618855,0.12202990601774417,-inf,1.2903461159785582e-06,53,0.0,0.0,0.0
6,0,0.12202990601774417,0.2365175364139577,-inf,1.2903461159785582e-06,61,0.0,0.0,0.0
7,0,0.2365175364139577,0.39254141893001854,-inf,1.2903461159785582e-06,55,0.0,0.0,0.0
8,0,0.39254141893001854,0.5782814779573126,-inf,1.2903461159785582e-06,50,0.0,0.0,0.0
9,0,0.5782814779573126,inf,-inf,1.2903461159785582e-06,75,0.04,0.12,0.08
0,1,-inf,0.004775082148162956,1.2903461159785582e-06,1.0040886959661323e-05,4151,0.0,0.0,0.0
1,1,0.004775082148162956,0.00950788990694315,1.2903461159785582e-06,1.0040886959661323e-05,4670,0.0,0.0,0.0
2,1,0.00950788990694315,0.017145066555018275,1.2903461159785582e-06,1.0040886959661323e-05,4578,0.0,0.0,0.0
3,1,0.017145066555018275,0.031553984700200675,1.2903461159785582e-06,1.0040886959661323e-05,4804,0.0,0.0,0.0
4,1,0.031553984700200675,0.06106188323618855,1.2903461159785582e-06,1.0040886959661323e-05,5936,0.0,0.0,0.0
5,1,0.06106188323618855,0.12202990601774417,1.2903461159785582e-06,1.0040886959661323e-05,1351,0.0,0.0,0.0
6,1,0.12202990601774417,0.2365175364139577,1.2903461159785582e-06,1.0040886959661323e-05,21,0.0,0.0,0.0
7,1,0.2365175364139577,0.39254141893001854,1.2903461159785582e-06,1.0040886959661323e-05,6,0.0,0.0,0.0
8,1,0.39254141893001854,0.5782814779573126,1.2903461159785582e-06,1.0040886959661323e-05,2,0.0,0.0,0.0
9,1,0.5782814779573126,inf,1.2903461159785582e-06,1.0040886959661323e-05,4,0.0,0.0,0.0
0,2,-inf,0.004775082148162956,1.0040886959661323e-05,4.901949976863221e-05,2531,0.0,0.0,0.0
1,2,0.004775082148162956,0.00950788990694315,1.0040886959661323e-05,4.901949976863221e-05,3088,0.0,0.0,0.0
2,2,0.00950788990694315,0.017145066555018275,1.0040886959661323e-05,4.901949976863221e-05,3715,0.0,0.0,0.0
3,2,0.017145066555018275,0.031553984700200675,1.0040886959661323e-05,4.901949976863221e-05,3792,0.0,0.0,0.0
4,2,0.031553984700200675,0.06106188323618855,1.0040886959661323e-05,4.901949976863221e-05,4229,0.0,0.0,0.0
5,2,0.06106188323618855,0.12202990601774417,1.0040886959661323e-05,4.901949976863221e-05,6780,0.0,0.0,0.0
6,2,0.12202990601774417,0.2365175364139577,1.0040886959661323e-05,4.901949976863221e-05,1311,0.0,0.0,0.0
7,2,0.2365175364139577,0.39254141893001854,1.0040886959661323e-05,4.901949976863221e-05,57,0.0,0.0,0.0
8,2,0.39254141893001854,0.5782814779573126,1.0040886959661323e-05,4.901949976863221e-05,12,0.0,0.0,0.0
9,2,0.5782814779573126,inf,1.0040886959661323e-05,4.901949976863221e-05,8,-0.125,0.125,0.25
0,3,-inf,0.004775082148162956,4.901949976863221e-05,0.00017105660207874523,2365,0.0,0.0,0.0
1,3,0.004775082148162956,0.00950788990694315,4.901949976863221e-05,0.00017105660207874523,2529,0.0,0.0,0.0
2,3,0.00950788990694315,0.017145066555018275,4.901949976863221e-05,0.00017105660207874523,2725,0.0,0.0,0.0
3,3,0.017145066555018275,0.031553984700200675,4.901949976863221e-05,0.00017105660207874523,3008,0.0,0.0,0.0
4,3,0.031553984700200675,0.06106188323618855,4.901949976863221e-05,0.00017105660207874523,3089,0.0,0.0,0.0
5,3,0.06106188323618855,0.12202990601774417,4.901949976863221e-05,0.00017105660207874523,4309,0.0,0.0,0.0
6,3,0.12202990601774417,0.2365175364139577,4.901949976863221e-05,0.00017105660207874523,6869,0.0,0.0,0.0
7,3,0.2365175364139577,0.39254141893001854,4.901949976863221e-05,0.00017105660207874523,583,0.0,0.0,0.0
8,3,0.39254141893001854,0.5782814779573126,4.901949976863221e-05,0.00017105660207874523,36,0.0,0.0,0.0
9,3,0.5782814779573126,inf,4.901949976863221e-05,0.00017105660207874523,10,-0.1,0.1,0.2
0,4,-inf,0.004775082148162956,0.00017105660207874523,0.0005246648932844249,1893,0.0,0.0,0.0
1,4,0.004775082148162956,0.00950788990694315,0.00017105660207874523,0.0005246648932844249,1823,0.0,0.0,0.0
2,4,0.00950788990694315,0.017145066555018275,0.00017105660207874523,0.0005246648932844249,2099,0.0,0.0,0.0
3,4,0.017145066555018275,0.031553984700200675,0.00017105660207874523,0.0005246648932844249,2461,0.0,0.0,0.0
4,4,0.031553984700200675,0.06106188323618855,0.00017105660207874523,0.0005246648932844249,2823,0.0,0.0,0.0
5,4,0.06106188323618855,0.12202990601774417,0.00017105660207874523,0.0005246648932844249,3278,0.0,0.0,0.0
6,4,0.12202990601774417,0.2365175364139577,0.00017105660207874523,0.0005246648932844249,5503,0.0,0.0,0.0
7,4,0.2365175364139577,0.39254141893001854,0.00017105660207874523,0.0005246648932844249,5249,0.0,0.0,0.0
8,4,0.39254141893001854,0.5782814779573126,0.00017105660207874523,0.0005246648932844249,348,0.0,0.0,0.0
9,4,0.5782814779573126,inf,0.00017105660207874523,0.0005246648932844249,46,-0.043478260869565216,0.021739130434782608,0.06521739130434782
0,5,-inf,0.004775082148162956,0.0005246648932844249,0.0016199110653794424,1332,0.0,0.0,0.0
1,5,0.004775082148162956,0.00950788990694315,0.0005246648932844249,0.0016199110653794424,1518,0.0,0.0,0.0
2,5,0.00950788990694315,0.017145066555018275,0.0005246648932844249,0.0016199110653794424,1711,0.0,0.0,0.0
3,5,0.017145066555018275,0.031553984700200675,0.0005246648932844249,0.0016199110653794424,1868,0.0,0.0,0.0
4,5,0.031553984700200675,0.06106188323618855,0.0005246648932844249,0.0016199110653794424,2228,0.0,0.0,0.0
5,5,0.06106188323618855,0.12202990601774417,0.0005246648932844249,0.0016199110653794424,2754,0.0,0.0,0.0
6,5,0.12202990601774417,0.2365175364139577,0.0005246648932844249,0.0016199110653794424,3610,0.0,0.0,0.0
7,5,0.2365175364139577,0.39254141893001854,0.0005246648932844249,0.0016199110653794424,6546,0.0,0.0,0.0
8,5,0.39254141893001854,0.5782814779573126,0.0005246648932844249,0.0016199110653794424,3656,0.0005470459518599562,0.0013676148796498905,0.0008205689277899343
9,5,0.5782814779573126,inf,0.0005246648932844249,0.0016199110653794424,300,-0.07666666666666666,0.08,0.15666666666666668
0,6,-inf,0.004775082148162956,0.0016199110653794424,0.005258933693088879,964,0.0,0.0,0.0
1,6,0.004775082148162956,0.00950788990694315,0.0016199110653794424,0.005258933693088879,1204,0.0,0.0,0.0
2,6,0.00950788990694315,0.017145066555018275,0.0016199110653794424,0.005258933693088879,1445,0.0,0.0,0.0
3,6,0.017145066555018275,0.031553984700200675,0.0016199110653794424,0.005258933693088879,1834,0.0,0.0,0.0
4,6,0.031553984700200675,0.06106188323618855,0.0016199110653794424,0.005258933693088879,1950,0.0,0.0,0.0
5,6,0.06106188323618855,0.12202990601774417,0.0016199110653794424,0.005258933693088879,2216,0.0,0.0,0.0
6,6,0.12202990601774417,0.2365175364139577,0.0016199110653794424,0.005258933693088879,2505,0.0,0.0,0.0
7,6,0.2365175364139577,0.39254141893001854,0.0016199110653794424,0.005258933693088879,3409,0.0,0.0,0.0
8,6,0.39254141893001854,0.5782814779573126,0.0016199110653794424,0.005258933693088879,7418,0.0005392289026691831,0.0033701806416823942,0.0028309517390132113
9,6,0.5782814779573126,inf,0.0016199110653794424,0.005258933693088879,2578,0.0062063615205585725,0.08417377812257563,0.07796741660201707
0,7,-inf,0.004775082148162956,0.005258933693088879,0.016193442016245486,864,0.0,0.0,0.0
1,7,0.004775082148162956,0.00950788990694315,0.005258933693088879,0.016193442016245486,1022,0.0,0.0,0.0
2,7,0.00950788990694315,0.017145066555018275,0.005258933693088879,0.016193442016245486,1237,0.0,0.0,0.0
3,7,0.017145066555018275,0.031553984700200675,0.005258933693088879,0.016193442016245486,1364,0.0,0.0,0.0
4,7,0.031553984700200675,0.06106188323618855,0.005258933693088879,0.016193442016245486,1626,0.0,0.0,0.0
5,7,0.06106188323618855,0.12202990601774417,0.005258933693088879,0.016193442016245486,1708,0.0,0.0,0.0
6,7,0.12202990601774417,0.2365175364139577,0.005258933693088879,0.016193442016245486,1949,0.0,0.0,0.0
7,7,0.2365175364139577,0.39254141893001854,0.005258933693088879,0.016193442016245486,2609,0.0,0.0,0.0
8,7,0.39254141893001854,0.5782814779573126,0.005258933693088879,0.016193442016245486,4027,-0.00024832381425378696,0.0029798857710454435,0.00322820958529923
9,7,0.5782814779573126,inf,0.005258933693088879,0.016193442016245486,9117,0.05199078644290885,0.12646703959635844,0.0744762531534496
0,8,-inf,0.004775082148162956,0.016193442016245486,0.04969766567118352,821,0.0,0.0,0.0
1,8,0.004775082148162956,0.00950788990694315,0.016193442016245486,0.04969766567118352,915,0.0,0.0,0.0
2,8,0.00950788990694315,0.017145066555018275,0.016193442016245486,0.04969766567118352,1095,0.0,0.0,0.0
3,8,0.017145066555018275,0.031553984700200675,0.016193442016245486,0.04969766567118352,1124,0.0,0.0,0.0
4,8,0.031553984700200675,0.06106188323618855,0.016193442016245486,0.04969766567118352,1372,0.0,0.0,0.0
5,8,0.06106188323618855,0.12202990601774417,0.016193442016245486,0.04969766567118352,1500,0.0,0.0,0.0
6,8,0.12202990601774417,0.2365175364139577,0.016193442016245486,0.04969766567118352,1770,0.0,0.0,0.0
7,8,0.2365175364139577,0.39254141893001854,0.016193442016245486,0.04969766567118352,2435,0.0,0.0,0.0
8,8,0.39254141893001854,0.5782814779573126,0.016193442016245486,0.04969766567118352,4031,0.002232696601339618,0.002976928801786157,0.0007442322004465393
9,8,0.5782814779573126,inf,0.016193442016245486,0.04969766567118352,10460,0.07409177820267686,0.14894837476099426,0.0748565965583174
0,9,-inf,0.004775082148162956,0.04969766567118352,inf,1836,0.0,0.0,0.0
1,9,0.004775082148162956,0.00950788990694315,0.04969766567118352,inf,1458,0.0,0.0,0.0
2,9,0.00950788990694315,0.017145066555018275,0.04969766567118352,inf,1495,0.0,0.0,0.0
3,9,0.017145066555018275,0.031553984700200675,0.04969766567118352,inf,1920,0.0,0.0,0.0
4,9,0.031553984700200675,0.06106188323618855,0.04969766567118352,inf,1874,0.0,0.0,0.0
5,9,0.06106188323618855,0.12202990601774417,0.04969766567118352,inf,1574,0.0,0.0,0.0
6,9,0.12202990601774417,0.2365175364139577,0.04969766567118352,inf,1924,0.0,0.0,0.0
7,9,0.2365175364139577,0.39254141893001854,0.04969766567118352,inf,4574,0.0,0.0,0.0
8,9,0.39254141893001854,0.5782814779573126,0.04969766567118352,inf,5943,0.00016826518593303046,0.0005047955577990914,0.0003365303718660609
9,9,0.5782814779573126,inf,0.04969766567118352,inf,2926,0.012645249487354751,0.06220095693779904,0.04955570745044429
